IDENTITY,,,,,,,FUNCTION,,,,,STRUCTURE / DESIGN,,,,,MATERIAL,,,ELECTRICAL,,,,,,,,INTALLATION,,,,,,,,COMPATIBILITY,,,,MESUREMENTS,,,,,,,,,,,,,,PPC_Term			,,,,,,
SKU_ID,IMG_LINK,IMG,Stock,"Product
Name","Finish
Name","Colour
Family","Socket
Type","Switch
Included","Switch
Type","Mount
Type","Shade
Support","Body
Pattern","Ring
Count","Shade
Rings Qty","Lock
Nut Qty","Cable
Grip
Included","Body
Material
(Primary)","Ring
Material","Insert
Material
(Secondary)","Voltage
Range","Max
Wattage","Terminal
Type",Dimmable,"IP
Rating",Frequency,Class,"Earth
Terminal","Parts
List","Wiring
Type","Install
Type","Req
Electrician","Tools
Required","Assembly
Req","Cap
Easy
DIY","Assembly
Complex","Shade
Hole
Size","Compatible
Shade
Type","Compatible
Shade
Size ","Indoor/
Outdoor","Height
mm","Width
mm","Depth
mm","Diameter
mm","Shade
Diameter
mm","Cable
Length
mm","Adjust
Arm","Weight
g","CE
Cert
ID","UKCA
Cert
ID","RoHS
Cert
ID","WEEE
Reg","Safety
Warnings",Postage Cost,Exact Match Keyword,Phrase Match Keyword,Broad Match Keyword,Negative Keywords,Max Bid,Min Bid,Suggested Search Terms
LHAHE27AM,http://dashboard.digitweblk.com/Productimages/LHAHE27AM.jpg,,-8,,Brass,Satinnickle,E27,NO,NO,Flange Mount,TRUE,Smooth with horizontal rib,1,1,1,YES,Metal,Metal,Ceramic,110-240V,60W,Screw terminal,"Depends on 
bulb & Switch ",IP20,50Hz,2,NO,"Mounting Plate, 
Threaded Holder 
Body, Metal Cap,
 E27 Ceramic Socket",Hardwired,Fixture Wiring,No,"Screwdriver, 
Wire Stripper",Low,Yes,No,~40mm,Metal / Glass,"Any lamp shade with
40mmm top opening
can be fited",Indoor,56,59,59,38,,,,,,,,,,2.7,E27 Brass Flange Mount Lamp Holder,E27 lamp holder flange,lamp holder,"ceiling rose, lampshade, light shade, bulb, led strip, downlight, spotlight, pendant cable, flex cable, lamp shade ring",£0.21,£0.12,E27 lamp holder | brass lamp holder | E27 brass pendant lamp holder | E27 flange lamp holder | flange mount lamp holder
LHAHE27BM,http://dashboard.digitweblk.com/Productimages/AMHRBK.jpg,,85,,Matte Black,Black,E27,NO,NO,Flange Mount,TRUE,Smooth with horizontal rib,1,1,1,YES,Metal,Metal,Ceramic,110-240V,60W,Screw terminal,"Depends on 
bulb & Switch ",IP20,50Hz,2,NO,"Mounting Plate, 
Threaded Holder 
Body, Metal Cap,
 E27 Ceramic Socket",Hardwired,Fixture Wiring,No,"Screwdriver, 
Wire Stripper",Low,Yes,No,~40mm,Metal / Glass,"Any lamp shade with
40mmm top opening
can be fited",Indoor,56,59,59,38,,,,,,,,,,2.7,E27 Matte Black Flange Mount Lamp Holder,E27 lamp holder flange,lamp holder,"ceiling rose, lampshade, light shade, bulb, led strip, downlight, spotlight, pendant cable, flex cable, lamp shade ring",£0.21,£0.12,E27 lamp holder | E27 flange lamp holder | flange mount lamp holder
LHAHE27CH,http://dashboard.digitweblk.com/Productimages/AMHRCE.jpg,,91,,Polished Chrome,Silver,E27,NO,NO,Flange Mount,TRUE,Smooth with horizontal rib,1,1,1,YES,Metal,Metal,Ceramic,110-240V,60W,Screw terminal,"Depends on 
bulb & Switch ",IP20,50Hz,2,NO,"Mounting Plate, 
Threaded Holder 
Body, Metal Cap,
 E27 Ceramic Socket",Hardwired,Fixture Wiring,No,"Screwdriver, 
Wire Stripper",Low,Yes,No,~40mm,Metal / Glass,"Any lamp shade with
40mmm top opening
can be fited",Indoor,56,59,59,38,,,,,,,,,,2.7,E27 Polished Chrome Flange Mount Lamp Holder,E27 lamp holder flange,lamp holder,"ceiling rose, lampshade, light shade, bulb, led strip, downlight, spotlight, pendant cable, flex cable, lamp shade ring",£0.21,£0.12,E27 lamp holder | polished chrome lamp holder | E27 polished chrome pendant lamp holder | E27 flange lamp holder | flange mount lamp holder
LHAHE27CO,http://dashboard.digitweblk.com/Productimages/AMHRCR.jpg,,154,,Brass / Gold,Copper,E27,NO,NO,Flange Mount,TRUE,Smooth with horizontal rib,1,1,1,YES,Metal,Metal,Ceramic,110-240V,60W,Screw terminal,"Depends on 
bulb & Switch ",IP20,50Hz,2,NO,"Mounting Plate, 
Threaded Holder 
Body, Metal Cap,
 E27 Ceramic Socket",Hardwired,Fixture Wiring,No,"Screwdriver, 
Wire Stripper",Low,Yes,No,~40mm,Metal / Glass,"Any lamp shade with
40mmm top opening
can be fited",Indoor,56,59,59,38,,,,,,,,,,2.7,E27 Brass / Copper Flange Mount Lamp Holder,E27 lamp holder flange,lamp holder,"ceiling rose, lampshade, light shade, bulb, led strip, downlight, spotlight, pendant cable, flex cable, lamp shade ring",£0.21,£0.12,E27 lamp holder | brass / copper lamp holder | E27 brass / copper pendant lamp holder | E27 flange lamp holder | flange mount lamp holder
LHAHE27GB,http://dashboard.digitweblk.com/Productimages/AMHRGBS.jpg,,70,,Brass ,Green Brass,E27,NO,NO,Flange Mount,TRUE,Smooth with horizontal rib,1,1,1,YES,Metal,Metal,Ceramic,110-240V,60W,Screw terminal,"Depends on 
bulb & Switch ",IP20,50Hz,2,NO,"Mounting Plate, 
Threaded Holder 
Body, Metal Cap,
 E27 Ceramic Socket",Hardwired,Fixture Wiring,No,"Screwdriver, 
Wire Stripper",Low,Yes,No,~40mm,Metal / Glass,"Any lamp shade with
40mmm top opening
can be fited",Indoor,56,59,59,38,,,,,,,,,,2.7,E27 Brass Flange Mount Lamp Holder,E27 lamp holder flange,lamp holder,"ceiling rose, lampshade, light shade, bulb, led strip, downlight, spotlight, pendant cable, flex cable, lamp shade ring",£0.21,£0.12,E27 lamp holder | brass lamp holder | E27 brass pendant lamp holder | E27 flange lamp holder | flange mount lamp holder
LHAHE27GD,http://dashboard.digitweblk.com/Productimages/AMHRGD.jpg,,-7,,Gold,Gold,E27,NO,NO,Flange Mount,TRUE,Smooth with horizontal rib,1,1,1,YES,Metal,Metal,Ceramic,110-240V,60W,Screw terminal,"Depends on 
bulb & Switch ",IP20,50Hz,2,NO,"Mounting Plate, 
Threaded Holder 
Body, Metal Cap,
 E27 Ceramic Socket",Hardwired,Fixture Wiring,No,"Screwdriver, 
Wire Stripper",Low,Yes,No,~40mm,Metal / Glass,"Any lamp shade with
40mmm top opening
can be fited",Indoor,56,59,59,38,,,,,,,,,,2.7,E27 Gold Flange Mount Lamp Holder,E27 lamp holder flange,lamp holder,"ceiling rose, lampshade, light shade, bulb, led strip, downlight, spotlight, pendant cable, flex cable, lamp shade ring",£0.21,£0.12,E27 lamp holder | gold lamp holder | E27 gold pendant lamp holder | E27 flange lamp holder | flange mount lamp holder
LHAHE27RO,http://dashboard.digitweblk.com/Productimages/AMHRRGD.jpg,,154,,Rose gold,Rose gold,E27,NO,NO,Flange Mount,TRUE,Smooth with horizontal rib,1,1,1,YES,Metal,Metal,Ceramic,110-240V,60W,Screw terminal,"Depends on 
bulb & Switch ",IP20,50Hz,2,NO,"Mounting Plate, 
Threaded Holder 
Body, Metal Cap,
 E27 Ceramic Socket",Hardwired,Fixture Wiring,No,"Screwdriver, 
Wire Stripper",Low,Yes,No,~40mm,Metal / Glass,"Any lamp shade with
40mmm top opening
can be fited",Indoor,56,59,59,38,,,,,,,,,,2.7,E27 Rose Gold Flange Mount Lamp Holder,E27 lamp holder flange,lamp holder,"ceiling rose, lampshade, light shade, bulb, led strip, downlight, spotlight, pendant cable, flex cable, lamp shade ring",£0.21,£0.12,E27 lamp holder | rose gold lamp holder | E27 rose gold pendant lamp holder | E27 flange lamp holder | flange mount lamp holder
LHBBE27BA,http://dashboard.digitweblk.com/Productimages/LHBBE27BM.jpg,,52,,Mate Balack,Black,E27,NO,NO,Pendant,FALSE,Smooth with horizontal,0,0,1,Yes,Metal,-,Ceramic,110-240V,60W,Screw terminal,"Depends on 
bulb & Switch ",IP20,50Hz,2,No,"Decorative Holder Sleeve
M10 Hollow Threaded Nipple
Cord Grip / Cable Strain Relief
Socket Mount Bracket
E27 Socket Body",Hardwired,Fixture Wiring,No,"Screwdriver, 
Wire Stripper",Low,Yes,No,40mm,Metal / Glass,-,Indoor,90,42,42,40,,,,,,,,,,2.7,E27 Matte Black Pendant Lamp Holder,E27 pendant lamp holder,lamp holder,"ceiling rose, lampshade, light shade, bulb, led strip, downlight, spotlight, pendant cable, flex cable, lamp shade ring",£0.21,£0.12,E27 lamp holder
LHBBE27BN,http://dashboard.digitweblk.com/Productimages/LHBBE27BN.jpg,,150,,Mate Black,Black,E27,NO,NO,Pendant,FALSE,Smooth with horizontal,0,0,1,Yes,Metal,-,Ceramic,110-240V,60W,Screw terminal,"Depends on 
bulb & Switch ",IP20,50Hz,2,No,"Decorative Holder Sleeve
M10 Hollow Threaded Nipple
Cord Grip / Cable Strain Relief
Socket Mount Bracket
E27 Socket Body",Hardwired,Fixture Wiring,No,"Screwdriver, 
Wire Stripper",Low,Yes,No,40mm,Metal / Glass,-,Indoor,90,42,42,40,,,,,,,,,,2.7,E27 Matte Black Pendant Lamp Holder,E27 pendant lamp holder,lamp holder,"ceiling rose, lampshade, light shade, bulb, led strip, downlight, spotlight, pendant cable, flex cable, lamp shade ring",£0.21,£0.12,E27 lamp holder
LHBBE27BY,http://dashboard.digitweblk.com/Productimages/LHBBE27BY.jpg,,191,,Shany Black,Black,E27,NO,NO,Pendant,FALSE,Smooth with horizontal,0,0,1,Yes,Metal,Metal,Ceramic,110-240V,60W,Screw terminal,"Depends on 
bulb & Switch ",IP20,50Hz,2,No,"Decorative Holder Sleeve
M10 Hollow Threaded Nipple
Cord Grip / Cable Strain Relief
Socket Mount Bracket
E27 Socket Body",Hardwired,Fixture Wiring,No,"Screwdriver, 
Wire Stripper",Low,Yes,No,40mm,Metal / Glass,-,Indoor,90,42,42,40,,,,,,,,,,2.7,E27 Shiny Black Pendant Lamp Holder,E27 pendant lamp holder,lamp holder,"ceiling rose, lampshade, light shade, bulb, led strip, downlight, spotlight, pendant cable, flex cable, lamp shade ring",£0.21,£0.12,E27 lamp holder
LHBBE27CH,http://dashboard.digitweblk.com/Productimages/LHBBE27CH.jpg,,245,,Polished Chrome,Silver,E27,NO,NO,Pendant,FALSE,Smooth with horizontal,0,0,1,Yes,Metal,Metal,Ceramic,110-240V,60W,Screw terminal,"Depends on 
bulb & Switch ",IP20,50Hz,2,No,"Decorative Holder Sleeve
M10 Hollow Threaded Nipple
Cord Grip / Cable Strain Relief
Socket Mount Bracket
E27 Socket Body",Hardwired,Fixture Wiring,No,"Screwdriver, 
Wire Stripper",Low,Yes,No,40mm,Metal / Glass,-,Indoor,90,42,42,40,,,,,,,,,,2.7,E27 Polished Chrome Pendant Lamp Holder,E27 pendant lamp holder,lamp holder,"ceiling rose, lampshade, light shade, bulb, led strip, downlight, spotlight, pendant cable, flex cable, lamp shade ring",£0.21,£0.12,E27 lamp holder | polished chrome lamp holder | E27 polished chrome pendant lamp holder
LHBBE27CO,http://dashboard.digitweblk.com/Productimages/CPHRE27CR.jpg,,204,,Brass / Gold,Copper,E27,NO,NO,Pendant,FALSE,Smooth with horizontal,0,0,1,Yes,Metal,Metal,Ceramic,110-240V,60W,Screw terminal,"Depends on 
bulb & Switch ",IP20,50Hz,2,No,"Decorative Holder Sleeve
M10 Hollow Threaded Nipple
Cord Grip / Cable Strain Relief
Socket Mount Bracket
E27 Socket Body",Hardwired,Fixture Wiring,No,"Screwdriver, 
Wire Stripper",Low,Yes,No,40mm,Metal / Glass,-,Indoor,90,42,42,40,,,,,,,,,,2.7,E27 Brass / Copper Pendant Lamp Holder,E27 pendant lamp holder,lamp holder,"ceiling rose, lampshade, light shade, bulb, led strip, downlight, spotlight, pendant cable, flex cable, lamp shade ring",£0.21,£0.12,E27 lamp holder | brass / copper lamp holder | E27 brass / copper pendant lamp holder
LHBBE27FG,http://dashboard.digitweblk.com/Productimages/LHBBE27FG.jpg,,73,,French Gold ,Silver,E27,NO,NO,Pendant,FALSE,Smooth with horizontal,0,0,1,Yes,Metal,Metal,Ceramic,110-240V,60W,Screw terminal,"Depends on 
bulb & Switch ",IP20,50Hz,2,No,"Decorative Holder Sleeve
M10 Hollow Threaded Nipple
Cord Grip / Cable Strain Relief
Socket Mount Bracket
E27 Socket Body",Hardwired,Fixture Wiring,No,"Screwdriver, 
Wire Stripper",Low,Yes,No,40mm,Metal / Glass,-,Indoor,90,42,42,40,,,,,,,,,,2.7,E27 French Gold Pendant Lamp Holder,E27 pendant lamp holder,lamp holder,"ceiling rose, lampshade, light shade, bulb, led strip, downlight, spotlight, pendant cable, flex cable, lamp shade ring",£0.21,£0.12,E27 lamp holder | french gold lamp holder | E27 french gold pendant lamp holder
LHBBE27GB,https://dashboard.digitweblk.com/Productimages/5140.jpg,,195,,Brass ,Green Brass,E27,NO,NO,Pendant,FALSE,Smooth with horizontal,0,0,1,Yes,Metal,Metal,Ceramic,110-240V,60W,Screw terminal,"Depends on 
bulb & Switch ",IP20,50Hz,2,No,"Decorative Holder Sleeve
M10 Hollow Threaded Nipple
Cord Grip / Cable Strain Relief
Socket Mount Bracket
E27 Socket Body",Hardwired,Fixture Wiring,No,"Screwdriver, 
Wire Stripper",Low,Yes,No,40mm,Metal / Glass,-,Indoor,90,42,42,40,,,,,,,,,,2.7,E27 Brass Pendant Lamp Holder,E27 pendant lamp holder,lamp holder,"ceiling rose, lampshade, light shade, bulb, led strip, downlight, spotlight, pendant cable, flex cable, lamp shade ring",£0.21,£0.12,E27 lamp holder | brass lamp holder | E27 brass pendant lamp holder
LHBBE27RO,http://dashboard.digitweblk.com/Productimages/CPHRE27RGD.jpg,,321,,Rose gold,Rose gold,E27,NO,NO,Pendant,FALSE,Smooth with horizontal,0,0,1,Yes,Metal,Metal,Ceramic,110-240V,60W,Screw terminal,"Depends on 
bulb & Switch ",IP20,50Hz,2,No,"Decorative Holder Sleeve
M10 Hollow Threaded Nipple
Cord Grip / Cable Strain Relief
Socket Mount Bracket
E27 Socket Body",Hardwired,Fixture Wiring,No,"Screwdriver, 
Wire Stripper",Low,Yes,No,40mm,Metal / Glass,-,Indoor,90,42,42,40,,,,,,,,,,2.7,E27 Rose Gold Pendant Lamp Holder,E27 pendant lamp holder,lamp holder,"ceiling rose, lampshade, light shade, bulb, led strip, downlight, spotlight, pendant cable, flex cable, lamp shade ring",£0.21,£0.12,E27 lamp holder | rose gold lamp holder | E27 rose gold pendant lamp holder
LHBBE27SN,http://dashboard.digitweblk.com/Productimages/CPHRE27SNL.jpg,,205,,Brass ,Satin Nickel,E27,NO,NO,Pendant,FALSE,Smooth with horizontal,0,0,1,Yes,Metal,Metal,Ceramic,110-240V,60W,Screw terminal,"Depends on 
bulb & Switch ",IP20,50Hz,2,No,"Decorative Holder Sleeve
M10 Hollow Threaded Nipple
Cord Grip / Cable Strain Relief
Socket Mount Bracket
E27 Socket Body",Hardwired,Fixture Wiring,No,"Screwdriver, 
Wire Stripper",Low,Yes,No,40mm,Metal / Glass,-,Indoor,90,42,42,40,,,,,,,,,,2.7,E27 Brass Pendant Lamp Holder,E27 pendant lamp holder,lamp holder,"ceiling rose, lampshade, light shade, bulb, led strip, downlight, spotlight, pendant cable, flex cable, lamp shade ring",£0.21,£0.12,E27 lamp holder | brass lamp holder | E27 brass pendant lamp holder
LHBBE27YB,https://dashboard.digitweblk.com/Productimages/520.jpg,,192,,Brass / Gold,Yellow Brass,E27,NO,NO,Pendant,FALSE,Smooth with horizontal,0,0,1,Yes,Metal,Metal,Ceramic,110-240V,60W,Screw terminal,"Depends on 
bulb & Switch ",IP20,50Hz,2,No,"Decorative Holder Sleeve
M10 Hollow Threaded Nipple
Cord Grip / Cable Strain Relief
Socket Mount Bracket
E27 Socket Body",Hardwired,Fixture Wiring,No,"Screwdriver, 
Wire Stripper",Low,Yes,No,40mm,Metal / Glass,-,Indoor,90,42,42,40,,,,,,,,,,2.7,E27 Brass / Copper Pendant Lamp Holder,E27 pendant lamp holder,lamp holder,"ceiling rose, lampshade, light shade, bulb, led strip, downlight, spotlight, pendant cable, flex cable, lamp shade ring",£0.21,£0.12,E27 lamp holder | brass / copper lamp holder | E27 brass / copper pendant lamp holder
LHBGE27BM,https://dashboard.digitweblk.com/Productimages/2235.jpg,,747,,Matte Black,Black,E27,NO,NO,"Pendant / 
Shade Mount",TRUE,Dome top,2,1,0,No,Plastic,Plastic,"Plastic +
 Aluminum",110-240V,60W,Screw terminal,"Depends on 
bulb & Switch ",IP20,50Hz,1,No,"Top cap,
Shade ring,
Shade ring,
Electrical insert",Hardwired,Fixture Wiring,,"Screwdriver, 
Wire Stripper",Low,Yes,No,40mm,"Fabric / glass / 
metal shades/Hemp shade 
Cages","Any lamp shade with
40mmm top opening
can be fited",Indoor ,60,55,55,55,,,,,,,,,,2.7,E27 Matte Black Pendant Lamp Holder,E27 pendant lamp holder,lamp holder,"ceiling rose, lampshade, light shade, bulb, led strip, downlight, spotlight, pendant cable, flex cable, lamp shade ring",£0.21,£0.12,E27 lamp holder
LHBHE27BA,http://dashboard.digitweblk.com/Productimages/BTEHRBK.jpg,,121,,Mate Balack,Black,E27,NO,NO,Pendant ,FALSE,Tapered cylinder,0,0,1,Yes,Metal,-,Plastic,110–240 V,60W,Screw terminal,"Depends on 
bulb & Switch ",IP20,50Hz,2,No,"Holder Shell
Lamp Socket Body
Cord Grip
Threaded Nipple
Decorative Sleeve",Hardwired,Fixture Wiring,No,"Screwdriver, 
Wire Stripper",Low,Yes,No,40mm,-,-,Indoor,95,45,45,45,,,,,,,,,,2.7,E27 Matte Black Pendant Lamp Holder,E27 pendant lamp holder,lamp holder,"ceiling rose, lampshade, light shade, bulb, led strip, downlight, spotlight, pendant cable, flex cable, lamp shade ring",£0.21,£0.12,E27 lamp holder
LHBHE27BY,http://dashboard.digitweblk.com/Productimages/LHBHE27BY.jpg,,103,,Shany Black,Black,E27,NO,NO,Pendant ,FALSE,Tapered cylinder,0,0,1,Yes,Metal,-,Plastic,110–240 V,60W,Screw terminal,"Depends on 
bulb & Switch ",IP20,50Hz,2,No,"Holder Shell
Lamp Socket Body
Cord Grip
Threaded Nipple
Decorative Sleeve",Hardwired,Fixture Wiring,No,"Screwdriver, 
Wire Stripper",Low,Yes,No,40mm,-,-,Indoor,95,45,45,45,,,,,,,,,,2.7,E27 Shiny Black Pendant Lamp Holder,E27 pendant lamp holder,lamp holder,"ceiling rose, lampshade, light shade, bulb, led strip, downlight, spotlight, pendant cable, flex cable, lamp shade ring",£0.21,£0.12,E27 lamp holder
LHBHE27CH,http://dashboard.digitweblk.com/Productimages/BTEHRCE.jpg,,89,,Polished Chrome,Silver,E27,NO,NO,Pendant ,FALSE,Tapered cylinder,0,0,1,Yes,Metal,-,Plastic,110–240 V,60W,Screw terminal,"Depends on 
bulb & Switch ",IP20,50Hz,2,No,"Holder Shell
Lamp Socket Body
Cord Grip
Threaded Nipple
Decorative Sleeve",Hardwired,Fixture Wiring,No,"Screwdriver, 
Wire Stripper",Low,Yes,No,40mm,-,-,Indoor,95,45,45,45,,,,,,,,,,2.7,E27 Polished Chrome Pendant Lamp Holder,E27 pendant lamp holder,lamp holder,"ceiling rose, lampshade, light shade, bulb, led strip, downlight, spotlight, pendant cable, flex cable, lamp shade ring",£0.21,£0.12,E27 lamp holder | polished chrome lamp holder | E27 polished chrome pendant lamp holder
LHBHE27CO,http://dashboard.digitweblk.com/Productimages/BTEHRCR.jpg,,139,,Brass / Gold,Copper,E27,NO,NO,Pendant ,FALSE,Tapered cylinder,0,0,1,Yes,Metal,-,Plastic,110–240 V,60W,Screw terminal,"Depends on 
bulb & Switch ",IP20,50Hz,2,No,"Holder Shell
Lamp Socket Body
Cord Grip
Threaded Nipple
Decorative Sleeve",Hardwired,Fixture Wiring,No,"Screwdriver, 
Wire Stripper",Low,Yes,No,40mm,-,-,Indoor,95,45,45,45,,,,,,,,,,2.7,E27 Brass / Copper Pendant Lamp Holder,E27 pendant lamp holder,lamp holder,"ceiling rose, lampshade, light shade, bulb, led strip, downlight, spotlight, pendant cable, flex cable, lamp shade ring",£0.21,£0.12,E27 lamp holder | brass / copper lamp holder | E27 brass / copper pendant lamp holder
LHBHE27GB,http://dashboard.digitweblk.com/Productimages/BTEHRBS.jpg,,231,,Brass ,Green Brass,E27,NO,NO,Pendant ,FALSE,Tapered cylinder,0,0,1,Yes,Metal,-,Plastic,110–240 V,60W,Screw terminal,"Depends on 
bulb & Switch ",IP20,50Hz,2,No,"Holder Shell
Lamp Socket Body
Cord Grip
Threaded Nipple
Decorative Sleeve",Hardwired,Fixture Wiring,No,"Screwdriver, 
Wire Stripper",Low,Yes,No,40mm,-,-,Indoor,95,45,45,45,,,,,,,,,,2.7,E27 Brass Pendant Lamp Holder,E27 pendant lamp holder,lamp holder,"ceiling rose, lampshade, light shade, bulb, led strip, downlight, spotlight, pendant cable, flex cable, lamp shade ring",£0.21,£0.12,E27 lamp holder | brass lamp holder | E27 brass pendant lamp holder
LHBHE27RO,http://dashboard.digitweblk.com/Productimages/LHBHE27RO.jpg,,224,,Rose gold,Rose gold,E27,NO,NO,Pendant ,FALSE,Tapered cylinder,0,0,1,Yes,Metal,-,Plastic,110–240 V,60W,Screw terminal,"Depends on 
bulb & Switch ",IP20,50Hz,2,No,"Holder Shell
Lamp Socket Body
Cord Grip
Threaded Nipple
Decorative Sleeve",Hardwired,Fixture Wiring,No,"Screwdriver, 
Wire Stripper",Low,Yes,No,40mm,-,-,Indoor,95,45,45,45,,,,,,,,,,2.7,E27 Rose Gold Pendant Lamp Holder,E27 pendant lamp holder,lamp holder,"ceiling rose, lampshade, light shade, bulb, led strip, downlight, spotlight, pendant cable, flex cable, lamp shade ring",£0.21,£0.12,E27 lamp holder | rose gold lamp holder | E27 rose gold pendant lamp holder
LHBHE27SN,https://dashboard.digitweblk.com/Productimages/5483.jpg,,53,,Brass ,Satin Nickel,E27,NO,NO,Pendant ,FALSE,Tapered cylinder,0,0,1,Yes,Metal,-,Plastic,110–240 V,60W,Screw terminal,"Depends on 
bulb & Switch ",IP20,50Hz,2,No,"Holder Shell
Lamp Socket Body
Cord Grip
Threaded Nipple
Decorative Sleeve",Hardwired,Fixture Wiring,No,"Screwdriver, 
Wire Stripper",Low,Yes,No,40mm,-,-,Indoor,95,45,45,45,,,,,,,,,,2.7,E27 Brass Pendant Lamp Holder,E27 pendant lamp holder,lamp holder,"ceiling rose, lampshade, light shade, bulb, led strip, downlight, spotlight, pendant cable, flex cable, lamp shade ring",£0.21,£0.12,E27 lamp holder | brass lamp holder | E27 brass pendant lamp holder
LHBHE27YB,http://dashboard.digitweblk.com/Productimages/LHBHE27YB.jpg,,138,,Brass / Gold,Yellow Brass,E27,NO,NO,Pendant ,FALSE,Tapered cylinder,0,0,1,Yes,Metal,-,Plastic,110–240 V,60W,Screw terminal,"Depends on 
bulb & Switch ",IP20,50Hz,2,No,"Holder Shell
Lamp Socket Body
Cord Grip
Threaded Nipple
Decorative Sleeve",Hardwired,Fixture Wiring,No,"Screwdriver, 
Wire Stripper",Low,Yes,No,40mm,-,-,Indoor,95,45,45,45,,,,,,,,,,2.7,E27 Brass / Copper Pendant Lamp Holder,E27 pendant lamp holder,lamp holder,"ceiling rose, lampshade, light shade, bulb, led strip, downlight, spotlight, pendant cable, flex cable, lamp shade ring",£0.21,£0.12,E27 lamp holder | brass / copper lamp holder | E27 brass / copper pendant lamp holder
LHBLE27BN,http://dashboard.digitweblk.com/Productimages/BLHRE27BK.jpg,,11,,Black,Black,E27,NO,NO,Flange Mount,TRUE,Smooth with decorative grooves,0,0,1,Yes,Metal,-,Ceramic,110–240V,60W,Screw terminal,"Depends on 
bulb & Switch ",IP20,50Hz,2,No,"Decorative Holder Cover
Cord Grip / Cable Strain Relief
M10 Hollow Threaded Nipple
Fixing Lock Nut
Socket Mount Bracket
E27 Ceramic Lamp Holder",Hardwired,Fixture Wiring,No,"Screwdriver, 
Wire Stripper",Low,Yes,No,40mm,"Fabric / glass / 
metal shades/Hemp shade 
Cages",-,Indoor,84,40,40,40,,,,,,,,,,2.7,E27 Black Flange Mount Lamp Holder,E27 lamp holder flange,lamp holder,"ceiling rose, lampshade, light shade, bulb, led strip, downlight, spotlight, pendant cable, flex cable, lamp shade ring",£0.21,£0.12,E27 lamp holder | E27 flange lamp holder | flange mount lamp holder
LHBLE27CH,https://dashboard.digitweblk.com/Productimages/2246.jpg,,192,,Polished Chrome,Silver,E27,NO,NO,Flange Mount,TRUE,Smooth with decorative grooves,0,0,1,Yes,Metal,-,Ceramic,110–240V,60W,Screw terminal,"Depends on 
bulb & Switch ",IP20,50Hz,2,No,"Decorative Holder Cover
Cord Grip / Cable Strain Relief
M10 Hollow Threaded Nipple
Fixing Lock Nut
Socket Mount Bracket
E27 Ceramic Lamp Holder",Hardwired,Fixture Wiring,No,"Screwdriver, 
Wire Stripper",Low,Yes,No,40mm,"Fabric / glass / 
metal shades/Hemp shade 
Cages",-,Indoor,84,40,40,40,,,,,,,,,,2.7,E27 Polished Chrome Flange Mount Lamp Holder,E27 lamp holder flange,lamp holder,"ceiling rose, lampshade, light shade, bulb, led strip, downlight, spotlight, pendant cable, flex cable, lamp shade ring",£0.21,£0.12,E27 lamp holder | polished chrome lamp holder | E27 polished chrome pendant lamp holder | E27 flange lamp holder | flange mount lamp holder
LHBLE27CO,http://dashboard.digitweblk.com/Productimages/BLHRE27CR.jpg,,28,,Brass / Gold,Copper,E27,NO,NO,Flange Mount,TRUE,Smooth with decorative grooves,0,0,1,Yes,Metal,-,Ceramic,110–240V,60W,Screw terminal,"Depends on 
bulb & Switch ",IP20,50Hz,2,No,"Decorative Holder Cover
Cord Grip / Cable Strain Relief
M10 Hollow Threaded Nipple
Fixing Lock Nut
Socket Mount Bracket
E27 Ceramic Lamp Holder",Hardwired,Fixture Wiring,No,"Screwdriver, 
Wire Stripper",Low,Yes,No,40mm,"Fabric / glass / 
metal shades/Hemp shade 
Cages",--,Indoor,84,40,40,40,,,,,,,,,,2.7,E27 Brass / Copper Flange Mount Lamp Holder,E27 lamp holder flange,lamp holder,"ceiling rose, lampshade, light shade, bulb, led strip, downlight, spotlight, pendant cable, flex cable, lamp shade ring",£0.21,£0.12,E27 lamp holder | brass / copper lamp holder | E27 brass / copper pendant lamp holder | E27 flange lamp holder | flange mount lamp holder
LHBLE27GB,http://dashboard.digitweblk.com/Productimages/BLHRE27GBS.jpg,,181,,Brass ,Green Brass,E27,NO,NO,Flange Mount,TRUE,Smooth with decorative grooves,0,0,1,Yes,Metal,-,Ceramic,110–240V,60W,Screw terminal,"Depends on 
bulb & Switch ",IP20,50Hz,2,No,"Decorative Holder Cover
Cord Grip / Cable Strain Relief
M10 Hollow Threaded Nipple
Fixing Lock Nut
Socket Mount Bracket
E27 Ceramic Lamp Holder",Hardwired,Fixture Wiring,No,"Screwdriver, 
Wire Stripper",Low,Yes,No,40mm,"Fabric / glass / 
metal shades/Hemp shade 
Cages",-,Indoor,84,40,40,40,,,,,,,,,,2.7,E27 Brass Flange Mount Lamp Holder,E27 lamp holder flange,lamp holder,"ceiling rose, lampshade, light shade, bulb, led strip, downlight, spotlight, pendant cable, flex cable, lamp shade ring",£0.21,£0.12,E27 lamp holder | brass lamp holder | E27 brass pendant lamp holder | E27 flange lamp holder | flange mount lamp holder
LHBLE27RO,http://dashboard.digitweblk.com/Productimages/BLHRE27RGD.jpg,,63,,Rose gold,Rose gold,E27,NO,NO,Flange Mount,TRUE,Smooth with decorative grooves,0,0,1,Yes,Metal,-,Ceramic,110–240V,60W,Screw terminal,"Depends on 
bulb & Switch ",IP20,50Hz,2,No,"Decorative Holder Cover
Cord Grip / Cable Strain Relief
M10 Hollow Threaded Nipple
Fixing Lock Nut
Socket Mount Bracket
E27 Ceramic Lamp Holder",Hardwired,Fixture Wiring,No,"Screwdriver, 
Wire Stripper",Low,Yes,No,40mm,"Fabric / glass / 
metal shades/Hemp shade 
Cages",-,Indoor,84,40,40,40,,,,,,,,,,2.7,E27 Rose Gold Flange Mount Lamp Holder,E27 lamp holder flange,lamp holder,"ceiling rose, lampshade, light shade, bulb, led strip, downlight, spotlight, pendant cable, flex cable, lamp shade ring",£0.21,£0.12,E27 lamp holder | rose gold lamp holder | E27 rose gold pendant lamp holder | E27 flange lamp holder | flange mount lamp holder
LHBLE27SN,http://dashboard.digitweblk.com/Productimages/BLHRE27SNL.jpg,,200,,Brass ,Satin Nickel,E27,NO,NO,Flange Mount,TRUE,Smooth with decorative grooves,0,0,1,Yes,Metal,-,Ceramic,110–240V,60W,Screw terminal,"Depends on 
bulb & Switch ",IP20,50Hz,2,No,"Decorative Holder Cover
Cord Grip / Cable Strain Relief
M10 Hollow Threaded Nipple
Fixing Lock Nut
Socket Mount Bracket
E27 Ceramic Lamp Holder",Hardwired,Fixture Wiring,No,"Screwdriver, 
Wire Stripper",Low,Yes,No,40mm,"Fabric / glass / 
metal shades/Hemp shade 
Cages",-,Indoor,84,40,40,40,,,,,,,,,,2.7,E27 Brass Flange Mount Lamp Holder,E27 lamp holder flange,lamp holder,"ceiling rose, lampshade, light shade, bulb, led strip, downlight, spotlight, pendant cable, flex cable, lamp shade ring",£0.21,£0.12,E27 lamp holder | brass lamp holder | E27 brass pendant lamp holder | E27 flange lamp holder | flange mount lamp holder
LHBLE27YB,https://dashboard.digitweblk.com/Productimages/5143.jpg,,162,,Brass / Gold,Yellow Brass,E27,NO,NO,Flange Mount,TRUE,Smooth with decorative grooves,0,0,1,Yes,Metal,-,Ceramic,110–240V,60W,Screw terminal,"Depends on 
bulb & Switch ",IP20,50Hz,2,No,"Decorative Holder Cover
Cord Grip / Cable Strain Relief
M10 Hollow Threaded Nipple
Fixing Lock Nut
Socket Mount Bracket
E27 Ceramic Lamp Holder",Hardwired,Fixture Wiring,No,"Screwdriver, 
Wire Stripper",Low,Yes,No,40mm,"Fabric / glass / 
metal shades/Hemp shade 
Cages",-,Indoor,84,40,40,40,,,,,,,,,,2.7,E27 Brass / Copper Flange Mount Lamp Holder,E27 lamp holder flange,lamp holder,"ceiling rose, lampshade, light shade, bulb, led strip, downlight, spotlight, pendant cable, flex cable, lamp shade ring",£0.21,£0.12,E27 lamp holder | brass / copper lamp holder | E27 brass / copper pendant lamp holder | E27 flange lamp holder | flange mount lamp holder
LHBPE27BM,https://dashboard.digitweblk.com/Productimages/640.jpg,,351,,Matte Black,Black,E27,NO,NO,Surface Mount,TRUE,Smooth dome top,0,1,0,No,Plastic,-,Plastic,110-250V,60W,Screw terminal,"Depends on 
bulb & Switch ",IP20,50Hz,2,No,"Top Cap
Terminal Base
Holder Body
E27 Socket Contact (internal)",Hardwired,Fixture Wiring,No,"Screwdriver, 
Wire Stripper",Low,Yes,No,40mm,"Fabric / glass / 
metal shades/Hemp shade 
Cages",,Indoor,54,38,38,38,,,,,,,,,,2.7,E27 Matte Black Surface Mount Lamp Holder,E27 lamp holder,lamp holder,"ceiling rose, lampshade, light shade, bulb, led strip, downlight, spotlight, pendant cable, flex cable, lamp shade ring",£0.21,£0.12,E27 lamp holder
LHBRE14BM,https://dashboard.digitweblk.com/Productimages/641.jpg,,632,,Matte Black,Black,E14,NO,NO,"Pendant / 
Shade Mount",TRUE,Straight cylindrical,1,1,0,Yes,Thermoplastic,plastic,"Plastic + 
aluminum",110-240 V,40W,"Push-fit / 
screw terminal","Depends on 
bulb & Switch ",IP20,50Hz,1,No,"Top Cap,
Wiring Terminal,
Cord Grip,
Lamp Holder Body
Shade Ring 
E14 Screw Socket",Hardwired,Fixture Wiring,No,"Screwdriver, 
Wire Stripper",Low,Yes,No,-,"Fabric / glass / 
metal shades/Hemp shade 
Cages",-,Indoor,52,42,42,42,,,,,,,,,,2.7,E14 Matte Black Pendant Lamp Holder,E14 pendant lamp holder,lamp holder,"ceiling rose, lampshade, light shade, bulb, led strip, downlight, spotlight, pendant cable, flex cable, lamp shade ring",£0.21,£0.12,E14 lamp holder | E14 small lamp holder | E14 pendant lamp holder
LHBRE27BM,https://dashboard.digitweblk.com/Productimages/652.jpg,,197,,Matte Black,Black,E27,NO,NO,Shade Mount,TRUE,Smooth dome top,0,1,0,No,Plastic,-,Plastic,110-250V,60W,Screw terminal,"Depends on 
bulb & Switch ",IP20,50Hz,2,No,"Holder Body
Terminal Base
Top Cap
Shade Ring",Hardwired,Fixture Wiring,No,"Screwdriver, 
Wire Stripper",Low,Yes,No,40mm,"Fabric / glass / 
metal shades/Hemp shade 
Cages","Any lamp shade with
40mmm top opening
can be fited",Indoor,90,95,95,95,,,,,,,,,,2.7,E27 Matte Black Shade Mount Lamp Holder,E27 lamp holder,lamp holder,"ceiling rose, lampshade, light shade, bulb, led strip, downlight, spotlight, pendant cable, flex cable, lamp shade ring",£0.21,£0.12,E27 lamp holder
LHC1E27WH,http://dashboard.digitweblk.com/Productimages/7502.jpg,,294,,White,White,E27,NO,NO,Surface Mount,FALSE,Cylindrical ribbed body,0,0,0,No,Ceramic,-,Ceramic,110–240V,60W,Screw terminal,"Depends on 
bulb & Switch ",IP20,50Hz,2,No,"Ceramic body,
Electrical terminal insert
Metal mounting bracket",Hardwired,Fixture Wiring,No,"Screwdriver, 
Wire Stripper",Low,Yes,No,-,-,-,Indoor,56,48,48,48,,,,,,,,,,2.7,E27 White Surface Mount Lamp Holder,E27 lamp holder,lamp holder,"ceiling rose, lampshade, light shade, bulb, led strip, downlight, spotlight, pendant cable, flex cable, lamp shade ring",£0.21,£0.12,E27 lamp holder
LHC1E27WH-IDE,http://dashboard.digitweblk.com/Productimages/10597.jpg,,10,,White,White,E27,NO,NO,Surface Mount,FALSE,Cylindrical ribbed body,0,0,0,No,Ceramic,-,Ceramic,110–240V,60W,Screw terminal,"Depends on 
bulb & Switch ",IP20,50Hz,2,No,"Ceramic body,
Electrical terminal insert
Metal mounting bracket",Hardwired,Fixture Wiring,No,"Screwdriver, 
Wire Stripper",Low,Yes,No,-,-,-,Indoor,56,48,48,48,,,,,,,,,,2.7,E27 White Surface Mount Lamp Holder,E27 lamp holder,lamp holder,"ceiling rose, lampshade, light shade, bulb, led strip, downlight, spotlight, pendant cable, flex cable, lamp shade ring",£0.21,£0.12,E27 lamp holder
LHC1E27WH3PK,https://dashboard.digitweblk.com/Productimages/16552.jpg,,10,,White,White,E27,NO,NO,Surface Mount,FALSE,Cylindrical ribbed body,0,0,0,No,Ceramic,-,Ceramic,110–240V,60W,Screw terminal,"Depends on 
bulb & Switch ",IP20,50Hz,2,No,"Ceramic body,
Electrical terminal insert
Metal mounting bracket",Hardwired,Fixture Wiring,No,"Screwdriver, 
Wire Stripper",Low,Yes,No,-,-,-,Indoor,56,48,48,48,,,,,,,,,,2.7,E27 White Surface Mount Lamp Holder,E27 lamp holder,lamp holder,"ceiling rose, lampshade, light shade, bulb, led strip, downlight, spotlight, pendant cable, flex cable, lamp shade ring",£0.21,£0.12,E27 lamp holder
LHC1E27WH3PK-IDE,http://dashboard.digitweblk.com/Productimages/10598.jpg,,10,,White,White,E27,NO,NO,Surface Mount,FALSE,Cylindrical ribbed body,0,0,0,No,Ceramic,-,Ceramic,110–240V,60W,Screw terminal,"Depends on 
bulb & Switch ",IP20,50Hz,2,No,"Ceramic body,
Electrical terminal insert
Metal mounting bracket",Hardwired,Fixture Wiring,No,"Screwdriver, 
Wire Stripper",Low,Yes,No,-,-,-,Indoor,56,48,48,48,,,,,,,,,,2.7,E27 White Surface Mount Lamp Holder,E27 lamp holder,lamp holder,"ceiling rose, lampshade, light shade, bulb, led strip, downlight, spotlight, pendant cable, flex cable, lamp shade ring",£0.21,£0.12,E27 lamp holder
LHC1E27WH5PK,https://dashboard.digitweblk.com/Productimages/16553.jpg,,10,,White,White,E27,NO,NO,Surface Mount,FALSE,Cylindrical ribbed body,0,0,0,No,Ceramic,-,Ceramic,110–240V,60W,Screw terminal,"Depends on 
bulb & Switch ",IP20,50Hz,2,No,"Ceramic body,
Electrical terminal insert
Metal mounting bracket",Hardwired,Fixture Wiring,No,"Screwdriver, 
Wire Stripper",Low,Yes,No,-,-,-,Indoor,56,48,48,48,,,,,,,,,,2.7,E27 White Surface Mount Lamp Holder,E27 lamp holder,lamp holder,"ceiling rose, lampshade, light shade, bulb, led strip, downlight, spotlight, pendant cable, flex cable, lamp shade ring",£0.21,£0.12,E27 lamp holder
LHC1E27WH5PK-IDE,http://dashboard.digitweblk.com/Productimages/10599.jpg,,10,,White,White,E27,NO,NO,Surface Mount,FALSE,Cylindrical ribbed body,0,0,0,No,Ceramic,-,Ceramic,110–240V,60W,Screw terminal,"Depends on 
bulb & Switch ",IP20,50Hz,2,No,"Ceramic body,
Electrical terminal insert
Metal mounting bracket",Hardwired,Fixture Wiring,No,"Screwdriver, 
Wire Stripper",Low,Yes,No,-,-,-,Indoor,56,48,48,48,,,,,,,,,,2.7,E27 White Surface Mount Lamp Holder,E27 lamp holder,lamp holder,"ceiling rose, lampshade, light shade, bulb, led strip, downlight, spotlight, pendant cable, flex cable, lamp shade ring",£0.21,£0.12,E27 lamp holder
LHC1E27WHAPK,https://dashboard.digitweblk.com/Productimages/16555.jpg,,10,,White,White,E27,NO,NO,Surface Mount,FALSE,Cylindrical ribbed body,0,0,0,No,Ceramic,-,Ceramic,110–240V,60W,Screw terminal,"Depends on 
bulb & Switch ",IP20,50Hz,2,No,"Ceramic body,
Electrical terminal insert
Metal mounting bracket",Hardwired,Fixture Wiring,No,"Screwdriver, 
Wire Stripper",Low,Yes,No,-,-,-,Indoor,56,48,48,48,,,,,,,,,,2.7,E27 White Surface Mount Lamp Holder,E27 lamp holder,lamp holder,"ceiling rose, lampshade, light shade, bulb, led strip, downlight, spotlight, pendant cable, flex cable, lamp shade ring",£0.21,£0.12,E27 lamp holder
LHC1E27WHAPK-IDE,http://dashboard.digitweblk.com/Productimages/10600.jpg,,10,,White,White,E27,NO,NO,Surface Mount,FALSE,Cylindrical ribbed body,0,0,0,No,Ceramic,-,Ceramic,110–240V,60W,Screw terminal,"Depends on 
bulb & Switch ",IP20,50Hz,2,No,"Ceramic body,
Electrical terminal insert
Metal mounting bracket",Hardwired,Fixture Wiring,No,"Screwdriver, 
Wire Stripper",Low,Yes,No,-,-,-,Indoor,56,48,48,48,,,,,,,,,,2.7,E27 White Surface Mount Lamp Holder,E27 lamp holder,lamp holder,"ceiling rose, lampshade, light shade, bulb, led strip, downlight, spotlight, pendant cable, flex cable, lamp shade ring",£0.21,£0.12,E27 lamp holder
LHC2E27WH,http://dashboard.digitweblk.com/Productimages/HRCM.jpg,,333,,White,White,E27,NO,NO,,FALSE,,,,,,,,,,,,,,,,,,,,,,,,,,,,,,,,,,,,,,,,,,2.7,E27 White Pendant Lamp Holder,E27 pendant lamp holder,lamp holder,"ceiling rose, lampshade, light shade, bulb, led strip, downlight, spotlight, pendant cable, flex cable, lamp shade ring",£0.21,£0.12,E27 lamp holder
LHC3E27WH,http://dashboard.digitweblk.com/Productimages/HRCMRPT.jpg,,330,,White,White,E27,NO,NO,,FALSE,,,,,,,,,,,,,,,,,,,,,,,,,,,,,,,,,,,,,,,,,,2.7,E27 White Pendant Lamp Holder,E27 pendant lamp holder,lamp holder,"ceiling rose, lampshade, light shade, bulb, led strip, downlight, spotlight, pendant cable, flex cable, lamp shade ring",£0.21,£0.12,E27 lamp holder
LHC4E27WH,http://dashboard.digitweblk.com/Productimages/HRCMUPT.jpg,,-37,,White,White,E27,NO,NO,,FALSE,,,,,,,,,,,,,,,,,,,,,,,,,,,,,,,,,,,,,,,,,,2.7,E27 White Pendant Lamp Holder,E27 pendant lamp holder,lamp holder,"ceiling rose, lampshade, light shade, bulb, led strip, downlight, spotlight, pendant cable, flex cable, lamp shade ring",£0.21,£0.12,E27 lamp holder
LHC5E27WH,http://dashboard.digitweblk.com/Productimages/HRCMDPT.jpg,,327,,White,White,E27,NO,NO,,FALSE,,,,,,,,,,,,,,,,,,,,,,,,,,,,,,,,,,,,,,,,,,2.7,E27 White Pendant Lamp Holder,E27 pendant lamp holder,lamp holder,"ceiling rose, lampshade, light shade, bulb, led strip, downlight, spotlight, pendant cable, flex cable, lamp shade ring",£0.21,£0.12,E27 lamp holder
LHC6E27WH,http://dashboard.digitweblk.com/Productimages/7574.jpg,,2317,,White,White,E27,NO,NO,,FALSE,,,,,,,,,,,,,,,,,,,,,,,,,,,,,,,,,,,,,,,,,,2.7,E27 White Pendant Lamp Holder,E27 pendant lamp holder,lamp holder,"ceiling rose, lampshade, light shade, bulb, led strip, downlight, spotlight, pendant cable, flex cable, lamp shade ring",£0.21,£0.12,E27 lamp holder
LHC6E27WH5PK,https://dashboard.digitweblk.com/Productimages/16573.jpg,,10,,White,White,E27,NO,NO,,FALSE,,,,,,,,,,,,,,,,,,,,,,,,,,,,,,,,,,,,,,,,,,2.7,E27 White Pendant Lamp Holder,E27 pendant lamp holder,lamp holder,"ceiling rose, lampshade, light shade, bulb, led strip, downlight, spotlight, pendant cable, flex cable, lamp shade ring",£0.21,£0.12,E27 lamp holder
LHC6E27WHAPK,https://dashboard.digitweblk.com/Productimages/16575.jpg,,10,,White,White,E27,NO,NO,,FALSE,,,,,,,,,,,,,,,,,,,,,,,,,,,,,,,,,,,,,,,,,,2.7,E27 White Pendant Lamp Holder,E27 pendant lamp holder,lamp holder,"ceiling rose, lampshade, light shade, bulb, led strip, downlight, spotlight, pendant cable, flex cable, lamp shade ring",£0.21,£0.12,E27 lamp holder
LHCBE27BY,http://dashboard.digitweblk.com/Productimages/CNBHRBK.jpg,,33,,Shiny Black,Black,E27,NO,NO,,TRUE,,,,,,,,,,,,,,,,,,,,,,,,,,,,,,,,,,,,,,,,,,2.7,E27 Shiny Black Pendant Lamp Holder,E27 pendant lamp holder,lamp holder,"ceiling rose, lampshade, light shade, bulb, led strip, downlight, spotlight, pendant cable, flex cable, lamp shade ring",£0.21,£0.12,E27 lamp holder
LHCCE27BL,https://dashboard.digitweblk.com/Productimages/2236.jpg,,135,,Gloss Blue,Blue,E27,NO,NO,Pendant ,TRUE,Smooth dome body,0,0,0,Yes,Porcelain / Ceramic,-,Ceramic,110-240 V,60W,Screw terminal,"Depends on 
bulb & Switch ",IP20,50Hz,1,No,"Cord grip cap,Ceramic 
body shell,Ceramic ",Hardwired,Fixture Wiring,No,"Screwdriver, 
Wire Stripper",Low,Yes,No,40mm,"Fabric / glass / 
metal shades/Hemp shade 
Cages","Any lamp shade with
40mmm top opening
can be fited",Indoor,60,45,45,45,,,,,,,,,,2.7,E27 Gloss Blue Pendant Lamp Holder,E27 pendant lamp holder,lamp holder,"ceiling rose, lampshade, light shade, bulb, led strip, downlight, spotlight, pendant cable, flex cable, lamp shade ring",£0.21,£0.15,E27 lamp holder
LHCCE27BM,http://dashboard.digitweblk.com/Productimages/CHRBKE27.jpg,,221,,Matte Black,Black,E27,NO,NO,Pendant ,TRUE,Smooth dome body,0,0,0,Yes,Porcelain / Ceramic,-,Ceramic,110-240 V,60W,Screw terminal,"Depends on 
bulb & Switch ",IP20,50Hz,1,No,"Cord grip cap,Ceramic 
body shell,Ceramic ",Hardwired,Fixture Wiring,No,"Screwdriver, 
Wire Stripper",Low,Yes,No,40mm,"Fabric / glass / 
metal shades/Hemp shade 
Cages","Any lamp shade with
40mmm top opening
can be fited",Indoor,60,45,45,45,,,,,,,,,,2.7,E27 Matte Black Pendant Lamp Holder,E27 pendant lamp holder,lamp holder,"ceiling rose, lampshade, light shade, bulb, led strip, downlight, spotlight, pendant cable, flex cable, lamp shade ring",£0.21,£0.12,E27 lamp holder
LHCCE27GR,http://dashboard.digitweblk.com/Productimages/CHRGNE27.jpg,,170,,Gloss Green,Green,E27,NO,NO,Pendant ,TRUE,Smooth dome body,0,0,0,Yes,Porcelain / Ceramic,-,Ceramic,110-240 V,60W,Screw terminal,"Depends on 
bulb & Switch ",IP20,50Hz,1,No,"Cord grip cap,Ceramic 
body shell,Ceramic ",Hardwired,Fixture Wiring,No,"Screwdriver, 
Wire Stripper",Low,Yes,No,40mm,"Fabric / glass / 
metal shades/Hemp shade 
Cages","Any lamp shade with
40mmm top opening
can be fited",Indoor,60,45,45,45,,,,,,,,,,2.7,E27 Gloss Green Pendant Lamp Holder,E27 pendant lamp holder,lamp holder,"ceiling rose, lampshade, light shade, bulb, led strip, downlight, spotlight, pendant cable, flex cable, lamp shade ring",£0.21,£0.15,E27 lamp holder
LHCCE27RE,http://dashboard.digitweblk.com/Productimages/CHRRDE27.jpg,,101,,Gloss Red,Red,E27,NO,NO,Pendant ,TRUE,Smooth dome body,0,0,0,Yes,Porcelain / Ceramic,-,Ceramic,110-240 V,60W,Screw terminal,"Depends on 
bulb & Switch ",IP20,50Hz,1,No,"Cord grip cap,Ceramic 
body shell,Ceramic ",Hardwired,Fixture Wiring,No,"Screwdriver, 
Wire Stripper",Low,Yes,No,40mm,"Fabric / glass / 
metal shades/Hemp shade 
Cages","Any lamp shade with
40mmm top opening
can be fited",Indoor,60,45,45,45,,,,,,,,,,2.7,E27 Gloss Red Pendant Lamp Holder,E27 pendant lamp holder,lamp holder,"ceiling rose, lampshade, light shade, bulb, led strip, downlight, spotlight, pendant cable, flex cable, lamp shade ring",£0.21,£0.15,E27 lamp holder
LHCCE27WH,http://dashboard.digitweblk.com/Productimages/CHRWEE27.jpg,,37,,White,White,E27,NO,NO,Pendant ,TRUE,Smooth dome body,0,0,0,Yes,Porcelain / Ceramic,-,Ceramic,110-240 V,60W,Screw terminal,"Depends on 
bulb & Switch ",IP20,50Hz,1,No,"Cord grip cap,Ceramic 
body shell,Ceramic ",Hardwired,Fixture Wiring,No,"Screwdriver, 
Wire Stripper",Low,Yes,No,40mm,"Fabric / glass / 
metal shades/Hemp shade 
Cages","Any lamp shade with
40mmm top opening
can be fited",Indoor,60,45,45,45,,,,,,,,,,2.7,E27 White Pendant Lamp Holder,E27 pendant lamp holder,lamp holder,"ceiling rose, lampshade, light shade, bulb, led strip, downlight, spotlight, pendant cable, flex cable, lamp shade ring",£0.21,£0.12,E27 lamp holder
LHCCE27YE,http://dashboard.digitweblk.com/Productimages/LHCCE27YE.jpg,,266,,Gloss Yellow,Yellow,E27,NO,NO,Pendant ,TRUE,Smooth dome body,0,0,0,Yes,Porcelain / Ceramic,-,Ceramic,110-240 V,60W,Screw terminal,"Depends on 
bulb & Switch ",IP20,50Hz,1,No,"Cord grip cap,Ceramic 
body shell,Ceramic ",Hardwired,Fixture Wiring,No,"Screwdriver, 
Wire Stripper",Low,Yes,No,40mm,"Fabric / glass / 
metal shades/Hemp shade 
Cages","Any lamp shade with
40mmm top opening
can be fited",Indoor,60,45,45,45,,,,,,,,,,2.7,E27 Gloss Yellow Pendant Lamp Holder,E27 pendant lamp holder,lamp holder,"ceiling rose, lampshade, light shade, bulb, led strip, downlight, spotlight, pendant cable, flex cable, lamp shade ring",£0.21,£0.15,E27 lamp holder
LHCE27- Lamp Holder,http://dashboard.digitweblk.com/Productimages/7710.jpg,,,,,,E27,NO,NO,,FALSE,,,,,,,,,,,,,,,,,,,,,,,,,,,,,,,,,,,,,,,,,,2.7,E27 Pendant Lamp Holder,E27 pendant lamp holder,lamp holder,"ceiling rose, lampshade, light shade, bulb, led strip, downlight, spotlight, pendant cable, flex cable, lamp shade ring",£0.21,£0.12,E27 lamp holder
LHCHE27BY,http://dashboard.digitweblk.com/Productimages/CYNHRBK.jpg,,19,,Shiny Black,Shiny Black,E27,NO,NO,Pendant ,FALSE,Ribbed decorative body,0,0,0,Yes,Metal,-,Ceramic,110-240 V,60W,Screw terminal,"Depends on 
bulb & Switch ",IP20,50Hz,2,No,"Top cable cap,Side lock screw,Ceramic socket insert",Hardwired,Fixture Wiring,No,"Screwdriver, 
Wire Stripper",Low,Yes,No,-,-,-,Indoor,80,43,43,43,,,,,,,,,,2.7,E27 Shiny Black Pendant Lamp Holder,E27 pendant lamp holder,lamp holder,"ceiling rose, lampshade, light shade, bulb, led strip, downlight, spotlight, pendant cable, flex cable, lamp shade ring",£0.21,£0.12,E27 lamp holder
LHCHE27CH,http://dashboard.digitweblk.com/Productimages/CYNHRCE.jpg,,15,,Polished Chrome,Silver,E27,NO,NO,Pendant ,FALSE,Ribbed decorative body,0,0,0,Yes,Metal,-,Ceramic,110-240 V,60W,Screw terminal,"Depends on 
bulb & Switch ",IP20,50Hz,2,No,"Top cable cap,Side lock screw,Ceramic socket insert",Hardwired,Fixture Wiring,No,"Screwdriver, 
Wire Stripper",Low,Yes,No,-,-,-,Indoor,80,43,43,43,,,,,,,,,,2.7,E27 Polished Chrome Pendant Lamp Holder,E27 pendant lamp holder,lamp holder,"ceiling rose, lampshade, light shade, bulb, led strip, downlight, spotlight, pendant cable, flex cable, lamp shade ring",£0.21,£0.12,E27 lamp holder | polished chrome lamp holder | E27 polished chrome pendant lamp holder
LHCHE27CO,http://dashboard.digitweblk.com/Productimages/CYNHRCR.jpg,,51,,Brass / Gold,Copper,E27,NO,NO,Pendant ,FALSE,Ribbed decorative body,0,0,0,Yes,Metal,-,Ceramic,110-240 V,60W,Screw terminal,"Depends on 
bulb & Switch ",IP20,50Hz,2,No,"Top cable cap,Side lock screw,Ceramic socket insert",Hardwired,Fixture Wiring,No,"Screwdriver, 
Wire Stripper",Low,Yes,No,-,-,-,Indoor,80,43,43,43,,,,,,,,,,2.7,E27 Brass / Copper Pendant Lamp Holder,E27 pendant lamp holder,lamp holder,"ceiling rose, lampshade, light shade, bulb, led strip, downlight, spotlight, pendant cable, flex cable, lamp shade ring",£0.21,£0.12,E27 lamp holder | brass / copper lamp holder | E27 brass / copper pendant lamp holder
LHCHE27RO,http://dashboard.digitweblk.com/Productimages/CYNHRRGD.jpg,,50,,Rose gold,Rose gold,E27,NO,NO,Pendant ,FALSE,Ribbed decorative body,0,0,0,Yes,Metal,-,Ceramic,110-240 V,60W,Screw terminal,"Depends on 
bulb & Switch ",IP20,50Hz,2,No,"Top cable cap,Side lock screw,Ceramic socket insert",Hardwired,Fixture Wiring,No,"Screwdriver, 
Wire Stripper",Low,Yes,No,-,-,-,Indoor,80,43,43,43,,,,,,,,,,2.7,E27 Rose Gold Pendant Lamp Holder,E27 pendant lamp holder,lamp holder,"ceiling rose, lampshade, light shade, bulb, led strip, downlight, spotlight, pendant cable, flex cable, lamp shade ring",£0.21,£0.12,E27 lamp holder | rose gold lamp holder | E27 rose gold pendant lamp holder
LHCHE27SN,http://dashboard.digitweblk.com/Productimages/CYNHRSNL.jpg,,20,,Brass ,Satin Nickel,E27,NO,NO,Pendant ,FALSE,Ribbed decorative body,0,0,0,Yes,Metal,-,Ceramic,110-240 V,60W,Screw terminal,"Depends on 
bulb & Switch ",IP20,50Hz,2,No,"Top cable cap,Side lock screw,Ceramic socket insert",Hardwired,Fixture Wiring,No,"Screwdriver, 
Wire Stripper",Low,Yes,No,-,-,-,Indoor,80,43,43,43,,,,,,,,,,2.7,E27 Brass Pendant Lamp Holder,E27 pendant lamp holder,lamp holder,"ceiling rose, lampshade, light shade, bulb, led strip, downlight, spotlight, pendant cable, flex cable, lamp shade ring",£0.21,£0.12,E27 lamp holder | brass lamp holder | E27 brass pendant lamp holder
LHCHE27YB,http://dashboard.digitweblk.com/Productimages/CYNHRYBS.jpg,,31,,Brass / Gold,Yellow Brass,E27,NO,NO,Pendant ,FALSE,Ribbed decorative body,0,0,0,Yes,Metal,-,Ceramic,110-240 V,60W,Screw terminal,"Depends on 
bulb & Switch ",IP20,50Hz,2,No,"Top cable cap,Side lock screw,Ceramic socket insert",Hardwired,Fixture Wiring,No,"Screwdriver, 
Wire Stripper",Low,Yes,No,-,-,-,Indoor,80,43,43,43,,,,,,,,,,2.7,E27 Brass / Copper Pendant Lamp Holder,E27 pendant lamp holder,lamp holder,"ceiling rose, lampshade, light shade, bulb, led strip, downlight, spotlight, pendant cable, flex cable, lamp shade ring",£0.21,£0.12,E27 lamp holder | brass / copper lamp holder | E27 brass / copper pendant lamp holder
LHCNE27BY,http://dashboard.digitweblk.com/Productimages/CNHRBK.jpg,,20,,Shiny Black,Shiny Black,E27,NO,NO,Pendant ,FALSE,Cone tapered body,0,0,0,Yes,Metal,-,Ceramic,110-240 V,60W,Screw terminal,"Depends on 
bulb & Switch ",IP20,50Hz,2,No,"cable nipple,lock screw,metal Cone sheel,Ceramic socket",Hardwired,Fixture Wiring,No,"Screwdriver, 
Wire Stripper",Low,Yes,No,-,-,-,Indoor,100,42,42,42,,,,,,,,,,2.7,E27 Shiny Black Pendant Lamp Holder,E27 pendant lamp holder,lamp holder,"ceiling rose, lampshade, light shade, bulb, led strip, downlight, spotlight, pendant cable, flex cable, lamp shade ring",£0.21,£0.12,E27 lamp holder
LHCNE27CH,https://dashboard.digitweblk.com/Productimages/5146.jpg,,47,,Polished Chrome,Silver,E27,NO,NO,Pendant ,FALSE,Cone tapered body,0,0,0,Yes,Metal,-,Ceramic,110-240 V,60W,Screw terminal,"Depends on 
bulb & Switch ",IP20,50Hz,2,No,"cable nipple,lock screw,metal Cone sheel,Ceramic socket",Hardwired,Fixture Wiring,No,"Screwdriver, 
Wire Stripper",Low,Yes,No,-,-,-,Indoor,100,42,42,42,,,,,,,,,,2.7,E27 Polished Chrome Pendant Lamp Holder,E27 pendant lamp holder,lamp holder,"ceiling rose, lampshade, light shade, bulb, led strip, downlight, spotlight, pendant cable, flex cable, lamp shade ring",£0.21,£0.12,E27 lamp holder | polished chrome lamp holder | E27 polished chrome pendant lamp holder
LHCNE27CO,http://dashboard.digitweblk.com/Productimages/CNHRCR.jpg,,107,,Brass / Gold,Copper,E27,NO,NO,Pendant ,FALSE,Cone tapered body,0,0,0,Yes,Metal,-,Ceramic,110-240 V,60W,Screw terminal,"Depends on 
bulb & Switch ",IP20,50Hz,2,No,"cable nipple,lock screw,metal Cone sheel,Ceramic socket",Hardwired,Fixture Wiring,No,"Screwdriver, 
Wire Stripper",Low,Yes,No,-,-,-,Indoor,100,42,42,42,,,,,,,,,,2.7,E27 Brass / Copper Pendant Lamp Holder,E27 pendant lamp holder,lamp holder,"ceiling rose, lampshade, light shade, bulb, led strip, downlight, spotlight, pendant cable, flex cable, lamp shade ring",£0.21,£0.12,E27 lamp holder | brass / copper lamp holder | E27 brass / copper pendant lamp holder
LHCNE27GB,http://dashboard.digitweblk.com/Productimages/CNHRGBS.jpg,,82,,Brass ,Green Brass,E27,NO,NO,Pendant ,FALSE,Cone tapered body,0,0,0,Yes,Metal,-,Ceramic,110-240 V,60W,Screw terminal,"Depends on 
bulb & Switch ",IP20,50Hz,2,No,"cable nipple,lock screw,metal Cone sheel,Ceramic socket",Hardwired,Fixture Wiring,No,"Screwdriver, 
Wire Stripper",Low,Yes,No,-,-,-,Indoor,100,42,42,42,,,,,,,,,,2.7,E27 Brass Pendant Lamp Holder,E27 pendant lamp holder,lamp holder,"ceiling rose, lampshade, light shade, bulb, led strip, downlight, spotlight, pendant cable, flex cable, lamp shade ring",£0.21,£0.12,E27 lamp holder | brass lamp holder | E27 brass pendant lamp holder
LHCNE27RO,http://dashboard.digitweblk.com/Productimages/LHCNE27RO.jpg,,77,,Rose gold,Rose gold,E27,NO,NO,Pendant ,FALSE,Cone tapered body,0,0,0,Yes,Metal,-,Ceramic,110-240 V,60W,Screw terminal,"Depends on 
bulb & Switch ",IP20,50Hz,2,No,"cable nipple,lock screw,metal Cone sheel,Ceramic socket",Hardwired,Fixture Wiring,No,"Screwdriver, 
Wire Stripper",Low,Yes,No,-,-,-,Indoor,100,42,42,42,,,,,,,,,,2.7,E27 Rose Gold Pendant Lamp Holder,E27 pendant lamp holder,lamp holder,"ceiling rose, lampshade, light shade, bulb, led strip, downlight, spotlight, pendant cable, flex cable, lamp shade ring",£0.21,£0.12,E27 lamp holder | rose gold lamp holder | E27 rose gold pendant lamp holder
LHCNE27SN,https://dashboard.digitweblk.com/Productimages/5148.jpg,,81,,Brass ,Satin Nickel,E27,NO,NO,Surface / Ceiling,FALSE,Cone tapered body,0,0,0,Yes,Metal,-,Ceramic,110-240 V,60W,Screw terminal,"Depends on 
bulb & Switch ",IP20,50Hz,2,No,"cable nipple,lock screw,metal Cone sheel,Ceramic socket",Hardwired,Fixture Wiring,No,"Screwdriver, 
Wire Stripper",Low,Yes,No,-,-,-,Indoor,100,42,42,42,,,,,,,,,,2.7,E27 Brass Ceiling Lamp Holder,E27 lamp holder,lamp holder,"ceiling rose, lampshade, light shade, bulb, led strip, downlight, spotlight, pendant cable, flex cable, lamp shade ring",£0.21,£0.12,E27 lamp holder | brass lamp holder | E27 brass pendant lamp holder
LHCTOCO,https://dashboard.digitweblk.com/Productimages/23113.jpg,,-5,,Brass / Gold,Copper,E27,NO,NO,Surface / Ceiling,TRUE,Threaded Cylinder,2,2,0,No,Metal,Metal,Ceramic,110-240 V,60W,Screw terminal,"Depends on 
bulb & Switch ",IP20,50Hz,1,Yes,"Ceiling mounting plate
Metal holder body
Internal ceramic socket
 Threaded mounting rod
 Two shade rings",Hardwired,Fixture Wiring,No,"Screwdriver, 
Wire Stripper",Low,Yes,No,40mm,"Fabric / glass / 
metal shades/Hemp shade 
Cages","Any lamp shade with
40mmm top opening
can be fited",Indoor,78,68,68,68,,,,,,,,,,2.7,E27 Brass / Copper Ceiling Lamp Holder,E27 lamp holder,lamp holder,"ceiling rose, lampshade, light shade, bulb, led strip, downlight, spotlight, pendant cable, flex cable, lamp shade ring",£0.21,£0.12,E27 lamp holder | brass / copper lamp holder | E27 brass / copper pendant lamp holder
LHCTOFG,https://dashboard.digitweblk.com/Productimages/23364.jpg,,10,,French Gold ,Silver,E27,NO,NO,Surface / Ceiling,TRUE,Threaded Cylinder,2,2,0,No,Metal,Metal,Ceramic,110-240 V,60W,Screw terminal,"Depends on 
bulb & Switch ",IP20,50Hz,1,Yes,"Ceiling mounting plate
Metal holder body
Internal ceramic socket
 Threaded mounting rod
 Two shade rings",Hardwired,Fixture Wiring,No,"Screwdriver, 
Wire Stripper",Low,Yes,No,40mm,"Fabric / glass / 
metal shades/Hemp shade 
Cages","Any lamp shade with
40mmm top opening
can be fited",Indoor,78,68,68,68,,,,,,,,,,2.7,E27 French Gold Ceiling Lamp Holder,E27 lamp holder,lamp holder,"ceiling rose, lampshade, light shade, bulb, led strip, downlight, spotlight, pendant cable, flex cable, lamp shade ring",£0.21,£0.12,E27 lamp holder | french gold lamp holder | E27 french gold pendant lamp holder
LHCTOYB,https://dashboard.digitweblk.com/Productimages/23112.jpg,,20,,Brass / Gold,Yellow Brass,E27,NO,NO,Surface / Ceiling,TRUE,Threaded Cylinder,2,2,0,No,Metal,Metal,Ceramic,110-240 V,60W,Screw terminal,"Depends on 
bulb & Switch ",IP20,50Hz,1,Yes,"Ceiling mounting plate
Metal holder body
Internal ceramic socket
 Threaded mounting rod
 Two shade rings",Hardwired,Fixture Wiring,No,"Screwdriver, 
Wire Stripper",Low,Yes,No,40mm,"Fabric / glass / 
metal shades/Hemp shade 
Cages","Any lamp shade with
40mmm top opening
can be fited",Indoor,78,68,68,68,,,,,,,,,,2.7,E27 Brass / Copper Ceiling Lamp Holder,E27 lamp holder,lamp holder,"ceiling rose, lampshade, light shade, bulb, led strip, downlight, spotlight, pendant cable, flex cable, lamp shade ring",£0.21,£0.12,E27 lamp holder | brass / copper lamp holder | E27 brass / copper pendant lamp holder
LHDHE27BN,http://dashboard.digitweblk.com/Productimages/DRRDHRE27MBK.jpg,,14,,Satin black,Satin black,E27,NO,NO,Pendant ,TRUE,Threaded Cylinder,2,2,0,Yes,Metal,Metal,Ceramic,110-240 V,60W,Screw terminal,"Depends on 
bulb & Switch ",IP20,50Hz,1,Yes,"Metal outer body
Internal E27 socket
Cable locking screw
 Two shade rings
Threaded holder body",Hardwired,Fixture Wiring,No,"Screwdriver, 
Wire Stripper",Low,Yes,No,40mm,"Fabric / glass / 
metal shades/Hemp shade 
Cages","Any lamp shade with
40mmm top opening
can be fited",Indoor,85,40,40,40,,,,,,,,,,2.7,E27 Satin Black Pendant Lamp Holder,E27 pendant lamp holder,lamp holder,"ceiling rose, lampshade, light shade, bulb, led strip, downlight, spotlight, pendant cable, flex cable, lamp shade ring",£0.21,£0.12,E27 lamp holder
LHDHE27CO,http://dashboard.digitweblk.com/Productimages/DRRDHRE27CR.jpg,,152,,Brass / Gold,Copper,E27,NO,NO,Pendant ,TRUE,Threaded Cylinder,2,2,0,Yes,Metal,Metal,Ceramic,110-240 V,60W,Screw terminal,"Depends on 
bulb & Switch ",IP20,50Hz,1,Yes,"Metal outer body
Internal E27 socket
Cable locking screw
 Two shade rings
Threaded holder body",Hardwired,Fixture Wiring,No,"Screwdriver, 
Wire Stripper",Low,Yes,No,40mm,"Fabric / glass / 
metal shades/Hemp shade 
Cages","Any lamp shade with
40mmm top opening
can be fited",Indoor,85,40,40,40,,,,,,,,,,2.7,E27 Brass / Copper Pendant Lamp Holder,E27 pendant lamp holder,lamp holder,"ceiling rose, lampshade, light shade, bulb, led strip, downlight, spotlight, pendant cable, flex cable, lamp shade ring",£0.21,£0.12,E27 lamp holder | brass / copper lamp holder | E27 brass / copper pendant lamp holder
LHDHE27RO,http://dashboard.digitweblk.com/Productimages/DRRDHRE27RGD.jpg,,191,,Rose gold,Rose gold,E27,NO,NO,Pendant ,TRUE,Threaded Cylinder,2,2,0,Yes,Metal,Metal,Ceramic,110-240 V,60W,Screw terminal,"Depends on 
bulb & Switch ",IP20,50Hz,1,Yes,"Metal outer body
Internal E27 socket
Cable locking screw
 Two shade rings
Threaded holder body",Hardwired,Fixture Wiring,No,"Screwdriver, 
Wire Stripper",Low,Yes,No,40mm,"Fabric / glass / 
metal shades/Hemp shade 
Cages","Any lamp shade with
40mmm top opening
can be fited",Indoor,85,40,40,40,,,,,,,,,,2.7,E27 Rose Gold Pendant Lamp Holder,E27 pendant lamp holder,lamp holder,"ceiling rose, lampshade, light shade, bulb, led strip, downlight, spotlight, pendant cable, flex cable, lamp shade ring",£0.21,£0.12,E27 lamp holder | rose gold lamp holder | E27 rose gold pendant lamp holder
LHEDE27GD,http://dashboard.digitweblk.com/Productimages/LHEDB22GD.jpg,,1690,,Gold,Gold,B22,NO,NO,Ceiling Mount / Pendant Base,TRUE,Threaded metal body,-,2,1,Yes,Brass,Brass,Ceramic,110-240 V,60W,Screw terminal,"Depends on 
bulb & Switch ",IP20,50Hz,2,No,"Metal top cap with cable screw
 Threaded metal body
 Two shade rings
 Internal ceramic socket
Insulating base",Hardwired,Fixture Wiring,No,"Screwdriver, 
Wire Stripper",Low,Yes,No,40mm,"Metal / Glass / 
Fabric shade","Any lamp shade with
40mmm top opening
can be fited",Indoor,56,38,38,38,,,,,,,,,,2.7,B22 Gold Pendant Lamp Holder,B22 pendant lamp holder,lamp holder,"ceiling rose, lampshade, light shade, bulb, led strip, downlight, spotlight, pendant cable, flex cable, lamp shade ring",£0.21,£0.12,B22 lamp holder | gold lamp holder | B22 gold pendant lamp holder | B22 bayonet lamp holder | B22 pendant bulb holder
LHHTE27BM,http://dashboard.digitweblk.com/Productimages/LHHTE27BM.jpg,,132,,Matte Black,Black,E27,NO,NO,Ceiling /Table Lamp,TRUE,Smooth dome,-,1,1,Yes,Plastic,Plastic,Plastic,110–240 V,60W,Screw terminal,"Depends on 
bulb & Switch ",IP20,50Hz,1,Yes,"Plastic outer dome body
 Internal E27 socket insert
 Threaded lower body for shade mounting
Plastic shade ring
 Top threaded cable entry with nut
 3-core electrical wire",Hardwired,Fixture Wiring,No,"Screwdriver, 
Wire Stripper",Low,Yes,No,40mm,"Metal / Glass / 
Fabric shade","Any lamp shade with
40mmm top opening
can be fited",Indoor,65,60,60,60,,,,,,,,,,2.7,E27 Matte Black Table Lamp Lamp Holder,E27 table lamp holder,lamp holder,"ceiling rose, lampshade, light shade, bulb, led strip, downlight, spotlight, pendant cable, flex cable, lamp shade ring",£0.21,£0.12,E27 lamp holder | table lamp holder with switch | E27 table lamp socket
LHLFE275BM,https://dashboard.digitweblk.com/Productimages/7595.jpg,,566,,Matte Black,Black,E27,NO,NO,Ceiling /Table Lamp,TRUE,Dome Body With Extension Tube,-,1,0,No,Plastic,Plastic,Plastic,110–240 V,60W,Screw terminal,"Depends on 
bulb & Switch ",IP20,50Hz,1,Yes," Internal socket insert
Bottom threaded shade mount
Plastic shade ring
Metal extension tube (55 mm)
Threaded cable entry with nut
3-core wire",Hardwired,Fixture Wiring,No,"Screwdriver, 
Wire Stripper",Low,Yes,No,40mm,"Metal / Glass / 
Fabric shade","Any lamp shade with
40mmm top opening
can be fited",Indoor,65,60,60,60,,,,,,,,,,2.7,E27 Matte Black Table Lamp Lamp Holder,E27 table lamp holder,lamp holder,"ceiling rose, lampshade, light shade, bulb, led strip, downlight, spotlight, pendant cable, flex cable, lamp shade ring",£0.21,£0.12,E27 lamp holder | table lamp holder with switch | E27 table lamp socket
LHLFE27BM,https://dashboard.digitweblk.com/Productimages/4198.jpg,,242,,Matte Black,Black,E27,NO,NO,Ceiling /Table Lamp,TRUE,Dome Body With Extension Tube,-,1,0,No,Plastic,Plastic,Plastic,110–240 V,60W,Screw terminal,"Depends on 
bulb & Switch ",IP20,50Hz,1,Yes," Internal socket insert
Bottom threaded shade mount
Plastic shade ring
Metal extension tube (55 mm)
Threaded cable entry with nut
3-core wire",Hardwired,Fixture Wiring,No,"Screwdriver, 
Wire Stripper",Low,Yes,No,40mm,"Metal / Glass / 
Fabric shade","Any lamp shade with
40mmm top opening
can be fited",Indoor,65,60,60,60,,,,,,,,,,2.7,E27 Matte Black Table Lamp Lamp Holder,E27 table lamp holder,lamp holder,"ceiling rose, lampshade, light shade, bulb, led strip, downlight, spotlight, pendant cable, flex cable, lamp shade ring",£0.21,£0.12,E27 lamp holder | table lamp holder with switch | E27 table lamp socket
LHLTE27BL,http://dashboard.digitweblk.com/Productimages/LHLTE27BL.jpg,,-1,,Gloss Blue,Blue,E27,NO,NO,Pendant ,FALSE,Cylindrical Ceramic Body,-,-,-,No,Ceramic ,-,Ceramic ,110–240 V,60W,Screw terminal,"Depends on 
bulb & Switch ",IP20,50Hz,2,Yes,"Ceramic E27 socket body
Internal brass terminals
Long threaded steel rod
Metal rod connector sleeve",Hardwired,Fixture Wiring,No,"Screwdriver, 
Wire Stripper",Low,Yes,No,40mm,-,-,Indoor,,,,,,,,,,,,,,2.7,E27 Gloss Blue Pendant Lamp Holder,E27 pendant lamp holder,lamp holder,"ceiling rose, lampshade, light shade, bulb, led strip, downlight, spotlight, pendant cable, flex cable, lamp shade ring",£0.21,£0.15,E27 lamp holder
LHLTE27BM,http://dashboard.digitweblk.com/Productimages/LHLTE27BM.jpg,,-52,,Matte Black,Black,E27,NO,NO,Pendant ,FALSE,Cylindrical Ceramic Body,-,-,-,No,Ceramic ,-,Ceramic ,110–240 V,60W,Screw terminal,"Depends on 
bulb & Switch ",IP20,50Hz,2,Yes,"Ceramic E27 socket body
Internal brass terminals
Long threaded steel rod
Metal rod connector sleeve",Hardwired,Fixture Wiring,No,"Screwdriver, 
Wire Stripper",Low,Yes,No,40mm,-,-,Indoor,,,,,,,,,,,,,,2.7,E27 Matte Black Pendant Lamp Holder,E27 pendant lamp holder,lamp holder,"ceiling rose, lampshade, light shade, bulb, led strip, downlight, spotlight, pendant cable, flex cable, lamp shade ring",£0.21,£0.12,E27 lamp holder
LHLTE27GG,http://dashboard.digitweblk.com/Productimages/LHLTE27GG.jpg,,-12,,Gold,Gold,E27,NO,NO,Pendant ,FALSE,Cylindrical Ceramic Body,-,-,-,No,Ceramic ,-,Ceramic ,110–240 V,60W,Screw terminal,"Depends on 
bulb & Switch ",IP20,50Hz,2,Yes,"Ceramic E27 socket body
Internal brass terminals
Long threaded steel rod
Metal rod connector sleeve",Hardwired,Fixture Wiring,No,"Screwdriver, 
Wire Stripper",Low,Yes,No,40mm,-,-,Indoor,,,,,,,,,,,,,,2.7,E27 Gold Pendant Lamp Holder,E27 pendant lamp holder,lamp holder,"ceiling rose, lampshade, light shade, bulb, led strip, downlight, spotlight, pendant cable, flex cable, lamp shade ring",£0.21,£0.12,E27 lamp holder | gold lamp holder | E27 gold pendant lamp holder
LHLTE27GR,http://dashboard.digitweblk.com/Productimages/LHLTE27GR.jpg,,-2,,Gloss Green,Green,E27,NO,NO,Pendant ,FALSE,Cylindrical Ceramic Body,-,-,-,No,Ceramic ,-,Ceramic ,110–240 V,60W,Screw terminal,"Depends on 
bulb & Switch ",IP20,50Hz,2,Yes,"Ceramic E27 socket body
Internal brass terminals
Long threaded steel rod
Metal rod connector sleeve",Hardwired,Fixture Wiring,No,"Screwdriver, 
Wire Stripper",Low,Yes,No,40mm,-,-,Indoor,,,,,,,,,,,,,,2.7,E27 Gloss Green Pendant Lamp Holder,E27 pendant lamp holder,lamp holder,"ceiling rose, lampshade, light shade, bulb, led strip, downlight, spotlight, pendant cable, flex cable, lamp shade ring",£0.21,£0.15,E27 lamp holder
LHLTE27WH,http://dashboard.digitweblk.com/Productimages/LHLTE27WH.jpg,,71,,White,White,E27,NO,NO,Pendant ,FALSE,Cylindrical Ceramic Body,-,-,-,No,Ceramic ,-,Ceramic ,110–240 V,60W,Screw terminal,"Depends on 
bulb & Switch ",IP20,50Hz,2,Yes,"Ceramic E27 socket body
Internal brass terminals
Long threaded steel rod
Metal rod connector sleeve",Hardwired,Fixture Wiring,No,"Screwdriver, 
Wire Stripper",Low,Yes,No,40mm,-,-,Indoor,,,,,,,,,,,,,,2.7,E27 White Pendant Lamp Holder,E27 pendant lamp holder,lamp holder,"ceiling rose, lampshade, light shade, bulb, led strip, downlight, spotlight, pendant cable, flex cable, lamp shade ring",£0.21,£0.12,E27 lamp holder
LHLTE27YE,http://dashboard.digitweblk.com/Productimages/LHLTE27YE.jpg,,-2,,gloss Yellow,Yellow,E27,NO,NO,Pendant ,FALSE,Cylindrical Ceramic Body,-,-,-,No,Ceramic ,-,Ceramic ,110–240 V,60W,Screw terminal,"Depends on 
bulb & Switch ",IP20,50Hz,2,Yes,"Ceramic E27 socket body
Internal brass terminals
Long threaded steel rod
Metal rod connector sleeve",Hardwired,Fixture Wiring,No,"Screwdriver, 
Wire Stripper",Low,Yes,No,40mm,-,-,Indoor,,,,,,,,,,,,,,2.7,E27 Gloss Yellow Pendant Lamp Holder,E27 pendant lamp holder,lamp holder,"ceiling rose, lampshade, light shade, bulb, led strip, downlight, spotlight, pendant cable, flex cable, lamp shade ring",£0.21,£0.15,E27 lamp holder
LHLWB22WH,http://dashboard.digitweblk.com/Productimages/BKLHRB22WE.jpg,,3,,White,White,B22,NO,NO,Pendant ,TRUE,Conical Plastic Body,-,1,-,Yes,plastic,plastic,Heat Resistant Plastic,110–240 V,60W,Screw terminal,"Depends on 
bulb & Switch ",IP20,,1,No,"Metal top cap with cable screw
Outer metal sleeve body
Inner E27 socket insert
Rotary switch module
Bottom threaded body
Two shade locking rings
Cable grip",Hardwired,Fixture Wiring,No,"Screwdriver, 
Wire Stripper",Low,Yes,No,40mm,"Fabric / glass / 
metal shades","Any lamp shade with
40mmm top opening
can be fited",Indoor,85,41,41,41,,,,,,,,,,2.7,B22 White Pendant Lamp Holder,B22 pendant lamp holder,lamp holder,"ceiling rose, lampshade, light shade, bulb, led strip, downlight, spotlight, pendant cable, flex cable, lamp shade ring",£0.21,£0.12,B22 lamp holder | B22 bayonet lamp holder | B22 pendant bulb holder
LHMTE27FG,https://dashboard.digitweblk.com/Productimages/3215.jpg,,-1,,French Gold ,Silver,E27,YES,Rotary Switch,Pendant,TRUE,Threaded cylinder,-,2,1,Yes,Metal,Metal,Plastic,110-240V,60W,Screw terminal,"Depends on 
bulb & Switch ",IP20,50Hz,2,No,"Metal top cap with cable screw
Outer metal sleeve body
Inner E27 socket insert
Rotary switch module
Bottom threaded body
Two shade locking rings
Cable grip",Hardwired,Fixture Wiring,No,"Screwdriver, 
Wire Stripper",Low,Yes,No,40mm,"Fabric / glass / 
metal shades","Any lamp shade with
40mmm top opening
can be fited",Indoor,69,35,35,35,,,,,,,,,,2.7,E27 French Gold Switched Lamp Holder,E27 switched lamp holder,lamp holder,"ceiling rose, lampshade, light shade, bulb, led strip, downlight, spotlight, pendant cable, flex cable, lamp shade ring",£0.21,£0.12,E27 lamp holder | french gold lamp holder | E27 french gold pendant lamp holder | E27 lamp holder with switch | switched lamp holder
LHNHE27BY,http://dashboard.digitweblk.com/Productimages/NKBTEHRBK.jpg,,56,,Shiny Black,Shiny Black,E27,NO,NO,"Cable / 
Pendant Mount",FALSE,Decorative ribbed body,0,0,1,Yes,Metal,Metal,Ceramic,110-240V,60W,Screw terminal,"Depends on 
bulb & Switch ",IP20,50Hz,2,No,"Decorative Holder Cover
Cord Grip / Cable Strain Relief
M10 Hollow Threaded Nipple
Fixing Lock Nut
Socket Mount Bracket
E27 Ceramic Lamp Holder",Hardwired,Fixture Wiring,No,"Screwdriver, 
Wire Stripper",Low,Yes,No,-,-,-,Indoor,110,48,48,48,,,,,,,,,,2.7,E27 Shiny Black Pendant Lamp Holder,E27 pendant lamp holder,lamp holder,"ceiling rose, lampshade, light shade, bulb, led strip, downlight, spotlight, pendant cable, flex cable, lamp shade ring",£0.21,£0.12,E27 lamp holder
LHNHE27CH,http://dashboard.digitweblk.com/Productimages/NKBTEHRCE.jpg,,40,,Polished Chrome,Silver,E27,NO,NO,,FALSE,Decorative ribbed body,0,0,1,Yes,Metal,Metal,Ceramic,110-240V,60W,Screw terminal,"Depends on 
bulb & Switch ",IP20,50Hz,2,No,"Decorative Holder Cover
Cord Grip / Cable Strain Relief
M10 Hollow Threaded Nipple
Fixing Lock Nut
Socket Mount Bracket
E27 Ceramic Lamp Holder",Hardwired,Fixture Wiring,No,"Screwdriver, 
Wire Stripper",Low,Yes,No,-,-,-,Indoor,110,48,48,48,,,,,,,,,,2.7,E27 Polished Chrome Pendant Lamp Holder,E27 pendant lamp holder,lamp holder,"ceiling rose, lampshade, light shade, bulb, led strip, downlight, spotlight, pendant cable, flex cable, lamp shade ring",£0.21,£0.12,E27 lamp holder | polished chrome lamp holder | E27 polished chrome pendant lamp holder
LHNHE27CO,http://dashboard.digitweblk.com/Productimages/NKBTEHRCR.jpg,,21,,Brass / Gold,Copper,E27,NO,NO,,FALSE,Decorative ribbed body,0,0,1,Yes,Metal,Metal,Ceramic,110-240V,60W,Screw terminal,"Depends on 
bulb & Switch ",IP20,50Hz,2,No,"Decorative Holder Cover
Cord Grip / Cable Strain Relief
M10 Hollow Threaded Nipple
Fixing Lock Nut
Socket Mount Bracket
E27 Ceramic Lamp Holder",Hardwired,Fixture Wiring,No,"Screwdriver, 
Wire Stripper",Low,Yes,No,-,-,-,Indoor,110,48,48,48,,,,,,,,,,2.7,E27 Brass / Copper Pendant Lamp Holder,E27 pendant lamp holder,lamp holder,"ceiling rose, lampshade, light shade, bulb, led strip, downlight, spotlight, pendant cable, flex cable, lamp shade ring",£0.21,£0.12,E27 lamp holder | brass / copper lamp holder | E27 brass / copper pendant lamp holder
LHNHE27GB,http://dashboard.digitweblk.com/Productimages/LHNHE27GB.jpg,,72,,Brass ,Green Brass,E27,NO,NO,,FALSE,Decorative ribbed body,0,0,1,Yes,Metal,Metal,Ceramic,110-240V,60W,Screw terminal,"Depends on 
bulb & Switch ",IP20,50Hz,2,No,"Decorative Holder Cover
Cord Grip / Cable Strain Relief
M10 Hollow Threaded Nipple
Fixing Lock Nut
Socket Mount Bracket
E27 Ceramic Lamp Holder",Hardwired,Fixture Wiring,No,"Screwdriver, 
Wire Stripper",Low,Yes,No,-,-,-,Indoor,110,48,48,48,,,,,,,,,,2.7,E27 Brass Pendant Lamp Holder,E27 pendant lamp holder,lamp holder,"ceiling rose, lampshade, light shade, bulb, led strip, downlight, spotlight, pendant cable, flex cable, lamp shade ring",£0.21,£0.12,E27 lamp holder | brass lamp holder | E27 brass pendant lamp holder
LHNHE27YB,http://dashboard.digitweblk.com/Productimages/NKBTEHRBS.jpg,,54,,Brass / Gold,Yellow Brass,E27,NO,NO,,FALSE,Decorative ribbed body,0,0,1,Yes,Metal,Metal,Ceramic,110-240V,60W,Screw terminal,"Depends on 
bulb & Switch ",IP20,50Hz,2,No,"Decorative Holder Cover
Cord Grip / Cable Strain Relief
M10 Hollow Threaded Nipple
Fixing Lock Nut
Socket Mount Bracket
E27 Ceramic Lamp Holder",Hardwired,Fixture Wiring,No,"Screwdriver, 
Wire Stripper",Low,Yes,No,-,-,-,Indoor,110,48,48,48,,,,,,,,,,2.7,E27 Brass / Copper Pendant Lamp Holder,E27 pendant lamp holder,lamp holder,"ceiling rose, lampshade, light shade, bulb, led strip, downlight, spotlight, pendant cable, flex cable, lamp shade ring",£0.21,£0.12,E27 lamp holder | brass / copper lamp holder | E27 brass / copper pendant lamp holder
LHNSE27- Fully Earthed Pendant Holder,http://dashboard.digitweblk.com/Productimages/7813.jpg,,10,,-,,E27,NO,NO,,TRUE,"Smooth cylinder with
 knurled ring",0,0,1,Yes,Metal,Metal,Ceramic,110-240V,60W,Strip Wire ,"Depends on 
bulb & Switch ",IP20,50Hz,1,yes,"Cord Grip / Cable Entry
Threaded Nipple (M10 Hollow Thread Tube)
Fixing Lock Nut
Metal Lamp Holder Body
Knurled Shade Ring",Hardwired,Fixture Wiring,No,"Screwdriver, 
Wire Stripper",Low,Yes,No,40mm,"Fabric / glass / 
metal shades/Hemp shade 
Cages","Any lamp shade with
40mmm top opening
can be fited",Indoor ,90,40,40,40,,,,,,,,,,2.7,E27 Pendant Lamp Holder,E27 pendant lamp holder,lamp holder,"ceiling rose, lampshade, light shade, bulb, led strip, downlight, spotlight, pendant cable, flex cable, lamp shade ring",£0.21,£0.12,E27 lamp holder
LHNSE27BM,http://dashboard.digitweblk.com/Productimages/STHRLNMBK.jpg,,900,,Matte Black,Black,E27,NO,NO,Ceiling ,TRUE,"Smooth cylinder with
 knurled ring",-,1,1,No,Metal,Metal,Ceramic,110-240V,60W,Strip Wire ,"Depends on 
bulb & Switch ",IP20,50Hz,1,yes,"Cord Grip / Cable Entry
Threaded Nipple (M10 Hollow Thread Tube)
Fixing Lock Nut
Metal Lamp Holder Body
Knurled Shade Ring",Hardwired,Fixture Wiring,No,"Screwdriver, 
Wire Stripper",Low,Yes,No,40mm,"Fabric / glass / 
metal shades/Hemp shade 
Cages","Any lamp shade with
40mmm top opening
can be fited",Indoor ,90,40,40,40,,,,,,,,,,2.7,E27 Matte Black Ceiling  Pendant Lamp Holder,E27 lamp holder,lamp holder,"ceiling rose, lampshade, light shade, bulb, led strip, downlight, spotlight, pendant cable, flex cable, lamp shade ring",£0.21,£0.12,E27 lamp holder
LHNSE27BY,http://dashboard.digitweblk.com/Productimages/STHRLNBK.jpg,,158,,Shiny Black,Shiny Black,E27,NO,NO,Ceiling ,TRUE,"Smooth cylinder with
 knurled ring",-,1,1,No,Metal,Metal,Ceramic,110-240V,60W,Strip Wire ,"Depends on 
bulb & Switch ",IP20,50Hz,1,yes,"Cord Grip / Cable Entry
Threaded Nipple (M10 Hollow Thread Tube)
Fixing Lock Nut
Metal Lamp Holder Body
Knurled Shade Ring",Hardwired,Fixture Wiring,No,"Screwdriver, 
Wire Stripper",Low,Yes,No,40mm,"Fabric / glass / 
metal shades/Hemp shade 
Cages","Any lamp shade with
40mmm top opening
can be fited",Indoor ,90,40,40,40,,,,,,,,,,2.7,E27 Shiny Black Ceiling Pendant Lamp Holder,E27 lamp holder,lamp holder,"ceiling rose, lampshade, light shade, bulb, led strip, downlight, spotlight, pendant cable, flex cable, lamp shade ring",£0.21,£0.12,E27 lamp holder
LHNSE27BY-IDE,http://dashboard.digitweblk.com/Productimages/7821.jpg,,10,,Shiny Black,Shiny Black,E27,NO,NO,Ceiling ,TRUE,"Smooth cylinder with
 knurled ring",-,1,1,No,Metal,Metal,Ceramic,110-240V,60W,Strip Wire ,"Depends on 
bulb & Switch ",IP20,50Hz,1,yes,"Cord Grip / Cable Entry
Threaded Nipple (M10 Hollow Thread Tube)
Fixing Lock Nut
Metal Lamp Holder Body
Knurled Shade Ring",Hardwired,Fixture Wiring,No,"Screwdriver, 
Wire Stripper",Low,Yes,No,40mm,"Fabric / glass / 
metal shades/Hemp shade 
Cages","Any lamp shade with
40mmm top opening
can be fited",Indoor ,90,40,40,40,,,,,,,,,,2.7,E27 Shiny Black Ceiling  Pendant Lamp Holder,E27 lamp holder,lamp holder,"ceiling rose, lampshade, light shade, bulb, led strip, downlight, spotlight, pendant cable, flex cable, lamp shade ring",£0.21,£0.12,E27 lamp holder
LHNSE27CH,http://dashboard.digitweblk.com/Productimages/STHRLNCE.jpg,,283,,Polished Chrome,Silver,E27,NO,NO,Ceiling ,TRUE,"Smooth cylinder with
 knurled ring",-,1,1,No,Metal,Metal,Ceramic,110-240V,60W,Strip Wire ,"Depends on 
bulb & Switch ",IP20,50Hz,1,yes,"Cord Grip / Cable Entry
Threaded Nipple (M10 Hollow Thread Tube)
Fixing Lock Nut
Metal Lamp Holder Body
Knurled Shade Ring",Hardwired,Fixture Wiring,No,"Screwdriver, 
Wire Stripper",Low,Yes,No,40mm,"Fabric / glass / 
metal shades/Hemp shade 
Cages","Any lamp shade with
40mmm top opening
can be fited",Indoor ,90,40,40,40,,,,,,,,,,2.7,E27 Polished Chrome Ceiling Pendant Lamp Holder,E27 lamp holder,lamp holder,"ceiling rose, lampshade, light shade, bulb, led strip, downlight, spotlight, pendant cable, flex cable, lamp shade ring",£0.21,£0.12,E27 lamp holder | polished chrome lamp holder | E27 polished chrome pendant lamp holder
LHNSE27CH-IDE,http://dashboard.digitweblk.com/Productimages/7817.jpg,,10,,Polished Chrome,Silver,E27,NO,NO,Ceiling ,TRUE,"Smooth cylinder with
 knurled ring",-,1,1,No,Metal,Metal,Ceramic,110-240V,60W,Strip Wire ,"Depends on 
bulb & Switch ",IP20,50Hz,1,yes,"Cord Grip / Cable Entry
Threaded Nipple (M10 Hollow Thread Tube)
Fixing Lock Nut
Metal Lamp Holder Body
Knurled Shade Ring",Hardwired,Fixture Wiring,No,"Screwdriver, 
Wire Stripper",Low,Yes,No,40mm,"Fabric / glass / 
metal shades/Hemp shade 
Cages","Any lamp shade with
40mmm top opening
can be fited",Indoor ,90,40,40,40,,,,,,,,,,2.7,E27 Polished Chrome Ceiling  Pendant Lamp Holder,E27 lamp holder,lamp holder,"ceiling rose, lampshade, light shade, bulb, led strip, downlight, spotlight, pendant cable, flex cable, lamp shade ring",£0.21,£0.12,E27 lamp holder | polished chrome lamp holder | E27 polished chrome pendant lamp holder
LHNSE27CO,http://dashboard.digitweblk.com/Productimages/STHRLNCR.jpg,,932,,Brass / Gold,Copper,E27,NO,NO,Ceiling ,TRUE,"Smooth cylinder with
 knurled ring",-,1,1,No,Metal,Metal,Ceramic,110-240V,60W,Strip Wire ,"Depends on 
bulb & Switch ",IP20,50Hz,1,yes,"Cord Grip / Cable Entry
Threaded Nipple (M10 Hollow Thread Tube)
Fixing Lock Nut
Metal Lamp Holder Body
Knurled Shade Ring",Hardwired,Fixture Wiring,No,"Screwdriver, 
Wire Stripper",Low,Yes,No,40mm,"Fabric / glass / 
metal shades/Hemp shade 
Cages","Any lamp shade with
40mmm top opening
can be fited",Indoor ,90,40,40,40,,,,,,,,,,2.7,E27 Brass / Copper Ceiling Pendant Lamp Holder,E27 lamp holder,lamp holder,"ceiling rose, lampshade, light shade, bulb, led strip, downlight, spotlight, pendant cable, flex cable, lamp shade ring",£0.21,£0.12,E27 lamp holder | brass / copper lamp holder | E27 brass / copper pendant lamp holder
LHNSE27CO-IDE,http://dashboard.digitweblk.com/Productimages/7819.jpg,,10,,Brass / Gold,Copper,E27,NO,NO,Ceiling ,TRUE,"Smooth cylinder with
 knurled ring",-,1,1,No,Metal,Metal,Ceramic,110-240V,60W,Strip Wire ,"Depends on 
bulb & Switch ",IP20,50Hz,1,yes,"Cord Grip / Cable Entry
Threaded Nipple (M10 Hollow Thread Tube)
Fixing Lock Nut
Metal Lamp Holder Body
Knurled Shade Ring",Hardwired,Fixture Wiring,No,"Screwdriver, 
Wire Stripper",Low,Yes,No,40mm,"Fabric / glass / 
metal shades/Hemp shade 
Cages","Any lamp shade with
40mmm top opening
can be fited",Indoor ,90,40,40,40,,,,,,,,,,2.7,E27 Brass / Copper Ceiling  Pendant Lamp Holder,E27 lamp holder,lamp holder,"ceiling rose, lampshade, light shade, bulb, led strip, downlight, spotlight, pendant cable, flex cable, lamp shade ring",£0.21,£0.12,E27 lamp holder | brass / copper lamp holder | E27 brass / copper pendant lamp holder
LHNSE27FG,http://dashboard.digitweblk.com/Productimages/LHNSE27FG.jpg,,99,,French Gold ,Silver,E27,NO,NO,Ceiling ,TRUE,"Smooth cylinder with
 knurled ring",-,1,1,No,Metal,Metal,Ceramic,110-240V,60W,Strip Wire ,"Depends on 
bulb & Switch ",IP20,50Hz,1,yes,"Cord Grip / Cable Entry
Threaded Nipple (M10 Hollow Thread Tube)
Fixing Lock Nut
Metal Lamp Holder Body
Knurled Shade Ring",Hardwired,Fixture Wiring,No,"Screwdriver, 
Wire Stripper",Low,Yes,No,40mm,"Fabric / glass / 
metal shades/Hemp shade 
Cages","Any lamp shade with
40mmm top opening
can be fited",Indoor ,90,40,40,40,,,,,,,,,,2.7,E27 French Gold Ceiling Pendant Lamp Holder,E27 lamp holder,lamp holder,"ceiling rose, lampshade, light shade, bulb, led strip, downlight, spotlight, pendant cable, flex cable, lamp shade ring",£0.21,£0.12,E27 lamp holder | french gold lamp holder | E27 french gold pendant lamp holder
LHNSE27GB,http://dashboard.digitweblk.com/Productimages/STHRLNGBS.jpg,,384,,Brass ,Green Brass,E27,NO,NO,Ceiling ,TRUE,"Smooth cylinder with
 knurled ring",-,1,1,No,Metal,Metal,Ceramic,110-240V,60W,Strip Wire ,"Depends on 
bulb & Switch ",IP20,50Hz,1,yes,"Cord Grip / Cable Entry
Threaded Nipple (M10 Hollow Thread Tube)
Fixing Lock Nut
Metal Lamp Holder Body
Knurled Shade Ring",Hardwired,Fixture Wiring,No,"Screwdriver, 
Wire Stripper",Low,Yes,No,40mm,"Fabric / glass / 
metal shades/Hemp shade 
Cages","Any lamp shade with
40mmm top opening
can be fited",Indoor ,90,40,40,40,,,,,,,,,,2.7,E27 Brass Ceiling  Pendant Lamp Holder,E27 lamp holder,lamp holder,"ceiling rose, lampshade, light shade, bulb, led strip, downlight, spotlight, pendant cable, flex cable, lamp shade ring",£0.21,£0.12,E27 lamp holder | brass lamp holder | E27 brass pendant lamp holder
LHNSE27GB-IDE,http://dashboard.digitweblk.com/Productimages/7820.jpg,,10,,Green Brass ,,E27,NO,NO,Ceiling ,TRUE,"Smooth cylinder with
 knurled ring",-,1,1,No,Metal,Metal,Ceramic,110-240V,60W,Strip Wire ,"Depends on 
bulb & Switch ",IP20,50Hz,1,yes,"Cord Grip / Cable Entry
Threaded Nipple (M10 Hollow Thread Tube)
Fixing Lock Nut
Metal Lamp Holder Body
Knurled Shade Ring",Hardwired,Fixture Wiring,No,"Screwdriver, 
Wire Stripper",Low,Yes,No,40mm,"Fabric / glass / 
metal shades/Hemp shade 
Cages","Any lamp shade with
40mmm top opening
can be fited",Indoor ,90,40,40,40,,,,,,,,,,2.7,E27 Green Brass Ceiling  Pendant Lamp Holder,E27 lamp holder,lamp holder,"ceiling rose, lampshade, light shade, bulb, led strip, downlight, spotlight, pendant cable, flex cable, lamp shade ring",£0.21,£0.12,E27 lamp holder | green brass lamp holder | E27 green brass pendant lamp holder
LHNSE27RO,http://dashboard.digitweblk.com/Productimages/STHRLNRGD.jpg,,110,,Rose gold,Rose gold,E27,NO,NO,Ceiling ,TRUE,"Smooth cylinder with
 knurled ring",-,1,1,No,Metal,Metal,Ceramic,110-240V,60W,Strip Wire ,"Depends on 
bulb & Switch ",IP20,50Hz,1,yes,"Cord Grip / Cable Entry
Threaded Nipple (M10 Hollow Thread Tube)
Fixing Lock Nut
Metal Lamp Holder Body
Knurled Shade Ring",Hardwired,Fixture Wiring,No,"Screwdriver, 
Wire Stripper",Low,Yes,No,40mm,"Fabric / glass / 
metal shades/Hemp shade 
Cages","Any lamp shade with
40mmm top opening
can be fited",Indoor ,90,40,40,40,,,,,,,,,,2.7,E27 Rose Gold Ceiling  Pendant Lamp Holder,E27 lamp holder,lamp holder,"ceiling rose, lampshade, light shade, bulb, led strip, downlight, spotlight, pendant cable, flex cable, lamp shade ring",£0.21,£0.12,E27 lamp holder | rose gold lamp holder | E27 rose gold pendant lamp holder
LHNSE27RO-IDE,http://dashboard.digitweblk.com/Productimages/7818.jpg,,10,,Rose Gold ,Rose Gold ,E27,NO,NO,Ceiling ,TRUE,"Smooth cylinder with
 knurled ring",-,1,1,No,Metal,Metal,Ceramic,110-240V,60W,Strip Wire ,"Depends on 
bulb & Switch ",IP20,50Hz,1,yes,"Cord Grip / Cable Entry
Threaded Nipple (M10 Hollow Thread Tube)
Fixing Lock Nut
Metal Lamp Holder Body
Knurled Shade Ring",Hardwired,Fixture Wiring,No,"Screwdriver, 
Wire Stripper",Low,Yes,No,40mm,"Fabric / glass / 
metal shades/Hemp shade 
Cages","Any lamp shade with
40mmm top opening
can be fited",Indoor ,90,40,40,40,,,,,,,,,,2.7,E27 Rose Gold Ceiling Pendant Lamp Holder,E27 lamp holder,lamp holder,"ceiling rose, lampshade, light shade, bulb, led strip, downlight, spotlight, pendant cable, flex cable, lamp shade ring",£0.21,£0.12,E27 lamp holder | rose gold lamp holder | E27 rose gold pendant lamp holder
LHNSE27SN,http://dashboard.digitweblk.com/Productimages/LHNSE27SN.jpg,,388,,Brass ,Satin Nickel,E27,NO,NO,Ceiling ,TRUE,"Smooth cylinder with
 knurled ring",-,1,1,No,Metal,Metal,Ceramic,110-240V,60W,Strip Wire ,"Depends on 
bulb & Switch ",IP20,50Hz,1,yes,"Cord Grip / Cable Entry
Threaded Nipple (M10 Hollow Thread Tube)
Fixing Lock Nut
Metal Lamp Holder Body
Knurled Shade Ring",Hardwired,Fixture Wiring,No,"Screwdriver, 
Wire Stripper",Low,Yes,No,40mm,"Fabric / glass / 
metal shades/Hemp shade 
Cages","Any lamp shade with
40mmm top opening
can be fited",Indoor ,90,40,40,40,,,,,,,,,,2.7,E27 Brass Ceiling Pendant Lamp Holder,E27 lamp holder,lamp holder,"ceiling rose, lampshade, light shade, bulb, led strip, downlight, spotlight, pendant cable, flex cable, lamp shade ring",£0.21,£0.12,E27 lamp holder | brass lamp holder | E27 brass pendant lamp holder
LHNSE27SN-IDE,http://dashboard.digitweblk.com/Productimages/7814.jpg,,10,,Brass ,Satin Nickel,E27,NO,NO,Ceiling ,TRUE,"Smooth cylinder with
 knurled ring",-,1,1,No,Metal,Metal,Ceramic,110-240V,60W,Strip Wire ,"Depends on 
bulb & Switch ",IP20,50Hz,1,yes,"Cord Grip / Cable Entry
Threaded Nipple (M10 Hollow Thread Tube)
Fixing Lock Nut
Metal Lamp Holder Body
Knurled Shade Ring",Hardwired,Fixture Wiring,No,"Screwdriver, 
Wire Stripper",Low,Yes,No,40mm,"Fabric / glass / 
metal shades/Hemp shade 
Cages","Any lamp shade with
40mmm top opening
can be fited",Indoor ,90,40,40,40,,,,,,,,,,2.7,E27 Brass Ceiling  Pendant Lamp Holder,E27 lamp holder,lamp holder,"ceiling rose, lampshade, light shade, bulb, led strip, downlight, spotlight, pendant cable, flex cable, lamp shade ring",£0.21,£0.12,E27 lamp holder | brass lamp holder | E27 brass pendant lamp holder
LHNSE27WH,http://dashboard.digitweblk.com/Productimages/LHNSE27WH.jpg,,113,,White,White,E27,NO,NO,Ceiling ,TRUE,"Smooth cylinder with
 knurled ring",-,1,1,No,Metal,Metal,Ceramic,110-240V,60W,Strip Wire ,"Depends on 
bulb & Switch ",IP20,50Hz,1,yes,"Cord Grip / Cable Entry
Threaded Nipple (M10 Hollow Thread Tube)
Fixing Lock Nut
Metal Lamp Holder Body
Knurled Shade Ring",Hardwired,Fixture Wiring,No,"Screwdriver, 
Wire Stripper",Low,Yes,No,40mm,"Fabric / glass / 
metal shades/Hemp shade 
Cages","Any lamp shade with
40mmm top opening
can be fited",Indoor ,90,40,40,40,,,,,,,,,,2.7,E27 White Ceiling  Lamp Holder,E27 lamp holder,lamp holder,"ceiling rose, lampshade, light shade, bulb, led strip, downlight, spotlight, pendant cable, flex cable, lamp shade ring",£0.21,£0.12,E27 lamp holder
LHNSE27WH-IDE,http://dashboard.digitweblk.com/Productimages/7815.jpg,,10,,White,,E27,NO,NO,Ceiling ,TRUE,"Smooth cylinder with
 knurled ring",-,1,1,No,Metal,Metal,Ceramic,110-240V,60W,Strip Wire ,"Depends on 
bulb & Switch ",IP20,50Hz,1,yes,"Cord Grip / Cable Entry
Threaded Nipple (M10 Hollow Thread Tube)
Fixing Lock Nut
Metal Lamp Holder Body
Knurled Shade Ring",Hardwired,Fixture Wiring,No,"Screwdriver, 
Wire Stripper",Low,Yes,No,40mm,"Fabric / glass / 
metal shades/Hemp shade 
Cages","Any lamp shade with
40mmm top opening
can be fited",Indoor ,90,40,40,40,,,,,,,,,,2.7,E27 White Ceiling Lamp Holder,E27 lamp holder,lamp holder,"ceiling rose, lampshade, light shade, bulb, led strip, downlight, spotlight, pendant cable, flex cable, lamp shade ring",£0.21,£0.12,E27 lamp holder
LHNSE27YB,http://dashboard.digitweblk.com/Productimages/STHRLNYBS.jpg,,1150,,Brass / Gold,Yellow Brass,E27,NO,NO,Ceiling ,TRUE,"Smooth cylinder with
 knurled ring",-,1,1,No,Metal,Metal,Ceramic,110-240V,60W,Strip Wire ,"Depends on 
bulb & Switch ",IP20,50Hz,1,yes,"Cord Grip / Cable Entry
Threaded Nipple (M10 Hollow Thread Tube)
Fixing Lock Nut
Metal Lamp Holder Body
Knurled Shade Ring",Hardwired,Fixture Wiring,No,"Screwdriver, 
Wire Stripper",Low,Yes,No,40mm,"Fabric / glass / 
metal shades/Hemp shade 
Cages","Any lamp shade with
40mmm top opening
can be fited",Indoor ,90,40,40,40,,,,,,,,,,2.7,E27 Brass / Copper Ceiling Lamp Holder,E27 lamp holder,lamp holder,"ceiling rose, lampshade, light shade, bulb, led strip, downlight, spotlight, pendant cable, flex cable, lamp shade ring",£0.21,£0.12,E27 lamp holder | brass / copper lamp holder | E27 brass / copper pendant lamp holder
LHNSE27YB-IDE,http://dashboard.digitweblk.com/Productimages/7816.jpg,,10,,Brass / Gold,Yellow Brass,E27,NO,NO,Ceiling ,TRUE,"Smooth cylinder with
 knurled ring",-,1,1,No,Metal,Metal,Ceramic,110-240V,60W,Strip Wire ,"Depends on 
bulb & Switch ",IP20,50Hz,1,yes,"Cord Grip / Cable Entry
Threaded Nipple (M10 Hollow Thread Tube)
Fixing Lock Nut
Metal Lamp Holder Body
Knurled Shade Ring",Hardwired,Fixture Wiring,No,"Screwdriver, 
Wire Stripper",Low,Yes,No,40mm,"Fabric / glass / 
metal shades/Hemp shade 
Cages","Any lamp shade with
40mmm top opening
can be fited",Indoor ,90,40,40,40,,,,,,,,,,2.7,E27 Brass / Copper Ceiling Lamp Holder,E27 lamp holder,lamp holder,"ceiling rose, lampshade, light shade, bulb, led strip, downlight, spotlight, pendant cable, flex cable, lamp shade ring",£0.21,£0.12,E27 lamp holder | brass / copper lamp holder | E27 brass / copper pendant lamp holder
LHPHE27GB,http://dashboard.digitweblk.com/Productimages/PNHRGBS.jpg,,2,,Brass ,Green Brass,E27,NO,NO,Pendant ,FALSE,Cylindrical vintage body,-,-,-,yes,Metal,Metal,Ceramic,110-250V,60W,Screw terminal,"Depends on 
bulb & Switch ",IP20,50Hz,2,yes,"Top cap,Cord grip,
Metal body shell,
Ceramic socket insert",Hardwired,Fixture Wiring,No,"Screwdriver, 
Wire Stripper",Low,Yes,No,-,-,-,Indoor ,70,40,40,40,,,,,,,,,,2.7,E27 Brass Pendant Lamp Holder,E27 pendant lamp holder,lamp holder,"ceiling rose, lampshade, light shade, bulb, led strip, downlight, spotlight, pendant cable, flex cable, lamp shade ring",£0.21,£0.12,E27 lamp holder | brass lamp holder | E27 brass pendant lamp holder
LHPHE27RO,https://dashboard.digitweblk.com/Productimages/5137.jpg,,61,,Rose gold,Rose gold,E27,NO,NO,Pendant ,FALSE,Cylindrical vintage body,-,-,-,yes,Metal,Metal,Ceramic,110-250V,60W,Screw terminal,"Depends on 
bulb & Switch ",IP20,50Hz,2,yes,"Top cap,Cord grip,
Metal body shell,
Ceramic socket insert",Hardwired,Fixture Wiring,No,"Screwdriver, 
Wire Stripper",Low,Yes,No,-,-,-,Indoor ,70,40,40,40,,,,,,,,,,2.7,E27 Rose Gold Pendant Lamp Holder,E27 pendant lamp holder,lamp holder,"ceiling rose, lampshade, light shade, bulb, led strip, downlight, spotlight, pendant cable, flex cable, lamp shade ring",£0.21,£0.12,E27 lamp holder | rose gold lamp holder | E27 rose gold pendant lamp holder
LHPHE27YB,http://dashboard.digitweblk.com/Productimages/PNHRYBS.jpg,,18,,Brass / Gold,Yellow Brass,E27,NO,NO,Pendant ,FALSE,Cylindrical vintage body,-,-,-,yes,Metal,Metal,Ceramic,110-250V,60W,Screw terminal,"Depends on 
bulb & Switch ",IP20,50Hz,2,yes,"Top cap,Cord grip,
Metal body shell,
Ceramic socket insert",Hardwired,Fixture Wiring,No,"Screwdriver, 
Wire Stripper",Low,Yes,No,-,-,-,Indoor ,70,40,40,40,,,,,,,,,,2.7,E27 Brass / Copper Pendant Lamp Holder,E27 pendant lamp holder,lamp holder,"ceiling rose, lampshade, light shade, bulb, led strip, downlight, spotlight, pendant cable, flex cable, lamp shade ring",£0.21,£0.12,E27 lamp holder | brass / copper lamp holder | E27 brass / copper pendant lamp holder
LHPOE27BM,https://dashboard.digitweblk.com/Productimages/23193.jpg,,413,,Matte Black,Black,E27,NO,NO,Pendant ,FALSE,Cylindrical vintage body,-,-,-,yes,Metal,Metal,Ceramic,110-250V,60W,Screw terminal,"Depends on 
bulb & Switch ",IP20,50Hz,2,yes,"Top cap,Cord grip,
Metal body shell,
Ceramic socket insert",Hardwired,Fixture Wiring,No,"Screwdriver, 
Wire Stripper",Low,Yes,No,-,-,-,Indoor ,70,40,40,40,,,,,,,,,,2.7,E27 Matte Black Pendant Lamp Holder,E27 pendant lamp holder,lamp holder,"ceiling rose, lampshade, light shade, bulb, led strip, downlight, spotlight, pendant cable, flex cable, lamp shade ring",£0.21,£0.12,E27 lamp holder
LHPOE27CH,https://dashboard.digitweblk.com/Productimages/23004.jpg,,150,,Polished Chrome,Silver,E27,NO,NO,Pendant ,FALSE,Cylindrical vintage body,-,-,-,yes,Metal,Metal,Ceramic,110-250V,60W,Screw terminal,"Depends on 
bulb & Switch ",IP20,50Hz,2,yes,"Top cap,Cord grip,
Metal body shell,
Ceramic socket insert",Hardwired,Fixture Wiring,No,"Screwdriver, 
Wire Stripper",Low,Yes,No,-,-,-,Indoor ,70,40,40,40,,,,,,,,,,2.7,E27 Polished Chrome Pendant Lamp Holder,E27 pendant lamp holder,lamp holder,"ceiling rose, lampshade, light shade, bulb, led strip, downlight, spotlight, pendant cable, flex cable, lamp shade ring",£0.21,£0.12,E27 lamp holder | polished chrome lamp holder | E27 polished chrome pendant lamp holder
LHPOE27CO,https://dashboard.digitweblk.com/Productimages/23005.jpg,,66,,Brass / Gold,Copper,E27,NO,NO,Pendant ,FALSE,Cylindrical vintage body,-,-,-,yes,Metal,Metal,Ceramic,110-250V,60W,Screw terminal,"Depends on 
bulb & Switch ",IP20,50Hz,2,yes,"Top cap,Cord grip,
Metal body shell,
Ceramic socket insert",Hardwired,Fixture Wiring,No,"Screwdriver, 
Wire Stripper",Low,Yes,No,-,-,-,Indoor ,70,40,40,40,,,,,,,,,,2.7,E27 Brass / Copper Pendant Lamp Holder,E27 pendant lamp holder,lamp holder,"ceiling rose, lampshade, light shade, bulb, led strip, downlight, spotlight, pendant cable, flex cable, lamp shade ring",£0.21,£0.12,E27 lamp holder | brass / copper lamp holder | E27 brass / copper pendant lamp holder
LHPOE27FG,https://dashboard.digitweblk.com/Productimages/23006.jpg,,74,,French Gold ,Silver,E27,NO,NO,Pendant ,FALSE,Cylindrical vintage body,-,-,-,yes,Metal,Metal,Ceramic,110-250V,60W,Screw terminal,"Depends on 
bulb & Switch ",IP20,50Hz,2,yes,"Top cap,Cord grip,
Metal body shell,
Ceramic socket insert",Hardwired,Fixture Wiring,No,"Screwdriver, 
Wire Stripper",Low,Yes,No,-,-,-,Indoor ,70,40,40,40,,,,,,,,,,2.7,E27 French Gold Pendant Lamp Holder,E27 pendant lamp holder,lamp holder,"ceiling rose, lampshade, light shade, bulb, led strip, downlight, spotlight, pendant cable, flex cable, lamp shade ring",£0.21,£0.12,E27 lamp holder | french gold lamp holder | E27 french gold pendant lamp holder
LHPOE27SN,https://dashboard.digitweblk.com/Productimages/23007.jpg,,63,,Brass ,Satin Nickel,E27,NO,NO,Pendant ,FALSE,Cylindrical vintage body,-,-,-,yes,Metal,Metal,Ceramic,110-250V,60W,Screw terminal,"Depends on 
bulb & Switch ",IP20,50Hz,2,yes,"Top cap,Cord grip,
Metal body shell,
Ceramic socket insert",Hardwired,Fixture Wiring,No,"Screwdriver, 
Wire Stripper",Low,Yes,No,-,-,-,Indoor ,70,40,40,40,,,,,,,,,,2.7,E27 Brass Pendant Lamp Holder,E27 pendant lamp holder,lamp holder,"ceiling rose, lampshade, light shade, bulb, led strip, downlight, spotlight, pendant cable, flex cable, lamp shade ring",£0.21,£0.12,E27 lamp holder | brass lamp holder | E27 brass pendant lamp holder
LHPOE27WH,https://dashboard.digitweblk.com/Productimages/23192.jpg,,46,,White,White,E27,NO,NO,Pendant ,FALSE,Cylindrical vintage body,-,-,-,yes,Metal,Metal,Ceramic,110-250V,60W,Screw terminal,"Depends on 
bulb & Switch ",IP20,50Hz,2,yes,"Top cap,Cord grip,
Metal body shell,
Ceramic socket insert",Hardwired,Fixture Wiring,No,"Screwdriver, 
Wire Stripper",Low,Yes,No,-,-,-,Indoor ,70,40,40,40,,,,,,,,,,2.7,E27 White Pendant Lamp Holder,E27 pendant lamp holder,lamp holder,"ceiling rose, lampshade, light shade, bulb, led strip, downlight, spotlight, pendant cable, flex cable, lamp shade ring",£0.21,£0.12,E27 lamp holder
LHPOE27YB,https://dashboard.digitweblk.com/Productimages/23008.jpg,,102,,Brass / Gold,Yellow Brass,E27,NO,NO,Pendant ,FALSE,Cylindrical vintage body,-,-,-,yes,Metal,Metal,Ceramic,110-250V,60W,Screw terminal,"Depends on 
bulb & Switch ",IP20,50Hz,2,yes,"Top cap,Cord grip,
Metal body shell,
Ceramic socket insert",Hardwired,Fixture Wiring,No,"Screwdriver, 
Wire Stripper",Low,Yes,No,-,-,-,Indoor ,70,40,40,40,,,,,,,,,,2.7,E27 Brass / Copper Pendant Lamp Holder,E27 pendant lamp holder,lamp holder,"ceiling rose, lampshade, light shade, bulb, led strip, downlight, spotlight, pendant cable, flex cable, lamp shade ring",£0.21,£0.12,E27 lamp holder | brass / copper lamp holder | E27 brass / copper pendant lamp holder
LHPVE27BM,http://dashboard.digitweblk.com/Productimages/LHPVE27BM.jpg,,46,,Matte Black,Black,E27,NO,NO,"Pendant /
 Shade Mount",TRUE,Dome top threaded body,2,1,0,Yes,Thermoplastic,plastic,"Plastic + 
aluminum",110-250v,60W,Screw terminal,"Depends on 
bulb & Switch ",IP20,50Hz,1,No,"Top cap,Main threaded 
body,Shade ring,
Cord grip,
terminal module",Hardwired,Fixture Wiring,No,"Screwdriver, 
Wire Stripper",Low,Yes,No,40mm,"Fabric / glass / 
metal shades/Hemp shade 
Cages","Any lamp shade with
40mmm top opening
can be fited",Indoor ,54,38,56,56,,,,,,,,,,2.7,E27 Matte Black Pendant Lamp Holder,E27 pendant lamp holder,lamp holder,"ceiling rose, lampshade, light shade, bulb, led strip, downlight, spotlight, pendant cable, flex cable, lamp shade ring",£0.21,£0.12,E27 lamp holder
LHPVE27WH,http://dashboard.digitweblk.com/Productimages/LHPVE27WH.jpg,,416,,White,White,E27,NO,NO,"Pendant /
 Shade Mount",TRUE,Dome top threaded body,2,1,0,Yes,Thermoplastic,plastic,"Plastic + 
aluminum",110-250v,60W,Screw terminal,"Depends on 
bulb & Switch ",IP20,50Hz,1,No,"Top cap,Main threaded 
body,Shade ring,
Cord grip,
terminal module",Hardwired,Fixture Wiring,No,"Screwdriver, 
Wire Stripper",Low,Yes,No,40mm,"Fabric / glass / 
metal shades/Hemp shade 
Cages","Any lamp shade with
40mmm top opening
can be fited",Indoor ,54,38,56,56,,,,,,,,,,2.7,E27 White Pendant Lamp Holder,E27 pendant lamp holder,lamp holder,"ceiling rose, lampshade, light shade, bulb, led strip, downlight, spotlight, pendant cable, flex cable, lamp shade ring",£0.21,£0.12,E27 lamp holder
LHRBE27BM,https://dashboard.digitweblk.com/Productimages/7040.jpg,,1862,,Matte Black,Black,E27,NO,NO,Pendant,FALSE,Smooth Cylinder,-,-,-,No,plastic,-,Heat Resistant Plastic,110-250v,60W,Screw terminal,"Depends on 
bulb & Switch ",IP20,50Hz,1,No,"Plastic outer holder body (M5)
Internal E27 socket module (M5 base)
T4 top cap (for cable entry)",Hardwired,Fixture Wiring,No,"Screwdriver, 
Wire Stripper",Low,Yes,No,-,-,-,Indoor ,50,38,38,38,,,,,,,,,,2.7,E27 Matte Black Pendant Lamp Holder,E27 pendant lamp holder,lamp holder,"ceiling rose, lampshade, light shade, bulb, led strip, downlight, spotlight, pendant cable, flex cable, lamp shade ring",£0.21,£0.12,E27 lamp holder
LHRBE27WH,http://dashboard.digitweblk.com/Productimages/IRHRWE.jpg,,99,,White,White,E27,NO,NO,Pendant,FALSE,Smooth Cylinder,-,-,-,No,plastic,-,Heat Resistant Plastic,110-250v,60W,Screw terminal,"Depends on 
bulb & Switch ",IP20,50Hz,1,No,"Plastic outer holder body (M5)
Internal E27 socket module (M5 base)
T4 top cap (for cable entry)",Hardwired,Fixture Wiring,No,"Screwdriver, 
Wire Stripper",Low,Yes,No,-,-,-,Indoor ,50,38,38,38,,,,,,,,,,2.7,E27 White Pendant Lamp Holder,E27 pendant lamp holder,lamp holder,"ceiling rose, lampshade, light shade, bulb, led strip, downlight, spotlight, pendant cable, flex cable, lamp shade ring",£0.21,£0.12,E27 lamp holder
LHRGE27BN,http://dashboard.digitweblk.com/Productimages/R3HRE27MBK.jpg,,-7,,Mate Black,,E27,NO,NO,Pendant,TRUE,Pendant,-,1,1,Yes,Metal,Metal,Ceramic,110-250v,60W,Screw terminal,"Depends on 
bulb & Switch ",IP20,50Hz,2,No,"Plastic outer holder body (M5)
Internal E27 socket module (M5 base)
T4 top cap (for cable entry)",Hardwired,Fixture Wiring,No,"Screwdriver, 
Wire Stripper",Low,Yes,No,40mm,Metal shade / glass shade,"Any lamp shade with
40mmm top opening
can be fited",Indoor,50,38,38,38,,,,,,,,,,2.7,E27 Matte Black Pendant Lamp Holder,E27 pendant lamp holder,lamp holder,"ceiling rose, lampshade, light shade, bulb, led strip, downlight, spotlight, pendant cable, flex cable, lamp shade ring",£0.21,£0.12,E27 lamp holder
LHRHE27BY,http://dashboard.digitweblk.com/Productimages/RGHRBK.jpg,,80,,Shiny Black,,E27,NO,NO,Pendant,FALSE,Ribbed Cylinder,-,-,-,Yes,Metal,-,Ceramic,110-240V,60W,Screw terminal,"Depends on 
bulb & Switch ",IP20,50Hz,2,No,"Decorative top dome
Ribbed outer metal sleeve
Internal E27 socket module
",Hardwired,Fixture Wiring,No,"Screwdriver, 
Wire Stripper",Low,Yes,No,40mm,-,-,Indoor,78,42,42,42,,,,,,,,,,2.7,E27 Shiny Black Pendant Lamp Holder,E27 pendant lamp holder,lamp holder,"ceiling rose, lampshade, light shade, bulb, led strip, downlight, spotlight, pendant cable, flex cable, lamp shade ring",£0.21,£0.12,E27 lamp holder
LHRHE27CO,http://dashboard.digitweblk.com/Productimages/RGHRCR.jpg,,35,,Brass / Gold,Copper,E27,NO,NO,Pendant,FALSE,Ribbed Cylinder,-,-,-,Yes,Metal,-,Ceramic,110-240V,60W,Screw terminal,"Depends on 
bulb & Switch ",IP20,50Hz,2,No,"Decorative top dome
Ribbed outer metal sleeve
Internal E27 socket module
",Hardwired,Fixture Wiring,No,"Screwdriver, 
Wire Stripper",Low,Yes,No,40mm,-,-,Indoor,78,42,42,42,,,,,,,,,,2.7,E27 Brass / Copper Pendant Lamp Holder,E27 pendant lamp holder,lamp holder,"ceiling rose, lampshade, light shade, bulb, led strip, downlight, spotlight, pendant cable, flex cable, lamp shade ring",£0.21,£0.12,E27 lamp holder | brass / copper lamp holder | E27 brass / copper pendant lamp holder
LHRHE27GB,http://dashboard.digitweblk.com/Productimages/RGHRGBS.jpg,,68,,Brass ,Green Brass,E27,NO,NO,Pendant,FALSE,Ribbed Cylinder,-,-,-,Yes,Metal,-,Ceramic,110-240V,60W,Screw terminal,"Depends on 
bulb & Switch ",IP20,50Hz,2,No,"Decorative top dome
Ribbed outer metal sleeve
Internal E27 socket module
",Hardwired,Fixture Wiring,No,"Screwdriver, 
Wire Stripper",Low,Yes,No,40mm,-,-,Indoor,78,42,42,42,,,,,,,,,,2.7,E27 Brass Pendant Lamp Holder,E27 pendant lamp holder,lamp holder,"ceiling rose, lampshade, light shade, bulb, led strip, downlight, spotlight, pendant cable, flex cable, lamp shade ring",£0.21,£0.12,E27 lamp holder | brass lamp holder | E27 brass pendant lamp holder
LHRHE27YB,http://dashboard.digitweblk.com/Productimages/RGHRYBS.jpg,,69,,Brass / Gold,Yellow Brass,E27,NO,NO,Pendant,FALSE,Ribbed Cylinder,-,-,-,Yes,Metal,-,Ceramic,110-240V,60W,Screw terminal,"Depends on 
bulb & Switch ",IP20,50Hz,2,No,"Decorative top dome
Ribbed outer metal sleeve
Internal E27 socket module
",Hardwired,Fixture Wiring,No,"Screwdriver, 
Wire Stripper",Low,Yes,No,40mm,-,-,Indoor,78,42,42,42,,,,,,,,,,2.7,E27 Brass / Copper Pendant Lamp Holder,E27 pendant lamp holder,lamp holder,"ceiling rose, lampshade, light shade, bulb, led strip, downlight, spotlight, pendant cable, flex cable, lamp shade ring",£0.21,£0.12,E27 lamp holder | brass / copper lamp holder | E27 brass / copper pendant lamp holder
LHRIE14WH,http://dashboard.digitweblk.com/Productimages/LHRIE14WH.jpg,,48,,White,White,E14,NO,NO,Pendant,TRUE,Smooth Cylindrical Body,1,1,-,No,plastic,plastic,Heat Resistant Plastic,110-240V,40W,Screw terminal,"Depends on 
bulb & Switch ",IP20,50Hz,1,No,"Removable top cap
Internal push-fit wiring connector block
Main holder body
Collar ring",Hardwired,Fixture Wiring,No,"Screwdriver, 
Wire Stripper",Low,Yes,No,40mm,Metal shade / glass shade,"Any lamp shade with
40mmm top opening
can be fited",Indoor,56,43,43,43,,,,,,,,,,2.7,E14 White Pendant Lamp Holder,E14 pendant lamp holder,lamp holder,"ceiling rose, lampshade, light shade, bulb, led strip, downlight, spotlight, pendant cable, flex cable, lamp shade ring",£0.21,£0.12,E14 lamp holder | E14 small lamp holder | E14 pendant lamp holder
LHRIE27BM,https://dashboard.digitweblk.com/Productimages/376.jpg,,-37,,Matte Black,Black,E27,NO,NO,"Pendant /
 Shade Mount",TRUE,Dome top threaded body,1,1,-,No,plastic,plastic,Heat Resistant Plastic,110-240V,60W,Screw terminal,"Depends on 
bulb & Switch ",IP20,50Hz,1,No,"Top Cap 
 Holder Body 
Collar Ring",Hardwired,Fixture Wiring,No,"Screwdriver, 
Wire Stripper",Low,Yes,No,40mm,Metal shade / glass shade,"Any lamp shade with
40mmm top opening
can be fited",Indoor,58,58,58,58,,,,,,,,,,2.7,E27 Matte Black Pendant Lamp Holder,E27 pendant lamp holder,lamp holder,"ceiling rose, lampshade, light shade, bulb, led strip, downlight, spotlight, pendant cable, flex cable, lamp shade ring",£0.21,£0.12,E27 lamp holder
LHRIE27WH,https://dashboard.digitweblk.com/Productimages/2280.jpg,,29,,White,White,E27,NO,NO,"Pendant /
 Shade Mount",TRUE,Dome top threaded body,1,1,-,No,plastic,plastic,Heat Resistant Plastic,110-240V,60W,Screw terminal,"Depends on 
bulb & Switch ",IP20,50Hz,1,No,"Top Cap 
 Holder Body 
Collar Ring",Hardwired,Fixture Wiring,No,"Screwdriver, 
Wire Stripper",Low,Yes,No,40mm,Metal shade / glass shade,"Any lamp shade with
40mmm top opening
can be fited",Indoor,58,58,58,58,,,,,,,,,,2.7,E27 White Pendant Lamp Holder,E27 pendant lamp holder,lamp holder,"ceiling rose, lampshade, light shade, bulb, led strip, downlight, spotlight, pendant cable, flex cable, lamp shade ring",£0.21,£0.12,E27 lamp holder
LHRRE27WH,http://dashboard.digitweblk.com/Productimages/UAHRRGWE.jpg,,41,,White,White,E27,NO,NO,"Pendant /
 Shade Mount",TRUE,Dome top threaded body,1,1,-,No,plastic,plastic,Heat Resistant Plastic,110-240V,60W,Screw terminal,"Depends on 
bulb & Switch ",IP20,50Hz,1,No,"Top Cap 
 Holder Body 
Collar Ring",Hardwired,Fixture Wiring,No,"Screwdriver, 
Wire Stripper",Low,Yes,No,40mm,Metal shade / glass shade,"Any lamp shade with
40mmm top opening
can be fited",Indoor,80,60,60,60,,,,,,,,,,2.7,E27 White Pendant Lamp Holder,E27 pendant lamp holder,lamp holder,"ceiling rose, lampshade, light shade, bulb, led strip, downlight, spotlight, pendant cable, flex cable, lamp shade ring",£0.21,£0.12,E27 lamp holder
LHRTE27BM,http://dashboard.digitweblk.com/Productimages/LHRTE27BM.jpg,,1889,,Matte Black,Black,E27,NO,NO,"Pendant /
 Shade Mount",TRUE,Dome top threaded body,1,1,-,No,plastic,plastic,Heat Resistant Plastic,110-240V,60W,Screw terminal,"Depends on 
bulb & Switch ",IP20,50Hz,1,No,"Top Cap 
 Holder Body 
Collar Ring",Hardwired,Fixture Wiring,No,"Screwdriver, 
Wire Stripper",Low,Yes,No,40mm,Metal shade / glass shade,"Any lamp shade with
40mmm top opening
can be fited",Indoor,58,58,58,58,,,,,,,,,,2.7,E27 Matte Black Pendant Lamp Holder,E27 pendant lamp holder,lamp holder,"ceiling rose, lampshade, light shade, bulb, led strip, downlight, spotlight, pendant cable, flex cable, lamp shade ring",£0.21,£0.12,E27 lamp holder
LHRTE27WH,https://dashboard.digitweblk.com/Productimages/2271.jpg,,152,,White,White,E27,NO,NO,"Pendant /
 Shade Mount",TRUE,Dome top threaded body,1,1,-,No,plastic,plastic,Heat Resistant Plastic,110-240V,60W,Screw terminal,"Depends on 
bulb & Switch ",IP20,50Hz,1,No,"Top Cap 
 Holder Body 
Collar Ring",Hardwired,Fixture Wiring,No,"Screwdriver, 
Wire Stripper",Low,Yes,No,40mm,Metal shade / glass shade,"Any lamp shade with
40mmm top opening
can be fited",Indoor,58,58,58,58,,,,,,,,,,2.7,E27 White Pendant Lamp Holder,E27 pendant lamp holder,lamp holder,"ceiling rose, lampshade, light shade, bulb, led strip, downlight, spotlight, pendant cable, flex cable, lamp shade ring",£0.21,£0.12,E27 lamp holder
LHRUE27WH,http://dashboard.digitweblk.com/Productimages/UAHRWE.jpg,,44,,White,White,E27,NO,NO,"Pendant /
",FALSE,Dome top threaded body,-,-,-,Yes,plastic,plastic,Heat Resistant Plastic,110-240V,60W,Screw terminal,"Depends on 
bulb & Switch ",IP20,50Hz,1,No,"Top Cap 
 Holder Body ",Hardwired,Fixture Wiring,No,"Screwdriver, 
Wire Stripper",Low,Yes,No,40mm,-,-,Indoor,,,,,,,,,,,,,,2.7,E27 White Pendant Lamp Holder,E27 pendant lamp holder,lamp holder,"ceiling rose, lampshade, light shade, bulb, led strip, downlight, spotlight, pendant cable, flex cable, lamp shade ring",£0.21,£0.12,E27 lamp holder
LHS3E27CH,http://dashboard.digitweblk.com/Productimages/S3HRCE.jpg,,-1,,Polished Chrome,Silver,E27,NO,NO,"Pendant /
",TRUE,Cylindrical,-,1,1,Yes,Metal,Metal,Ceramic,110-240V,60W,Screw terminal,"Depends on 
bulb & Switch ",IP20,50Hz,1,No,"Top Cable Cap 
Metal Holder Body 
Ceramic Socket Insert 
Shade Ring",Hardwired,Fixture Wiring,No,"Screwdriver, 
Wire Stripper",Low,Yes,No,40mm,Metal shade / glass shade,"Any lamp shade with
40mmm top opening
can be fited",Indoor,110,40,40,40,,,,,,,,,,2.7,E27 Polished Chrome Pendant Lamp Holder,E27 pendant lamp holder,lamp holder,"ceiling rose, lampshade, light shade, bulb, led strip, downlight, spotlight, pendant cable, flex cable, lamp shade ring",£0.21,£0.12,E27 lamp holder | polished chrome lamp holder | E27 polished chrome pendant lamp holder
LHS3E27CO,http://dashboard.digitweblk.com/Productimages/S3HRCR.jpg,,-1,,Brass / Gold,Copper,E27,NO,NO,"Pendant /
",TRUE,Cylindrical,-,1,1,Yes,Metal,Metal,Ceramic,110-240V,60W,Screw terminal,"Depends on 
bulb & Switch ",IP20,50Hz,1,No,"Top Cable Cap 
Metal Holder Body 
Ceramic Socket Insert 
Shade Ring",Hardwired,Fixture Wiring,No,"Screwdriver, 
Wire Stripper",Low,Yes,No,40mm,Metal shade / glass shade,"Any lamp shade with
40mmm top opening
can be fited",Indoor,110,40,40,40,,,,,,,,,,2.7,E27 Brass / Copper Pendant Lamp Holder,E27 pendant lamp holder,lamp holder,"ceiling rose, lampshade, light shade, bulb, led strip, downlight, spotlight, pendant cable, flex cable, lamp shade ring",£0.21,£0.12,E27 lamp holder | brass / copper lamp holder | E27 brass / copper pendant lamp holder
LHS3E27RO,http://dashboard.digitweblk.com/Productimages/S3HRRGD.jpg,,3,,Rose gold,Rose gold,E27,NO,NO,"Pendant /
",TRUE,Cylindrical,-,1,1,Yes,Metal,Metal,Ceramic,110-240V,60W,Screw terminal,"Depends on 
bulb & Switch ",IP20,50Hz,1,No,"Top Cable Cap 
Metal Holder Body 
Ceramic Socket Insert 
Shade Ring",Hardwired,Fixture Wiring,No,"Screwdriver, 
Wire Stripper",Low,Yes,No,40mm,Metal shade / glass shade,"Any lamp shade with
40mmm top opening
can be fited",Indoor,110,40,40,40,,,,,,,,,,2.7,E27 Rose Gold Pendant Lamp Holder,E27 pendant lamp holder,lamp holder,"ceiling rose, lampshade, light shade, bulb, led strip, downlight, spotlight, pendant cable, flex cable, lamp shade ring",£0.21,£0.12,E27 lamp holder | rose gold lamp holder | E27 rose gold pendant lamp holder
LHS3E27YB,http://dashboard.digitweblk.com/Productimages/S3HRYBS.jpg,,-2,,Brass / Gold,Yellow Brass,E27,NO,NO,"Pendant /
",TRUE,Cylindrical,-,1,1,Yes,Metal,Metal,Ceramic,110-240V,60W,Screw terminal,"Depends on 
bulb & Switch ",IP20,50Hz,1,No,"Top Cable Cap 
Metal Holder Body 
Ceramic Socket Insert 
Shade Ring",Hardwired,Fixture Wiring,No,"Screwdriver, 
Wire Stripper",Low,Yes,No,40mm,Metal shade / glass shade,"Any lamp shade with
40mmm top opening
can be fited",Indoor,110,40,40,40,,,,,,,,,,2.7,E27 Brass / Copper Pendant Lamp Holder,E27 pendant lamp holder,lamp holder,"ceiling rose, lampshade, light shade, bulb, led strip, downlight, spotlight, pendant cable, flex cable, lamp shade ring",£0.21,£0.12,E27 lamp holder | brass / copper lamp holder | E27 brass / copper pendant lamp holder
LHS5E27BY,http://dashboard.digitweblk.com/Productimages/S5HRSBK.jpg,,24,,Shiny Black,Shiny Black,E27,NO,NO,"Pendant /
",FALSE,Smooth Cylinder,-,-,1,Yes,Metal,Metal,Ceramic,110-240V,60W,Screw terminal,"Depends on 
bulb & Switch ",IP20,50Hz,2,Optional,"Top Cable Cap 
Decorative Metal Body 
Ceramic Socket Insert",Hardwired,Fixture Wiring,No,"Screwdriver, 
Wire Stripper",Low,Yes,No,-,-,-,Indoor,120,40,40,40,,,,,,,,,,2.7,E27 Shiny Black Pendant Lamp Holder,E27 pendant lamp holder,lamp holder,"ceiling rose, lampshade, light shade, bulb, led strip, downlight, spotlight, pendant cable, flex cable, lamp shade ring",£0.21,£0.12,E27 lamp holder
LHS5E27CH,http://dashboard.digitweblk.com/Productimages/S5HRCE.jpg,,62,,Polished Chrome,Silver,E27,NO,NO,"Pendant /
",FALSE,Smooth Cylinder,-,-,1,Yes,Metal,Metal,Ceramic,110-240V,60W,Screw terminal,"Depends on 
bulb & Switch ",IP20,50Hz,2,Optional,"Top Cable Cap 
Decorative Metal Body 
Ceramic Socket Insert",Hardwired,Fixture Wiring,No,"Screwdriver, 
Wire Stripper",Low,Yes,No,-,-,-,Indoor,120,40,40,40,,,,,,,,,,2.7,E27 Polished Chrome Pendant Lamp Holder,E27 pendant lamp holder,lamp holder,"ceiling rose, lampshade, light shade, bulb, led strip, downlight, spotlight, pendant cable, flex cable, lamp shade ring",£0.21,£0.12,E27 lamp holder | polished chrome lamp holder | E27 polished chrome pendant lamp holder
LHS5E27CO,http://dashboard.digitweblk.com/Productimages/S5HRCR.jpg,,75,,Brass / Gold,Copper,E27,NO,NO,"Pendant /
",FALSE,Smooth Cylinder,-,-,1,Yes,Metal,Metal,Ceramic,110-240V,60W,Screw terminal,"Depends on 
bulb & Switch ",IP20,50Hz,2,Optional,"Top Cable Cap 
Decorative Metal Body 
Ceramic Socket Insert",Hardwired,Fixture Wiring,No,"Screwdriver, 
Wire Stripper",Low,Yes,No,-,-,-,Indoor,120,40,40,40,,,,,,,,,,2.7,E27 Brass / Copper Pendant Lamp Holder,E27 pendant lamp holder,lamp holder,"ceiling rose, lampshade, light shade, bulb, led strip, downlight, spotlight, pendant cable, flex cable, lamp shade ring",£0.21,£0.12,E27 lamp holder | brass / copper lamp holder | E27 brass / copper pendant lamp holder
LHS5E27RO,http://dashboard.digitweblk.com/Productimages/S5HRRGD.jpg,,73,,Rose gold,Rose gold,E27,NO,NO,"Pendant /
",FALSE,Smooth Cylinder,-,-,1,Yes,Metal,Metal,Ceramic,110-240V,60W,Screw terminal,"Depends on 
bulb & Switch ",IP20,50Hz,2,Optional,"Top Cable Cap 
Decorative Metal Body 
Ceramic Socket Insert",Hardwired,Fixture Wiring,No,"Screwdriver, 
Wire Stripper",Low,Yes,No,-,-,-,Indoor,120,40,40,40,,,,,,,,,,2.7,E27 Rose Gold Pendant Lamp Holder,E27 pendant lamp holder,lamp holder,"ceiling rose, lampshade, light shade, bulb, led strip, downlight, spotlight, pendant cable, flex cable, lamp shade ring",£0.21,£0.12,E27 lamp holder | rose gold lamp holder | E27 rose gold pendant lamp holder
LHS5E27SN,http://dashboard.digitweblk.com/Productimages/S5HRSNL.jpg,,101,,Brass ,Satin Nickel,E27,NO,NO,"Pendant /
",FALSE,Smooth Cylinder,-,-,1,Yes,Metal,Metal,Ceramic,110-240V,60W,Screw terminal,"Depends on 
bulb & Switch ",IP20,50Hz,2,Optional,"Top Cable Cap 
Decorative Metal Body 
Ceramic Socket Insert",Hardwired,Fixture Wiring,No,"Screwdriver, 
Wire Stripper",Low,Yes,No,-,-,-,Indoor,120,40,40,40,,,,,,,,,,2.7,E27 Brass Pendant Lamp Holder,E27 pendant lamp holder,lamp holder,"ceiling rose, lampshade, light shade, bulb, led strip, downlight, spotlight, pendant cable, flex cable, lamp shade ring",£0.21,£0.12,E27 lamp holder | brass lamp holder | E27 brass pendant lamp holder
LHS5E27YB,http://dashboard.digitweblk.com/Productimages/S5HRYBS.jpg,,23,,Brass / Gold,Yellow Brass,E27,NO,NO,"Pendant /
",FALSE,Smooth Cylinder,-,-,1,Yes,Metal,Metal,Ceramic,110-240V,60W,Screw terminal,"Depends on 
bulb & Switch ",IP20,50Hz,2,Optional,"Top Cable Cap 
Decorative Metal Body 
Ceramic Socket Insert",Hardwired,Fixture Wiring,No,"Screwdriver, 
Wire Stripper",Low,Yes,No,-,-,-,Indoor,120,40,40,40,,,,,,,,,,2.7,E27 Brass / Copper Pendant Lamp Holder,E27 pendant lamp holder,lamp holder,"ceiling rose, lampshade, light shade, bulb, led strip, downlight, spotlight, pendant cable, flex cable, lamp shade ring",£0.21,£0.12,E27 lamp holder | brass / copper lamp holder | E27 brass / copper pendant lamp holder
LHS6E27BY,http://dashboard.digitweblk.com/Productimages/S6HRSBK.jpg,,13,,Shiny Black,Shiny Black,E27,NO,NO,Pendant,FALSE,Tapered Bottle,0,0,1,Yes,Metal,-,Ceramic,110-240V,60W,Screw terminal,"Depends on 
bulb & Switch ",IP20,50Hz,1,Yes,"Top Cable Cap 
Decorative Metal Body 
Ceramic Socket Insert",Hardwired,Fixture Wiring,No,"Screwdriver, 
Wire Stripper",Low,Yes,No,40mm,-,-,Indoor,108,50,50,50,,,,,,,,,,2.7,E27 Shiny Black Pendant Lamp Holder,E27 pendant lamp holder,lamp holder,"ceiling rose, lampshade, light shade, bulb, led strip, downlight, spotlight, pendant cable, flex cable, lamp shade ring",£0.21,£0.12,E27 lamp holder
LHS6E27CH,http://dashboard.digitweblk.com/Productimages/S6HRCE.jpg,,17,,Polished Chrome,Silver,E27,NO,NO,Pendant,FALSE,Tapered Bottle,0,0,1,Yes,Metal,-,Ceramic,110-240V,60W,Screw terminal,"Depends on 
bulb & Switch ",IP20,50Hz,1,Yes,"Top Cable Cap 
Decorative Metal Body 
Ceramic Socket Insert",Hardwired,Fixture Wiring,No,"Screwdriver, 
Wire Stripper",Low,Yes,No,40mm,-,-,Indoor,108,50,50,50,,,,,,,,,,2.7,E27 Polished Chrome Pendant Lamp Holder,E27 pendant lamp holder,lamp holder,"ceiling rose, lampshade, light shade, bulb, led strip, downlight, spotlight, pendant cable, flex cable, lamp shade ring",£0.21,£0.12,E27 lamp holder | polished chrome lamp holder | E27 polished chrome pendant lamp holder
LHS6E27CO,http://dashboard.digitweblk.com/Productimages/S6HRCR.jpg,,10,,Brass / Gold,Copper,E27,NO,NO,Pendant,FALSE,Tapered Bottle,0,0,1,Yes,Metal,-,Ceramic,110-240V,60W,Screw terminal,"Depends on 
bulb & Switch ",IP20,50Hz,1,Yes,"Top Cable Cap 
Decorative Metal Body 
Ceramic Socket Insert",Hardwired,Fixture Wiring,No,"Screwdriver, 
Wire Stripper",Low,Yes,No,40mm,-,-,Indoor,108,50,50,50,,,,,,,,,,2.7,E27 Brass / Copper Pendant Lamp Holder,E27 pendant lamp holder,lamp holder,"ceiling rose, lampshade, light shade, bulb, led strip, downlight, spotlight, pendant cable, flex cable, lamp shade ring",£0.21,£0.12,E27 lamp holder | brass / copper lamp holder | E27 brass / copper pendant lamp holder
LHS6E27RO,http://dashboard.digitweblk.com/Productimages/S6HRRGD.jpg,,40,,Rose gold,Rose gold,E27,NO,NO,Pendant,FALSE,Tapered Bottle,0,0,1,Yes,Metal,-,Ceramic,110-240V,60W,Screw terminal,"Depends on 
bulb & Switch ",IP20,50Hz,1,Yes,"Top Cable Cap 
Decorative Metal Body 
Ceramic Socket Insert",Hardwired,Fixture Wiring,No,"Screwdriver, 
Wire Stripper",Low,Yes,No,40mm,-,-,Indoor,108,50,50,50,,,,,,,,,,2.7,E27 Rose Gold Pendant Lamp Holder,E27 pendant lamp holder,lamp holder,"ceiling rose, lampshade, light shade, bulb, led strip, downlight, spotlight, pendant cable, flex cable, lamp shade ring",£0.21,£0.12,E27 lamp holder | rose gold lamp holder | E27 rose gold pendant lamp holder
LHS6E27YB,http://dashboard.digitweblk.com/Productimages/S6HRYBS.jpg,,17,,Brass / Gold,Yellow Brass,E27,NO,NO,Pendant,FALSE,Tapered Bottle,0,0,1,Yes,Metal,-,Ceramic,110-240V,60W,Screw terminal,"Depends on 
bulb & Switch ",IP20,50Hz,1,Yes,"Top Cable Cap 
Decorative Metal Body 
Ceramic Socket Insert",Hardwired,Fixture Wiring,No,"Screwdriver, 
Wire Stripper",Low,Yes,No,40mm,-,-,Indoor,108,50,50,50,,,,,,,,,,2.7,E27 Brass / Copper Pendant Lamp Holder,E27 pendant lamp holder,lamp holder,"ceiling rose, lampshade, light shade, bulb, led strip, downlight, spotlight, pendant cable, flex cable, lamp shade ring",£0.21,£0.12,E27 lamp holder | brass / copper lamp holder | E27 brass / copper pendant lamp holder
LHS9E27BY,https://dashboard.digitweblk.com/Productimages/5149.jpg,,46,,Shiny Black,Shiny Black,E27,NO,NO,Pendant,FALSE,Tapered Bottle,0,0,1,Yes,Metal,-,Thermoplastic,110-240V,60W,Screw terminal,"Depends on 
bulb & Switch ",IP20,50Hz,2,No,"Top Cable Cap 
Decorative Metal Body 
Ceramic Socket Insert",Hardwired,Fixture Wiring,No,"Screwdriver, 
Wire Stripper",Low,Yes,No,40mm,-,-,Indoor,120,43,43,43,,,,,,,,,,2.7,E27 Shiny Black Pendant Lamp Holder,E27 pendant lamp holder,lamp holder,"ceiling rose, lampshade, light shade, bulb, led strip, downlight, spotlight, pendant cable, flex cable, lamp shade ring",£0.21,£0.12,E27 lamp holder
LHS9E27CH,http://dashboard.digitweblk.com/Productimages/S9HRCE.jpg,,50,,Polished Chrome,Silver,E27,NO,NO,Pendant,FALSE,Tapered Bottle,0,0,1,Yes,Metal,-,Thermoplastic,110-240V,60W,Screw terminal,"Depends on 
bulb & Switch ",IP20,50Hz,2,No,"Top Cable Cap 
Decorative Metal Body 
Ceramic Socket Insert",Hardwired,Fixture Wiring,No,"Screwdriver, 
Wire Stripper",Low,Yes,No,40mm,-,-,Indoor,120,43,43,43,,,,,,,,,,2.7,E27 Polished Chrome Pendant Lamp Holder,E27 pendant lamp holder,lamp holder,"ceiling rose, lampshade, light shade, bulb, led strip, downlight, spotlight, pendant cable, flex cable, lamp shade ring",£0.21,£0.12,E27 lamp holder | polished chrome lamp holder | E27 polished chrome pendant lamp holder
LHS9E27CO,http://dashboard.digitweblk.com/Productimages/S9HRCR.jpg,,20,,Brass / Gold,Copper,E27,NO,NO,Pendant,FALSE,Tapered Bottle,0,0,1,Yes,Metal,-,Thermoplastic,110-240V,60W,Screw terminal,"Depends on 
bulb & Switch ",IP20,50Hz,2,No,"Top Cable Cap 
Decorative Metal Body 
Ceramic Socket Insert",Hardwired,Fixture Wiring,No,"Screwdriver, 
Wire Stripper",Low,Yes,No,40mm,-,-,Indoor,120,43,43,43,,,,,,,,,,2.7,E27 Brass / Copper Pendant Lamp Holder,E27 pendant lamp holder,lamp holder,"ceiling rose, lampshade, light shade, bulb, led strip, downlight, spotlight, pendant cable, flex cable, lamp shade ring",£0.21,£0.12,E27 lamp holder | brass / copper lamp holder | E27 brass / copper pendant lamp holder
LHS9E27RO,http://dashboard.digitweblk.com/Productimages/LHS9E27RO.jpg,,57,,Rose gold,Rose gold,E27,NO,NO,Pendant,FALSE,Tapered Bottle,0,0,1,Yes,Metal,-,Thermoplastic,110-240V,60W,Screw terminal,"Depends on 
bulb & Switch ",IP20,50Hz,2,No,"Top Cable Cap 
Decorative Metal Body 
Ceramic Socket Insert",Hardwired,Fixture Wiring,No,"Screwdriver, 
Wire Stripper",Low,Yes,No,40mm,-,-,Indoor,120,43,43,43,,,,,,,,,,2.7,E27 Rose Gold Pendant Lamp Holder,E27 pendant lamp holder,lamp holder,"ceiling rose, lampshade, light shade, bulb, led strip, downlight, spotlight, pendant cable, flex cable, lamp shade ring",£0.21,£0.12,E27 lamp holder | rose gold lamp holder | E27 rose gold pendant lamp holder
LHS9E27SN,http://dashboard.digitweblk.com/Productimages/S9HRSNL.jpg,,19,,Brass ,Satin Nickel,E27,NO,NO,Pendant,FALSE,Tapered Bottle,0,0,1,Yes,Metal,-,Thermoplastic,110-240V,60W,Screw terminal,"Depends on 
bulb & Switch ",IP20,50Hz,2,No,"Top Cable Cap 
Decorative Metal Body 
Ceramic Socket Insert",Hardwired,Fixture Wiring,No,"Screwdriver, 
Wire Stripper",Low,Yes,No,40mm,-,-,Indoor,120,43,43,43,,,,,,,,,,2.7,E27 Brass Pendant Lamp Holder,E27 pendant lamp holder,lamp holder,"ceiling rose, lampshade, light shade, bulb, led strip, downlight, spotlight, pendant cable, flex cable, lamp shade ring",£0.21,£0.12,E27 lamp holder | brass lamp holder | E27 brass pendant lamp holder
LHS9E27YB,http://dashboard.digitweblk.com/Productimages/S9HRYBS.jpg,,17,,Brass / Gold,Yellow Brass,E27,NO,NO,Pendant,FALSE,Tapered Bottle,0,0,1,Yes,Metal,-,Thermoplastic,110-240V,60W,Screw terminal,"Depends on 
bulb & Switch ",IP20,50Hz,2,No,"Top Cable Cap 
Decorative Metal Body 
Ceramic Socket Insert",Hardwired,Fixture Wiring,No,"Screwdriver, 
Wire Stripper",Low,Yes,No,40mm,-,-,Indoor,120,43,43,43,,,,,,,,,,2.7,E27 Brass / Copper Pendant Lamp Holder,E27 pendant lamp holder,lamp holder,"ceiling rose, lampshade, light shade, bulb, led strip, downlight, spotlight, pendant cable, flex cable, lamp shade ring",£0.21,£0.12,E27 lamp holder | brass / copper lamp holder | E27 brass / copper pendant lamp holder
LHSBE27BM,http://dashboard.digitweblk.com/Productimages/BLHRRGSHBKE27.jpg,,700,,Matte Black,Black,E27,YES,Rotary,Pendant / Table,TRUE,Smooth Dome,1,1,1,Yes,Thermoplastic,plastic,"Aluminium /
 Brass thread",110-240V,60W,Screw,"Depends on 
bulb & Switch ",IP20,50Hz,1,Yes,"
Main holder body
Internal switch module
E27 threaded insert
Cable clamp insert
Cable grip cap",Hardwired,Fixture Wiring,No,"Screwdriver, 
Wire Stripper",Low,Yes,No,40mm,"Fabric / glass / 
metal shades/Hemp 
shade 
Cages","Any lamp shade with
40mmm top opening
can be fited",Indoor,70,55,55,55,,,,,,,,,,2.7,E27 Matte Black Switched Lamp Holder,E27 switched lamp holder,lamp holder,"ceiling rose, lampshade, light shade, bulb, led strip, downlight, spotlight, pendant cable, flex cable, lamp shade ring",£0.21,£0.12,E27 lamp holder | E27 lamp holder with switch | switched lamp holder | table lamp holder with switch | E27 table lamp socket
LHSHE27BA,http://dashboard.digitweblk.com/Productimages/STHRBK.jpg,,467,,Mate Balack,Black,E27,NO,NO,Pendant,TRUE,Decorative Cylinder,1,1,1,Yes,Metal,Metal,Ceramic,110-240V,60W,Screw,"Depends on 
bulb & Switch ",IP20,50Hz,1,Yes," Decorative outer body
Two shade rings
Ceramic E27 socket
Terminal screws
Cable entry screw",Hardwired,Fixture Wiring,No,"Screwdriver, 
Wire Stripper",Low,Yes,No,40mm,"Fabric / glass / 
metal shades/Hemp 
shade 
Cages","Any lamp shade with
40mmm top opening
can be fited",Indoor,66,41,41,41,,,,,,,,,,2.7,E27 Matte Black Pendant Lamp Holder,E27 pendant lamp holder,lamp holder,"ceiling rose, lampshade, light shade, bulb, led strip, downlight, spotlight, pendant cable, flex cable, lamp shade ring",£0.21,£0.12,E27 lamp holder
LHSHE27BC,http://dashboard.digitweblk.com/Productimages/LHSHE27BC.jpg,,-17,,Brass ,Brass Copper,E27,NO,NO,Pendant,TRUE,Decorative Cylinder,1,1,1,Yes,Metal,Metal,Ceramic,110-240V,60W,Screw,"Depends on 
bulb & Switch ",IP20,50Hz,1,Yes," Decorative outer body
Two shade rings
Ceramic E27 socket
Terminal screws
Cable entry screw",Hardwired,Fixture Wiring,No,"Screwdriver, 
Wire Stripper",Low,Yes,No,40mm,"Fabric / glass / 
metal shades/Hemp 
shade 
Cages","Any lamp shade with
40mmm top opening
can be fited",Indoor,66,41,41,41,,,,,,,,,,2.7,E27 Brass Pendant Lamp Holder,E27 pendant lamp holder,lamp holder,"ceiling rose, lampshade, light shade, bulb, led strip, downlight, spotlight, pendant cable, flex cable, lamp shade ring",£0.21,£0.12,E27 lamp holder | brass lamp holder | E27 brass pendant lamp holder
LHSHE27BN,http://dashboard.digitweblk.com/Productimages/9360.jpg,,361,,satin black,satin black,E27,NO,NO,Pendant,TRUE,Decorative Cylinder,1,1,1,Yes,Metal,Metal,Ceramic,110-240V,60W,Screw,"Depends on 
bulb & Switch ",IP20,50Hz,1,Yes," Decorative outer body
Two shade rings
Ceramic E27 socket
Terminal screws
Cable entry screw",Hardwired,Fixture Wiring,No,"Screwdriver, 
Wire Stripper",Low,Yes,No,40mm,"Fabric / glass / 
metal shades/Hemp 
shade 
Cages","Any lamp shade with
40mmm top opening
can be fited",Indoor,85,41,41,41,,,,,,,,,,2.7,E27 Satin Black Pendant Lamp Holder,E27 pendant lamp holder,lamp holder,"ceiling rose, lampshade, light shade, bulb, led strip, downlight, spotlight, pendant cable, flex cable, lamp shade ring",£0.21,£0.12,E27 lamp holder
LHSHE27BS,http://dashboard.digitweblk.com/Productimages/LHSHE27BS.jpg,,-3,,Brass Silver,Brass Silver,E27,NO,NO,Pendant,TRUE,Decorative Cylinder,1,1,1,Yes,Metal,Metal,Ceramic,110-240V,60W,Screw,"Depends on 
bulb & Switch ",IP20,50Hz,1,Yes," Decorative outer body
Two shade rings
Ceramic E27 socket
Terminal screws
Cable entry screw",Hardwired,Fixture Wiring,No,"Screwdriver, 
Wire Stripper",Low,Yes,No,40mm,"Fabric / glass / 
metal shades/Hemp 
shade 
Cages","Any lamp shade with
40mmm top opening
can be fited",Indoor,85,41,41,41,,,,,,,,,,2.7,E27 Brass Silver Pendant Lamp Holder,E27 pendant lamp holder,lamp holder,"ceiling rose, lampshade, light shade, bulb, led strip, downlight, spotlight, pendant cable, flex cable, lamp shade ring",£0.21,£0.12,E27 lamp holder | brass silver lamp holder | E27 brass silver pendant lamp holder
LHSHE27BY,http://dashboard.digitweblk.com/Productimages/LHSHE27BY.jpg,,65,,Shiny Black,Shiny Black,E27,NO,NO,Pendant,TRUE,Decorative Cylinder,1,1,1,Yes,Metal,Metal,Ceramic,110-240V,60W,Screw,"Depends on 
bulb & Switch ",IP20,50Hz,1,Yes," Decorative outer body
Two shade rings
Ceramic E27 socket
Terminal screws
Cable entry screw",Hardwired,Fixture Wiring,No,"Screwdriver, 
Wire Stripper",Low,Yes,No,40mm,"Fabric / glass / 
metal shades/Hemp 
shade 
Cages","Any lamp shade with
40mmm top opening
can be fited",Indoor,85,41,41,41,,,,,,,,,,2.7,E27 Shiny Black Pendant Lamp Holder,E27 pendant lamp holder,lamp holder,"ceiling rose, lampshade, light shade, bulb, led strip, downlight, spotlight, pendant cable, flex cable, lamp shade ring",£0.21,£0.12,E27 lamp holder
LHSHE27BY-IDE,http://dashboard.digitweblk.com/Productimages/11202.jpg,,-4,,Shiny Black,Shiny Black,E27,NO,NO,Pendant,TRUE,Decorative Cylinder,1,1,1,Yes,Metal,Metal,Ceramic,110-240V,60W,Screw,"Depends on 
bulb & Switch ",IP20,50Hz,1,Yes," Decorative outer body
Two shade rings
Ceramic E27 socket
Terminal screws
Cable entry screw",Hardwired,Fixture Wiring,No,"Screwdriver, 
Wire Stripper",Low,Yes,No,40mm,"Fabric / glass / 
metal shades/Hemp 
shade 
Cages","Any lamp shade with
40mmm top opening
can be fited",Indoor,85,41,41,41,,,,,,,,,,2.7,E27 Shiny Black Pendant Lamp Holder,E27 pendant lamp holder,lamp holder,"ceiling rose, lampshade, light shade, bulb, led strip, downlight, spotlight, pendant cable, flex cable, lamp shade ring",£0.21,£0.12,E27 lamp holder
LHSHE27CH,http://dashboard.digitweblk.com/Productimages/STHRCE.jpg,,93,,Polished Chrome,Silver,E27,NO,NO,Pendant,TRUE,Decorative Cylinder,1,1,1,Yes,Metal,Metal,Ceramic,110-240V,60W,Screw,"Depends on 
bulb & Switch ",IP20,50Hz,1,Yes," Decorative outer body
Two shade rings
Ceramic E27 socket
Terminal screws
Cable entry screw",Hardwired,Fixture Wiring,No,"Screwdriver, 
Wire Stripper",Low,Yes,No,40mm,"Fabric / glass / 
metal shades/Hemp 
shade 
Cages","Any lamp shade with
40mmm top opening
can be fited",Indoor,85,41,41,41,,,,,,,,,,2.7,E27 Polished Chrome Pendant Lamp Holder,E27 pendant lamp holder,lamp holder,"ceiling rose, lampshade, light shade, bulb, led strip, downlight, spotlight, pendant cable, flex cable, lamp shade ring",£0.21,£0.12,E27 lamp holder | polished chrome lamp holder | E27 polished chrome pendant lamp holder
LHSHE27CO,http://dashboard.digitweblk.com/Productimages/STHRCR.jpg,,558,,Brass / Gold,Copper,E27,NO,NO,Pendant,TRUE,Decorative Cylinder,1,1,1,Yes,Metal,Metal,Ceramic,110-240V,60W,Screw,"Depends on 
bulb & Switch ",IP20,50Hz,1,Yes," Decorative outer body
Two shade rings
Ceramic E27 socket
Terminal screws
Cable entry screw",Hardwired,Fixture Wiring,No,"Screwdriver, 
Wire Stripper",Low,Yes,No,40mm,"Fabric / glass / 
metal shades/Hemp 
shade 
Cages","Any lamp shade with
40mmm top opening
can be fited",Indoor,85,41,41,41,,,,,,,,,,2.7,E27 Brass / Copper Pendant Lamp Holder,E27 pendant lamp holder,lamp holder,"ceiling rose, lampshade, light shade, bulb, led strip, downlight, spotlight, pendant cable, flex cable, lamp shade ring",£0.21,£0.12,E27 lamp holder | brass / copper lamp holder | E27 brass / copper pendant lamp holder
LHSHE27FG,http://dashboard.digitweblk.com/Productimages/STHRFGD.jpg,,83,,French Gold ,Silver,E27,NO,NO,Pendant,TRUE,Decorative Cylinder,1,1,1,Yes,Metal,Metal,Ceramic,110-240V,60W,Screw,"Depends on 
bulb & Switch ",IP20,50Hz,1,Yes," Decorative outer body
Two shade rings
Ceramic E27 socket
Terminal screws
Cable entry screw",Hardwired,Fixture Wiring,No,"Screwdriver, 
Wire Stripper",Low,Yes,No,40mm,"Fabric / glass / 
metal shades/Hemp 
shade 
Cages","Any lamp shade with
40mmm top opening
can be fited",Indoor,85,41,41,41,,,,,,,,,,2.7,E27 French Gold Pendant Lamp Holder,E27 pendant lamp holder,lamp holder,"ceiling rose, lampshade, light shade, bulb, led strip, downlight, spotlight, pendant cable, flex cable, lamp shade ring",£0.21,£0.12,E27 lamp holder | french gold lamp holder | E27 french gold pendant lamp holder
LHSHE27GB,http://dashboard.digitweblk.com/Productimages/STHRGBS.jpg,,249,,Brass ,Green Brass,E27,NO,NO,Pendant,TRUE,Decorative Cylinder,1,1,1,Yes,Metal,Metal,Ceramic,110-240V,60W,Screw,"Depends on 
bulb & Switch ",IP20,50Hz,1,Yes," Decorative outer body
Two shade rings
Ceramic E27 socket
Terminal screws
Cable entry screw",Hardwired,Fixture Wiring,No,"Screwdriver, 
Wire Stripper",Low,Yes,No,40mm,"Fabric / glass / 
metal shades/Hemp 
shade 
Cages","Any lamp shade with
40mmm top opening
can be fited",Indoor,85,41,41,41,,,,,,,,,,2.7,E27 Brass Pendant Lamp Holder,E27 pendant lamp holder,lamp holder,"ceiling rose, lampshade, light shade, bulb, led strip, downlight, spotlight, pendant cable, flex cable, lamp shade ring",£0.21,£0.12,E27 lamp holder | brass lamp holder | E27 brass pendant lamp holder
LHSHE27MB,http://dashboard.digitweblk.com/Productimages/LHSHE27MB.jpg,,-29,,Matt Brass,Green Brass,E27,NO,NO,Pendant,TRUE,Decorative Cylinder,1,1,1,Yes,Metal,Metal,Ceramic,110-240V,60W,Screw,"Depends on 
bulb & Switch ",IP20,50Hz,1,Yes," Decorative outer body
Two shade rings
Ceramic E27 socket
Terminal screws
Cable entry screw",Hardwired,Fixture Wiring,No,"Screwdriver, 
Wire Stripper",Low,Yes,No,40mm,"Fabric / glass / 
metal shades/Hemp 
shade 
Cages","Any lamp shade with
40mmm top opening
can be fited",Indoor,85,41,41,41,,,,,,,,,,2.7,E27 Brass Pendant Lamp Holder,E27 pendant lamp holder,lamp holder,"ceiling rose, lampshade, light shade, bulb, led strip, downlight, spotlight, pendant cable, flex cable, lamp shade ring",£0.21,£0.12,E27 lamp holder | brass lamp holder | E27 brass pendant lamp holder
LHSHE27RO,http://dashboard.digitweblk.com/Productimages/STHRRGD.jpg,,101,,Rose gold,Rose gold,E27,NO,NO,Pendant,TRUE,Decorative Cylinder,1,1,1,Yes,Metal,Metal,Ceramic,110-240V,60W,Screw,"Depends on 
bulb & Switch ",IP20,50Hz,1,Yes," Decorative outer body
Two shade rings
Ceramic E27 socket
Terminal screws
Cable entry screw",Hardwired,Fixture Wiring,No,"Screwdriver, 
Wire Stripper",Low,Yes,No,40mm,"Fabric / glass / 
metal shades/Hemp 
shade 
Cages","Any lamp shade with
40mmm top opening
can be fited",Indoor,85,41,41,41,,,,,,,,,,2.7,E27 Rose Gold Pendant Lamp Holder,E27 pendant lamp holder,lamp holder,"ceiling rose, lampshade, light shade, bulb, led strip, downlight, spotlight, pendant cable, flex cable, lamp shade ring",£0.21,£0.12,E27 lamp holder | rose gold lamp holder | E27 rose gold pendant lamp holder
LHSHE27RR,http://dashboard.digitweblk.com/Productimages/LHSHE27RR.jpg,,-12,,Brass,Rustic Red,E27,NO,NO,Pendant,TRUE,Decorative Cylinder,1,1,1,Yes,Metal,Metal,Ceramic,110-240V,60W,Screw,"Depends on 
bulb & Switch ",IP20,50Hz,1,Yes," Decorative outer body
Two shade rings
Ceramic E27 socket
Terminal screws
Cable entry screw",Hardwired,Fixture Wiring,No,"Screwdriver, 
Wire Stripper",Low,Yes,No,40mm,"Fabric / glass / 
metal shades/Hemp 
shade 
Cages","Any lamp shade with
40mmm top opening
can be fited",Indoor,85,41,41,41,,,,,,,,,,2.7,E27 Brass Pendant Lamp Holder,E27 pendant lamp holder,lamp holder,"ceiling rose, lampshade, light shade, bulb, led strip, downlight, spotlight, pendant cable, flex cable, lamp shade ring",£0.21,£0.12,E27 lamp holder | brass lamp holder | E27 brass pendant lamp holder
LHSHE27SN,http://dashboard.digitweblk.com/Productimages/LHSHE27SN.jpg,,68,,Brass ,Satin Nickel,E27,NO,NO,Pendant,TRUE,Decorative Cylinder,1,1,1,Yes,Metal,Metal,Ceramic,110-240V,60W,Screw,"Depends on 
bulb & Switch ",IP20,50Hz,1,Yes," Decorative outer body
Two shade rings
Ceramic E27 socket
Terminal screws
Cable entry screw",Hardwired,Fixture Wiring,No,"Screwdriver, 
Wire Stripper",Low,Yes,No,40mm,"Fabric / glass / 
metal shades/Hemp 
shade 
Cages","Any lamp shade with
40mmm top opening
can be fited",Indoor,85,41,41,41,,,,,,,,,,2.7,E27 Brass Pendant Lamp Holder,E27 pendant lamp holder,lamp holder,"ceiling rose, lampshade, light shade, bulb, led strip, downlight, spotlight, pendant cable, flex cable, lamp shade ring",£0.21,£0.12,E27 lamp holder | brass lamp holder | E27 brass pendant lamp holder
LHSHE27WH,http://dashboard.digitweblk.com/Productimages/STHRWE.jpg,,56,,White,White,E27,NO,NO,Pendant,TRUE,Decorative Cylinder,1,1,1,Yes,Metal,Metal,Ceramic,110-240V,60W,Screw,"Depends on 
bulb & Switch ",IP20,50Hz,1,Yes," Decorative outer body
Two shade rings
Ceramic E27 socket
Terminal screws
Cable entry screw",Hardwired,Fixture Wiring,No,"Screwdriver, 
Wire Stripper",Low,Yes,No,40mm,"Fabric / glass / 
metal shades/Hemp 
shade 
Cages","Any lamp shade with
40mmm top opening
can be fited",Indoor,85,41,41,41,,,,,,,,,,2.7,E27 White Pendant Lamp Holder,E27 pendant lamp holder,lamp holder,"ceiling rose, lampshade, light shade, bulb, led strip, downlight, spotlight, pendant cable, flex cable, lamp shade ring",£0.21,£0.12,E27 lamp holder
LHSHE27YB,http://dashboard.digitweblk.com/Productimages/STHRYBS.jpg,,194,,Brass / Gold,Yellow Brass,E27,NO,NO,Pendant,TRUE,Decorative Cylinder,1,1,1,Yes,Metal,Metal,Ceramic,110-240V,60W,Screw,"Depends on 
bulb & Switch ",IP20,50Hz,1,Yes," Decorative outer body
Two shade rings
Ceramic E27 socket
Terminal screws
Cable entry screw",Hardwired,Fixture Wiring,No,"Screwdriver, 
Wire Stripper",Low,Yes,No,40mm,"Fabric / glass / 
metal shades/Hemp 
shade 
Cages","Any lamp shade with
40mmm top opening
can be fited",Indoor,85,41,41,41,,,,,,,,,,2.7,E27 Brass / Copper Pendant Lamp Holder,E27 pendant lamp holder,lamp holder,"ceiling rose, lampshade, light shade, bulb, led strip, downlight, spotlight, pendant cable, flex cable, lamp shade ring",£0.21,£0.12,E27 lamp holder | brass / copper lamp holder | E27 brass / copper pendant lamp holder
LHSIE27CO,http://dashboard.digitweblk.com/Productimages/LHSIE27CO.jpg,,-27,,Brass / Gold,Copper,E27,YES,Rotary,Pendant,TRUE,Threaded Cylinder,2,2,1,Yes,Metal,Metal,"Thermoplastic 
/ Bakelite",60W,110-240v,Screw,"Depends on 
bulb & Switch ",IP20,50Hz,1,No,"Top cable entry cap
Upper shade ring
Insulating washer
Decorative sleeve
Internal switch module
Threaded body section
Lower shade ring
",Hardwired,Fixture Wiring,No,"Screwdriver, 
Wire Stripper",Low,Yes,No,40mm,"Fabric / glass / 
metal shades/Hemp 
shade 
Cages","Any lamp shade with
40mmm top opening
can be fited",Indoor,71,31,31,31,,,,,,,,,,2.7,E27 Brass / Copper Switched Lamp Holder,E27 switched lamp holder,lamp holder,"ceiling rose, lampshade, light shade, bulb, led strip, downlight, spotlight, pendant cable, flex cable, lamp shade ring",£0.21,£0.12,E27 lamp holder | brass / copper lamp holder | E27 brass / copper pendant lamp holder | E27 lamp holder with switch | switched lamp holder
LHSIE27FG,http://dashboard.digitweblk.com/Productimages/LHSIE27FG.jpg,,-6,,French Gold ,Silver,E27,YES,Rotary,Pendant,TRUE,Threaded Cylinder,2,2,1,Yes,Metal,Metal,"Thermoplastic 
/ Bakelite",60W,110-240v,Screw,"Depends on 
bulb & Switch ",IP20,50Hz,1,No,"Top cable entry cap
Upper shade ring
Insulating washer
Decorative sleeve
Internal switch module
Threaded body section
Lower shade ring
",Hardwired,Fixture Wiring,No,"Screwdriver, 
Wire Stripper",Low,Yes,No,40mm,"Fabric / glass / 
metal shades/Hemp 
shade 
Cages","Any lamp shade with
40mmm top opening
can be fited",Indoor,71,31,31,31,,,,,,,,,,2.7,E27 French Gold Switched Lamp Holder,E27 switched lamp holder,lamp holder,"ceiling rose, lampshade, light shade, bulb, led strip, downlight, spotlight, pendant cable, flex cable, lamp shade ring",£0.21,£0.12,E27 lamp holder | french gold lamp holder | E27 french gold pendant lamp holder | E27 lamp holder with switch | switched lamp holder
LHSIE27GB,http://dashboard.digitweblk.com/Productimages/LHSIE27GB.jpg,,-4,,Brass ,Green Brass,E27,YES,Rotary,Pendant,TRUE,Threaded Cylinder,2,2,1,Yes,Metal,Metal,"Thermoplastic 
/ Bakelite",60W,110-240v,Screw,"Depends on 
bulb & Switch ",IP20,50Hz,1,No,"Top cable entry cap
Upper shade ring
Insulating washer
Decorative sleeve
Internal switch module
Threaded body section
Lower shade ring
",Hardwired,Fixture Wiring,No,"Screwdriver, 
Wire Stripper",Low,Yes,No,40mm,"Fabric / glass / 
metal shades/Hemp 
shade 
Cages","Any lamp shade with
40mmm top opening
can be fited",Indoor,71,31,31,31,,,,,,,,,,2.7,E27 Brass Switched Lamp Holder,E27 switched lamp holder,lamp holder,"ceiling rose, lampshade, light shade, bulb, led strip, downlight, spotlight, pendant cable, flex cable, lamp shade ring",£0.21,£0.12,E27 lamp holder | brass lamp holder | E27 brass pendant lamp holder | E27 lamp holder with switch | switched lamp holder
LHSIE27RO,http://dashboard.digitweblk.com/Productimages/LHSIE27RO.jpg,,-5,,Rose gold,Rose gold,E27,YES,Rotary,Pendant,TRUE,Threaded Cylinder,2,2,1,Yes,Metal,Metal,"Thermoplastic 
/ Bakelite",60W,110-240v,Screw,"Depends on 
bulb & Switch ",IP20,50Hz,1,No,"Top cable entry cap
Upper shade ring
Insulating washer
Decorative sleeve
Internal switch module
Threaded body section
Lower shade ring
",Hardwired,Fixture Wiring,No,"Screwdriver, 
Wire Stripper",Low,Yes,No,40mm,"Fabric / glass / 
metal shades/Hemp 
shade 
Cages","Any lamp shade with
40mmm top opening
can be fited",Indoor,71,31,31,31,,,,,,,,,,2.7,E27 Rose Gold Switched Lamp Holder,E27 switched lamp holder,lamp holder,"ceiling rose, lampshade, light shade, bulb, led strip, downlight, spotlight, pendant cable, flex cable, lamp shade ring",£0.21,£0.12,E27 lamp holder | rose gold lamp holder | E27 rose gold pendant lamp holder | E27 lamp holder with switch | switched lamp holder
LHSPE27BY,http://dashboard.digitweblk.com/Productimages/CNBHRSBK.jpg,,31,,Shiny Black,Shiny Black,E27,NO,NO,"Pendant /
 Shade Mount",TRUE,Ribbed Decorative body,1,1,1,Yes,Metal,Metal,Ceramic,60W,110-240v,Screw,"Depends on 
bulb & Switch ",IP20,50Hz,1,No,"top cable fixing screw
metal shell
Ceramic Socket Insert 
Knurled Shade Ring",Hardwired,Fixture Wiring,No,"Screwdriver, 
Wire Stripper",Low,Yes,No,40mm,"Fabric / glass / 
metal shades/Hemp 
shade 
Cages","Any lamp shade with
40mmm top opening
can be fited",Indoor,110,40,40,40,,,,,,,,,,2.7,E27 Shiny Black Pendant Lamp Holder,E27 pendant lamp holder,lamp holder,"ceiling rose, lampshade, light shade, bulb, led strip, downlight, spotlight, pendant cable, flex cable, lamp shade ring",£0.21,£0.12,E27 lamp holder
LHSPE27CH,http://dashboard.digitweblk.com/Productimages/CNBHRCE.jpg,,19,,Polished Chrome,Silver,E27,NO,NO,"Pendant /
 Shade Mount",TRUE,Ribbed Decorative body,1,1,1,Yes,Metal,Metal,Ceramic,60W,110-240v,Screw,"Depends on 
bulb & Switch ",IP20,50Hz,1,No,"top cable fixing screw
metal shell
Ceramic Socket Insert 
Knurled Shade Ring",Hardwired,Fixture Wiring,No,"Screwdriver, 
Wire Stripper",Low,Yes,No,40mm,"Fabric / glass / 
metal shades/Hemp 
shade 
Cages","Any lamp shade with
40mmm top opening
can be fited",Indoor,110,40,40,40,,,,,,,,,,2.7,E27 Polished Chrome Pendant Lamp Holder,E27 pendant lamp holder,lamp holder,"ceiling rose, lampshade, light shade, bulb, led strip, downlight, spotlight, pendant cable, flex cable, lamp shade ring",£0.21,£0.12,E27 lamp holder | polished chrome lamp holder | E27 polished chrome pendant lamp holder
LHSPE27CO,http://dashboard.digitweblk.com/Productimages/CNBHRCR.jpg,,68,,Brass / Gold,Copper,E27,NO,NO,"Pendant /
 Shade Mount",TRUE,Ribbed Decorative body,1,1,1,Yes,Metal,Metal,Ceramic,60W,110-240v,Screw,"Depends on 
bulb & Switch ",IP20,50Hz,1,No,"top cable fixing screw
metal shell
Ceramic Socket Insert 
Knurled Shade Ring",Hardwired,Fixture Wiring,No,"Screwdriver, 
Wire Stripper",Low,Yes,No,40mm,"Fabric / glass / 
metal shades/Hemp 
shade 
Cages","Any lamp shade with
40mmm top opening
can be fited",Indoor,110,40,40,40,,,,,,,,,,2.7,E27 Brass / Copper Pendant Lamp Holder,E27 pendant lamp holder,lamp holder,"ceiling rose, lampshade, light shade, bulb, led strip, downlight, spotlight, pendant cable, flex cable, lamp shade ring",£0.21,£0.12,E27 lamp holder | brass / copper lamp holder | E27 brass / copper pendant lamp holder
LHSPE27RO,http://dashboard.digitweblk.com/Productimages/CNBHRRGD.jpg,,72,,Rose gold,Rose gold,E27,NO,NO,"Pendant /
 Shade Mount",TRUE,Ribbed Decorative body,1,1,1,Yes,Metal,Metal,Ceramic,60W,110-240v,Screw,"Depends on 
bulb & Switch ",IP20,50Hz,1,No,"top cable fixing screw
metal shell
Ceramic Socket Insert 
Knurled Shade Ring",Hardwired,Fixture Wiring,No,"Screwdriver, 
Wire Stripper",Low,Yes,No,40mm,"Fabric / glass / 
metal shades/Hemp 
shade 
Cages","Any lamp shade with
40mmm top opening
can be fited",Indoor,110,40,40,40,,,,,,,,,,2.7,E27 Rose Gold Pendant Lamp Holder,E27 pendant lamp holder,lamp holder,"ceiling rose, lampshade, light shade, bulb, led strip, downlight, spotlight, pendant cable, flex cable, lamp shade ring",£0.21,£0.12,E27 lamp holder | rose gold lamp holder | E27 rose gold pendant lamp holder
LHSPE27SN,http://dashboard.digitweblk.com/Productimages/CNBHRSNL.jpg,,54,,Brass ,Satin Nickel,E27,NO,NO,"Pendant /
 Shade Mount",TRUE,Ribbed Decorative body,1,1,1,Yes,Metal,Metal,Ceramic,60W,110-240v,Screw,"Depends on 
bulb & Switch ",IP20,50Hz,1,No,"top cable fixing screw
metal shell
Ceramic Socket Insert 
Knurled Shade Ring",Hardwired,Fixture Wiring,No,"Screwdriver, 
Wire Stripper",Low,Yes,No,40mm,"Fabric / glass / 
metal shades/Hemp 
shade 
Cages","Any lamp shade with
40mmm top opening
can be fited",Indoor,110,40,40,40,,,,,,,,,,2.7,E27 Brass Pendant Lamp Holder,E27 pendant lamp holder,lamp holder,"ceiling rose, lampshade, light shade, bulb, led strip, downlight, spotlight, pendant cable, flex cable, lamp shade ring",£0.21,£0.12,E27 lamp holder | brass lamp holder | E27 brass pendant lamp holder
LHSPE27YB,http://dashboard.digitweblk.com/Productimages/CNBHRYBS.jpg,,13,,Brass / Gold,Yellow Brass,E27,NO,NO,"Pendant /
 Shade Mount",TRUE,Ribbed Decorative body,1,1,1,Yes,Metal,Metal,Ceramic,60W,110-240v,Screw,"Depends on 
bulb & Switch ",IP20,50Hz,1,No,"top cable fixing screw
metal shell
Ceramic Socket Insert 
Knurled Shade Ring",Hardwired,Fixture Wiring,No,"Screwdriver, 
Wire Stripper",Low,Yes,No,40mm,"Fabric / glass / 
metal shades/Hemp 
shade 
Cages","Any lamp shade with
40mmm top opening
can be fited",Indoor,110,40,40,40,,,,,,,,,,2.7,E27 Brass / Copper Pendant Lamp Holder,E27 pendant lamp holder,lamp holder,"ceiling rose, lampshade, light shade, bulb, led strip, downlight, spotlight, pendant cable, flex cable, lamp shade ring",£0.21,£0.12,E27 lamp holder | brass / copper lamp holder | E27 brass / copper pendant lamp holder
LHSQE27BY,http://dashboard.digitweblk.com/Productimages/SQHRBK.jpg,,69,,Shiny Black,,E27,NO,NO,Pendant ,TRUE,Smooth,1,1,1,Yes,Metal,Metal,Ceramic,60W,110-240v,Screw,"Depends on 
bulb & Switch ",IP20,50Hz,1,No,"Top Cable Entry Cap
Decorative Metal Body
Ceramic Socket Insert 
",Hardwired,Fixture Wiring,No,"Screwdriver, 
Wire Stripper",Low,Yes,No,40mm,"Fabric / glass / 
metal shades/Hemp 
shade 
Cages","Any lamp shade with
40mmm top opening
can be fited",Indoor,96,45,45,45,,,,,,,,,,2.7,E27 Shiny Black Pendant Lamp Holder,E27 pendant lamp holder,lamp holder,"ceiling rose, lampshade, light shade, bulb, led strip, downlight, spotlight, pendant cable, flex cable, lamp shade ring",£0.21,£0.12,E27 lamp holder
LHSQE27CO,http://dashboard.digitweblk.com/Productimages/SQHRCR.jpg,,91,,Brass / Gold,Copper,E27,NO,NO,Pendant ,TRUE,Smooth,1,1,1,Yes,Metal,Metal,Ceramic,60W,110-240v,Screw,"Depends on 
bulb & Switch ",IP20,50Hz,1,No,"Top Cable Entry Cap
Decorative Metal Body
Ceramic Socket Insert 
",Hardwired,Fixture Wiring,No,"Screwdriver, 
Wire Stripper",Low,Yes,No,40mm,"Fabric / glass / 
metal shades/Hemp 
shade 
Cages","Any lamp shade with
40mmm top opening
can be fited",Indoor,96,45,45,45,,,,,,,,,,2.7,E27 Brass / Copper Pendant Lamp Holder,E27 pendant lamp holder,lamp holder,"ceiling rose, lampshade, light shade, bulb, led strip, downlight, spotlight, pendant cable, flex cable, lamp shade ring",£0.21,£0.12,E27 lamp holder | brass / copper lamp holder | E27 brass / copper pendant lamp holder
LHSQE27GB,http://dashboard.digitweblk.com/Productimages/SQHRGBS.jpg,,112,,Brass ,Green Brass,E27,NO,NO,Pendant ,TRUE,Smooth,1,1,1,Yes,Metal,Metal,Ceramic,60W,110-240v,Screw,"Depends on 
bulb & Switch ",IP20,50Hz,1,No,"Top Cable Entry Cap
Decorative Metal Body
Ceramic Socket Insert 
",Hardwired,Fixture Wiring,No,"Screwdriver, 
Wire Stripper",Low,Yes,No,40mm,"Fabric / glass / 
metal shades/Hemp 
shade 
Cages","Any lamp shade with
40mmm top opening
can be fited",Indoor,96,45,45,45,,,,,,,,,,2.7,E27 Brass Pendant Lamp Holder,E27 pendant lamp holder,lamp holder,"ceiling rose, lampshade, light shade, bulb, led strip, downlight, spotlight, pendant cable, flex cable, lamp shade ring",£0.21,£0.12,E27 lamp holder | brass lamp holder | E27 brass pendant lamp holder
LHSQE27YB,http://dashboard.digitweblk.com/Productimages/SQHRYBS.jpg,,43,,Brass / Gold,Yellow Brass,E27,NO,NO,Pendant ,TRUE,Smooth,1,1,1,Yes,Metal,Metal,Ceramic,60W,110-240v,Screw,"Depends on 
bulb & Switch ",IP20,50Hz,1,No,"Top Cable Entry Cap
Decorative Metal Body
Ceramic Socket Insert 
",Hardwired,Fixture Wiring,No,"Screwdriver, 
Wire Stripper",Low,Yes,No,40mm,"Fabric / glass / 
metal shades/Hemp 
shade 
Cages","Any lamp shade with
40mmm top opening
can be fited",Indoor,96,45,45,45,,,,,,,,,,2.7,E27 Brass / Copper Pendant Lamp Holder,E27 pendant lamp holder,lamp holder,"ceiling rose, lampshade, light shade, bulb, led strip, downlight, spotlight, pendant cable, flex cable, lamp shade ring",£0.21,£0.12,E27 lamp holder | brass / copper lamp holder | E27 brass / copper pendant lamp holder
LHSSE27BY,http://dashboard.digitweblk.com/Productimages/329.jpg,,-14,,Shiny Black,Shiny Black,E27,YES,YES,Pendant ,TRUE,Smooth,1,1,1,Yes,Metal,Metal,Ceramic,60W,110-240v,Screw,"Depends on 
bulb & Switch ",IP20,50Hz,1,Yes,"Top Cable Entry Cap 
Upper Decorative Dome
Main Metal Body
Side Shade Fix Screw
Threaded Bottom Section 
Ceramic Socket Insert",Hardwired,Fixture Wiring,No,"Screwdriver, 
Wire Stripper",Low,Yes,No,40mm,"Fabric / glass / 
metal shades/Hemp 
shade 
Cages","Any lamp shade with
40mmm top opening
can be fited",Indoor,105,47,47,47,,,,,,,,,,2.7,E27 Shiny Black Switched Lamp Holder,E27 switched lamp holder,lamp holder,"ceiling rose, lampshade, light shade, bulb, led strip, downlight, spotlight, pendant cable, flex cable, lamp shade ring",£0.21,£0.12,E27 lamp holder | E27 lamp holder with switch | switched lamp holder
LHSSE27CH,http://dashboard.digitweblk.com/Productimages/331.jpg,,-2,,Polished Chrome,Silver,E27,YES,YES,Pendant ,TRUE,Smooth,1,1,1,Yes,Metal,Metal,Ceramic,60W,110-240v,Screw,"Depends on 
bulb & Switch ",IP20,50Hz,1,Yes,"Top Cable Entry Cap 
Upper Decorative Dome
Main Metal Body
Side Shade Fix Screw
Threaded Bottom Section 
Ceramic Socket Insert",Hardwired,Fixture Wiring,No,"Screwdriver, 
Wire Stripper",Low,Yes,No,40mm,"Fabric / glass / 
metal shades/Hemp 
shade 
Cages","Any lamp shade with
40mmm top opening
can be fited",Indoor,105,47,47,47,,,,,,,,,,2.7,E27 Polished Chrome Switched Lamp Holder,E27 switched lamp holder,lamp holder,"ceiling rose, lampshade, light shade, bulb, led strip, downlight, spotlight, pendant cable, flex cable, lamp shade ring",£0.21,£0.12,E27 lamp holder | polished chrome lamp holder | E27 polished chrome pendant lamp holder | E27 lamp holder with switch | switched lamp holder
LHSSE27RO,http://dashboard.digitweblk.com/Productimages/334.jpg,,13,,Rose gold,Rose gold,E27,YES,YES,Pendant ,TRUE,Smooth,1,1,1,Yes,Metal,Metal,Ceramic,60W,110-240v,Screw,"Depends on 
bulb & Switch ",IP20,50Hz,1,Yes,"Top Cable Entry Cap 
Upper Decorative Dome
Main Metal Body
Side Shade Fix Screw
Threaded Bottom Section 
Ceramic Socket Insert",Hardwired,Fixture Wiring,No,"Screwdriver, 
Wire Stripper",Low,Yes,No,40mm,"Fabric / glass / 
metal shades/Hemp 
shade 
Cages","Any lamp shade with
40mmm top opening
can be fited",Indoor,105,47,47,47,,,,,,,,,,2.7,E27 Rose Gold Switched Lamp Holder,E27 switched lamp holder,lamp holder,"ceiling rose, lampshade, light shade, bulb, led strip, downlight, spotlight, pendant cable, flex cable, lamp shade ring",£0.21,£0.12,E27 lamp holder | rose gold lamp holder | E27 rose gold pendant lamp holder | E27 lamp holder with switch | switched lamp holder
LHSUE27CH,http://dashboard.digitweblk.com/Productimages/SQ2HRCE.jpg,,33,,Polished Chrome,Silver,E27,NO,NO,Pendant ,TRUE,Smooth,1,1,1,Yes,Metal,Metal,Ceramic,60W,110-240v,Screw,"Depends on 
bulb & Switch ",IP20,50Hz,1,No,"Top Cable Entry Cap
Decorative Metal Body
Ceramic Socket Insert 
",Hardwired,Fixture Wiring,No,"Screwdriver, 
Wire Stripper",Low,Yes,No,40mm,"Fabric / glass / 
metal shades/Hemp 
shade 
Cages","Any lamp shade with
40mmm top opening
can be fited",Indoor,96,45,45,45,,,,,,,,,,2.7,E27 Polished Chrome Pendant Lamp Holder,E27 pendant lamp holder,lamp holder,"ceiling rose, lampshade, light shade, bulb, led strip, downlight, spotlight, pendant cable, flex cable, lamp shade ring",£0.21,£0.12,E27 lamp holder | polished chrome lamp holder | E27 polished chrome pendant lamp holder
LHSUE27CO,http://dashboard.digitweblk.com/Productimages/324.jpg,,64,,Brass / Gold,Copper,E27,NO,NO,Pendant ,TRUE,Smooth,1,1,1,Yes,Metal,Metal,Ceramic,60W,110-240v,Screw,"Depends on 
bulb & Switch ",IP20,50Hz,1,No,"Top Cable Entry Cap
Decorative Metal Body
Ceramic Socket Insert 
",Hardwired,Fixture Wiring,No,"Screwdriver, 
Wire Stripper",Low,Yes,No,40mm,"Fabric / glass / 
metal shades/Hemp 
shade 
Cages","Any lamp shade with
40mmm top opening
can be fited",Indoor,96,45,45,45,,,,,,,,,,2.7,E27 Brass / Copper Pendant Lamp Holder,E27 pendant lamp holder,lamp holder,"ceiling rose, lampshade, light shade, bulb, led strip, downlight, spotlight, pendant cable, flex cable, lamp shade ring",£0.21,£0.12,E27 lamp holder | brass / copper lamp holder | E27 brass / copper pendant lamp holder
LHSUE27GB,http://dashboard.digitweblk.com/Productimages/LHSUE27YB.jpg,,20,,Brass ,Green Brass,E27,NO,NO,Pendant ,TRUE,Smooth,1,1,1,Yes,Metal,Metal,Ceramic,60W,110-240v,Screw,"Depends on 
bulb & Switch ",IP20,50Hz,1,No,"Top Cable Entry Cap
Decorative Metal Body
Ceramic Socket Insert 
",Hardwired,Fixture Wiring,No,"Screwdriver, 
Wire Stripper",Low,Yes,No,40mm,"Fabric / glass / 
metal shades/Hemp 
shade 
Cages","Any lamp shade with
40mmm top opening
can be fited",Indoor,96,45,45,45,,,,,,,,,,2.7,E27 Brass Pendant Lamp Holder,E27 pendant lamp holder,lamp holder,"ceiling rose, lampshade, light shade, bulb, led strip, downlight, spotlight, pendant cable, flex cable, lamp shade ring",£0.21,£0.12,E27 lamp holder | brass lamp holder | E27 brass pendant lamp holder
LHSUE27RO,http://dashboard.digitweblk.com/Productimages/SQ2HRRGD.jpg,,97,,Rose gold,Rose gold,E27,NO,NO,Pendant ,TRUE,Smooth,1,1,1,Yes,Metal,Metal,Ceramic,60W,110-240v,Screw,"Depends on 
bulb & Switch ",IP20,50Hz,1,No,"Top Cable Entry Cap
Decorative Metal Body
Ceramic Socket Insert 
",Hardwired,Fixture Wiring,No,"Screwdriver, 
Wire Stripper",Low,Yes,No,40mm,"Fabric / glass / 
metal shades/Hemp 
shade 
Cages","Any lamp shade with
40mmm top opening
can be fited",Indoor,96,45,45,45,,,,,,,,,,2.7,E27 Rose Gold Pendant Lamp Holder,E27 pendant lamp holder,lamp holder,"ceiling rose, lampshade, light shade, bulb, led strip, downlight, spotlight, pendant cable, flex cable, lamp shade ring",£0.21,£0.12,E27 lamp holder | rose gold lamp holder | E27 rose gold pendant lamp holder
LHSUE27SN,http://dashboard.digitweblk.com/Productimages/SQ2HRSNL.jpg,,5,,Brass ,Satin Nickel,E27,NO,NO,Pendant ,TRUE,Smooth,1,1,1,Yes,Metal,Metal,Ceramic,60W,110-240v,Screw,"Depends on 
bulb & Switch ",IP20,50Hz,1,No,"Top Cable Entry Cap
Decorative Metal Body
Ceramic Socket Insert 
",Hardwired,Fixture Wiring,No,"Screwdriver, 
Wire Stripper",Low,Yes,No,40mm,"Fabric / glass / 
metal shades/Hemp 
shade 
Cages","Any lamp shade with
40mmm top opening
can be fited",Indoor,96,45,45,45,,,,,,,,,,2.7,E27 Brass Pendant Lamp Holder,E27 pendant lamp holder,lamp holder,"ceiling rose, lampshade, light shade, bulb, led strip, downlight, spotlight, pendant cable, flex cable, lamp shade ring",£0.21,£0.12,E27 lamp holder | brass lamp holder | E27 brass pendant lamp holder
LHSUE27YB,http://dashboard.digitweblk.com/Productimages/SQ2HRYBS.jpg,,27,,Brass / Gold,Yellow Brass,E27,NO,NO,Pendant ,TRUE,Smooth,1,1,1,Yes,Metal,Metal,Ceramic,60W,110-240v,Screw,"Depends on 
bulb & Switch ",IP20,50Hz,1,No,"Top Cable Entry Cap
Decorative Metal Body
Ceramic Socket Insert 
",Hardwired,Fixture Wiring,No,"Screwdriver, 
Wire Stripper",Low,Yes,No,40mm,"Fabric / glass / 
metal shades/Hemp 
shade 
Cages","Any lamp shade with
40mmm top opening
can be fited",Indoor,96,45,45,45,,,,,,,,,,2.7,E27 Brass / Copper Pendant Lamp Holder,E27 pendant lamp holder,lamp holder,"ceiling rose, lampshade, light shade, bulb, led strip, downlight, spotlight, pendant cable, flex cable, lamp shade ring",£0.21,£0.12,E27 lamp holder | brass / copper lamp holder | E27 brass / copper pendant lamp holder
LHSWE27BA,http://dashboard.digitweblk.com/Productimages/LHSWE27BM.jpg,,-10,,Mate Balack,Black,E27,YES,Rotary,Table Lamp / Pendant,FALSE,"Vintage Cylinder
",-,-,1,Yes,Metal,Metal,"Thermoplastic
 / Bakelite",110-240V,60W,Screw,"Depends on 
bulb & Switch ",IP20,50Hz,2,No,"Outer metal sleeve body
Inner E27 socket insert
Rotary switch module
Bottom threaded body

",Hardwired,Fixture Wiring,No,"Screwdriver, 
Wire Stripper",Low,Yes,No,40mm,-,-,Indoor,72,34,34,34,,,,,,,,,,2.7,E27 Matte Black Switched Lamp Holder,E27 switched lamp holder,lamp holder,"ceiling rose, lampshade, light shade, bulb, led strip, downlight, spotlight, pendant cable, flex cable, lamp shade ring",£0.21,£0.12,E27 lamp holder | E27 lamp holder with switch | switched lamp holder | table lamp holder with switch | E27 table lamp socket
LHSWE27CH,http://dashboard.digitweblk.com/Productimages/SHHRCE.jpg,,-8,,Polished Chrome,Silver,E27,YES,Rotary,Table Lamp / Pendant,FALSE,"Vintage Cylinder
",-,-,1,Yes,Metal,Metal,"Thermoplastic
 / Bakelite",110-240V,60W,Screw,"Depends on 
bulb & Switch ",IP20,50Hz,2,No,"Outer metal sleeve body
Inner E27 socket insert
Rotary switch module
Bottom threaded body

",Hardwired,Fixture Wiring,No,"Screwdriver, 
Wire Stripper",Low,Yes,No,40mm,-,-,Indoor,72,34,34,34,,,,,,,,,,2.7,E27 Polished Chrome Switched Lamp Holder,E27 switched lamp holder,lamp holder,"ceiling rose, lampshade, light shade, bulb, led strip, downlight, spotlight, pendant cable, flex cable, lamp shade ring",£0.21,£0.12,E27 lamp holder | polished chrome lamp holder | E27 polished chrome pendant lamp holder | E27 lamp holder with switch | switched lamp holder
LHSWE27FG,http://dashboard.digitweblk.com/Productimages/LHSWE27FG.jpg,,-9,,French Gold ,Silver,E27,YES,Rotary,Table Lamp / Pendant,FALSE,"Vintage Cylinder
",-,-,1,Yes,Metal,Metal,"Thermoplastic
 / Bakelite",110-240V,60W,Screw,"Depends on 
bulb & Switch ",IP20,50Hz,2,No,"Outer metal sleeve body
Inner E27 socket insert
Rotary switch module
Bottom threaded body

",Hardwired,Fixture Wiring,No,"Screwdriver, 
Wire Stripper",Low,Yes,No,40mm,-,-,Indoor,72,34,34,34,,,,,,,,,,2.7,E27 French Gold Switched Lamp Holder,E27 switched lamp holder,lamp holder,"ceiling rose, lampshade, light shade, bulb, led strip, downlight, spotlight, pendant cable, flex cable, lamp shade ring",£0.21,£0.12,E27 lamp holder | french gold lamp holder | E27 french gold pendant lamp holder | E27 lamp holder with switch | switched lamp holder
LHSWE27GB,http://dashboard.digitweblk.com/Productimages/SHHRBS.jpg,,-6,,Brass ,Green Brass,E27,YES,Rotary,Table Lamp / Pendant,FALSE,"Vintage Cylinder
",-,-,1,Yes,Metal,Metal,"Thermoplastic
 / Bakelite",110-240V,60W,Screw,"Depends on 
bulb & Switch ",IP20,50Hz,2,No,"Outer metal sleeve body
Inner E27 socket insert
Rotary switch module
Bottom threaded body

",Hardwired,Fixture Wiring,No,"Screwdriver, 
Wire Stripper",Low,Yes,No,40mm,-,-,Indoor,72,34,34,34,,,,,,,,,,2.7,E27 Brass Switched Lamp Holder,E27 switched lamp holder,lamp holder,"ceiling rose, lampshade, light shade, bulb, led strip, downlight, spotlight, pendant cable, flex cable, lamp shade ring",£0.21,£0.12,E27 lamp holder | brass lamp holder | E27 brass pendant lamp holder | E27 lamp holder with switch | switched lamp holder
LHSWE27SN,http://dashboard.digitweblk.com/Productimages/SHHSNL.jpg,,-2,,Brass ,Satin Nickel,E27,YES,Rotary,Table Lamp / Pendant,FALSE,"Vintage Cylinder
",-,-,1,Yes,Metal,Metal,"Thermoplastic
 / Bakelite",110-240V,60W,Screw,"Depends on 
bulb & Switch ",IP20,50Hz,2,No,"Outer metal sleeve body
Inner E27 socket insert
Rotary switch module
Bottom threaded body

",Hardwired,Fixture Wiring,No,"Screwdriver, 
Wire Stripper",Low,Yes,No,40mm,-,-,Indoor,72,34,34,34,,,,,,,,,,2.7,E27 Brass Switched Lamp Holder,E27 switched lamp holder,lamp holder,"ceiling rose, lampshade, light shade, bulb, led strip, downlight, spotlight, pendant cable, flex cable, lamp shade ring",£0.21,£0.12,E27 lamp holder | brass lamp holder | E27 brass pendant lamp holder | E27 lamp holder with switch | switched lamp holder
LHSWE27YB,http://dashboard.digitweblk.com/Productimages/SHHRYBS.jpg,,-1,,Brass / Gold,Yellow Brass,E27,YES,Rotary,Table Lamp / Pendant,FALSE,"Vintage Cylinder
",-,-,1,Yes,Metal,Metal,"Thermoplastic
 / Bakelite",110-240V,60W,Screw,"Depends on 
bulb & Switch ",IP20,50Hz,2,No,"Outer metal sleeve body
Inner E27 socket insert
Rotary switch module
Bottom threaded body

",Hardwired,Fixture Wiring,No,"Screwdriver, 
Wire Stripper",Low,Yes,No,40mm,-,-,Indoor,72,34,34,34,,,,,,,,,,2.7,E27 Brass / Copper Switched Lamp Holder,E27 switched lamp holder,lamp holder,"ceiling rose, lampshade, light shade, bulb, led strip, downlight, spotlight, pendant cable, flex cable, lamp shade ring",£0.21,£0.12,E27 lamp holder | brass / copper lamp holder | E27 brass / copper pendant lamp holder | E27 lamp holder with switch | switched lamp holder
LHTBE27BN,http://dashboard.digitweblk.com/Productimages/BBHRE27SBK.jpg,,-6,,Matte Black,Matte Black,E27,NO,NO,Pendant,TRUE,Smooth Cylinder,1,1,0,Yes,Metal,Metal,Ceramic,110-240V,60W,Screw,"Depends on 
bulb & Switch ",IP20,50Hz,2,No,"Shade ring
Metal body
Ceramic E27 insert
Cord grip
Cable locking screw",Hardwired,Fixture Wiring,No,"Screwdriver, 
Wire Stripper",Low,Yes,No,40mm,"Fabric / glass / 
metal shades/Hemp 
shade 
Cages","Any lamp shade with
40mmm top opening
can be fited",Indoor,103,40,40,40,,,,,,,,,,2.7,E27 Matte Black Pendant Lamp Holder,E27 pendant lamp holder,lamp holder,"ceiling rose, lampshade, light shade, bulb, led strip, downlight, spotlight, pendant cable, flex cable, lamp shade ring",£0.21,£0.12,E27 lamp holder
LHTBE27GB,https://dashboard.digitweblk.com/Productimages/5138.jpg,,12,,Brass ,Green Brass,E27,NO,NO,Pendant,TRUE,Smooth Cylinder,1,1,0,Yes,Metal,Metal,Ceramic,110-240V,60W,Screw,"Depends on 
bulb & Switch ",IP20,50Hz,2,No,"Shade ring
Metal body
Ceramic E27 insert
Cord grip
Cable locking screw",Hardwired,Fixture Wiring,No,"Screwdriver, 
Wire Stripper",Low,Yes,No,40mm,"Fabric / glass / 
metal shades/Hemp 
shade 
Cages","Any lamp shade with
40mmm top opening
can be fited",Indoor,103,40,40,40,,,,,,,,,,2.7,E27 Brass Pendant Lamp Holder,E27 pendant lamp holder,lamp holder,"ceiling rose, lampshade, light shade, bulb, led strip, downlight, spotlight, pendant cable, flex cable, lamp shade ring",£0.21,£0.12,E27 lamp holder | brass lamp holder | E27 brass pendant lamp holder
LHTBE27RO,http://dashboard.digitweblk.com/Productimages/BBHRE27SRGD.jpg,,5,,Rose gold,Rose gold,E27,NO,NO,Pendant,TRUE,Smooth Cylinder,1,1,0,Yes,Metal,Metal,Ceramic,110-240V,60W,Screw,"Depends on 
bulb & Switch ",IP20,50Hz,2,No,"Shade ring
Metal body
Ceramic E27 insert
Cord grip
Cable locking screw",Hardwired,Fixture Wiring,No,"Screwdriver, 
Wire Stripper",Low,Yes,No,40mm,"Fabric / glass / 
metal shades/Hemp 
shade 
Cages","Any lamp shade with
40mmm top opening
can be fited",Indoor,103,40,40,40,,,,,,,,,,2.7,E27 Rose Gold Pendant Lamp Holder,E27 pendant lamp holder,lamp holder,"ceiling rose, lampshade, light shade, bulb, led strip, downlight, spotlight, pendant cable, flex cable, lamp shade ring",£0.21,£0.12,E27 lamp holder | rose gold lamp holder | E27 rose gold pendant lamp holder
LHTEE27RO,http://dashboard.digitweblk.com/Productimages/TEHRRGD.jpg,,149,,Rose gold,Rose gold,E27,NO,NO,Pendant,FALSE,Smooth Cylinder,0,0,0,Yes,Metal,-,Ceramic,110-240V,60W,Screw,"Depends on 
bulb & Switch ",IP20,50Hz,2,No,"Metal cylindrical housing
Ceramic E27 insert
Top cable entry tube
Side cable locking screw",Hardwired,Fixture Wiring,No,"Screwdriver, 
Wire Stripper",Low,Yes,No,40mm,-,-,Indoor,60,55,55,55,,,,,,,,,,2.7,E27 Rose Gold Pendant Lamp Holder,E27 pendant lamp holder,lamp holder,"ceiling rose, lampshade, light shade, bulb, led strip, downlight, spotlight, pendant cable, flex cable, lamp shade ring",£0.21,£0.12,E27 lamp holder | rose gold lamp holder | E27 rose gold pendant lamp holder
LHTEE27YB,http://dashboard.digitweblk.com/Productimages/TEHRBS.jpg,,147,,Brass / Gold,Yellow Brass,E27,NO,NO,Pendant,FALSE,Smooth Cylinder,0,0,0,Yes,Metal,-,Ceramic,110-240V,60W,Screw,"Depends on 
bulb & Switch ",IP20,50Hz,2,No,"Metal cylindrical housing
Ceramic E27 insert
Top cable entry tube
Side cable locking screw",Hardwired,Fixture Wiring,No,"Screwdriver, 
Wire Stripper",Low,Yes,No,40mm,-,-,Indoor,60,55,55,55,,,,,,,,,,2.7,E27 Brass / Copper Pendant Lamp Holder,E27 pendant lamp holder,lamp holder,"ceiling rose, lampshade, light shade, bulb, led strip, downlight, spotlight, pendant cable, flex cable, lamp shade ring",£0.21,£0.12,E27 lamp holder | brass / copper lamp holder | E27 brass / copper pendant lamp holder
LHTHE27BN,https://dashboard.digitweblk.com/Productimages/2181.jpg,,-1,,Shiny Black,Shiny Black,E27,NO,NO,Pendant,TRUE,Knurled + Threaded,2,2,0,Yes,Metal,Metal,Ceramic,110-240V,60W,Screw,"Depends on 
bulb & Switch ",IP20,50Hz,2,No,"Top Conduit Cap 
Upper Decorative Cover
Main Metal Body
Ceramic Socket Insert 
 Double Shade Rings",Hardwired,Fixture Wiring,No,"Screwdriver, 
Wire Stripper",Low,Yes,No,40mm,"Fabric / glass / 
metal shades/Hemp 
shade 
Cages","Any lamp shade with
40mmm top opening
can be fited",Indoor,67,48,48,48,,,,,,,,,,2.7,E27 Shiny Black Pendant Lamp Holder,E27 pendant lamp holder,lamp holder,"ceiling rose, lampshade, light shade, bulb, led strip, downlight, spotlight, pendant cable, flex cable, lamp shade ring",£0.21,£0.12,E27 lamp holder
LHTHE27CO,https://dashboard.digitweblk.com/Productimages/407.jpg,,-9,,Brass / Gold,Copper,E27,NO,NO,Pendant,TRUE,Knurled + Threaded,2,2,0,Yes,Metal,Metal,Ceramic,110-240V,60W,Screw,"Depends on 
bulb & Switch ",IP20,50Hz,2,No,"Top Conduit Cap 
Upper Decorative Cover
Main Metal Body
Ceramic Socket Insert 
 Double Shade Rings",Hardwired,Fixture Wiring,No,"Screwdriver, 
Wire Stripper",Low,Yes,No,40mm,"Fabric / glass / 
metal shades/Hemp 
shade 
Cages","Any lamp shade with
40mmm top opening
can be fited",Indoor,67,48,48,48,,,,,,,,,,2.7,E27 Brass / Copper Pendant Lamp Holder,E27 pendant lamp holder,lamp holder,"ceiling rose, lampshade, light shade, bulb, led strip, downlight, spotlight, pendant cable, flex cable, lamp shade ring",£0.21,£0.12,E27 lamp holder | brass / copper lamp holder | E27 brass / copper pendant lamp holder
LHTHE27GB,https://dashboard.digitweblk.com/Productimages/2182.jpg,,-3,,Brass ,Green Brass,E27,NO,NO,Pendant,TRUE,Knurled + Threaded,2,2,0,Yes,Metal,Metal,Ceramic,110-240V,60W,Screw,"Depends on 
bulb & Switch ",IP20,50Hz,2,No,"Top Conduit Cap 
Upper Decorative Cover
Main Metal Body
Ceramic Socket Insert 
 Double Shade Rings",Hardwired,Fixture Wiring,No,"Screwdriver, 
Wire Stripper",Low,Yes,No,40mm,"Fabric / glass / 
metal shades/Hemp 
shade 
Cages","Any lamp shade with
40mmm top opening
can be fited",Indoor,67,48,48,48,,,,,,,,,,2.7,E27 Brass Pendant Lamp Holder,E27 pendant lamp holder,lamp holder,"ceiling rose, lampshade, light shade, bulb, led strip, downlight, spotlight, pendant cable, flex cable, lamp shade ring",£0.21,£0.12,E27 lamp holder | brass lamp holder | E27 brass pendant lamp holder
LHTHE27RO,http://dashboard.digitweblk.com/Productimages/TDHRSRGD.jpg,,52,,Rose gold,Rose gold,E27,NO,NO,Pendant,TRUE,Knurled + Threaded,2,2,0,Yes,Metal,Metal,Ceramic,110-240V,60W,Screw,"Depends on 
bulb & Switch ",IP20,50Hz,2,No,"Top Conduit Cap 
Upper Decorative Cover
Main Metal Body
Ceramic Socket Insert 
 Double Shade Rings",Hardwired,Fixture Wiring,No,"Screwdriver, 
Wire Stripper",Low,Yes,No,40mm,"Fabric / glass / 
metal shades/Hemp 
shade 
Cages","Any lamp shade with
40mmm top opening
can be fited",Indoor,67,48,48,48,,,,,,,,,,2.7,E27 Rose Gold Pendant Lamp Holder,E27 pendant lamp holder,lamp holder,"ceiling rose, lampshade, light shade, bulb, led strip, downlight, spotlight, pendant cable, flex cable, lamp shade ring",£0.21,£0.12,E27 lamp holder | rose gold lamp holder | E27 rose gold pendant lamp holder
LHTHE27SN,http://dashboard.digitweblk.com/Productimages/TDHRSNL.jpg,,2,,Brass ,Satin Nickel,E27,NO,NO,Pendant,TRUE,Knurled + Threaded,2,2,0,Yes,Metal,Metal,Ceramic,110-240V,60W,Screw,"Depends on 
bulb & Switch ",IP20,50Hz,2,No,"Top Conduit Cap 
Upper Decorative Cover
Main Metal Body
Ceramic Socket Insert 
 Double Shade Rings",Hardwired,Fixture Wiring,No,"Screwdriver, 
Wire Stripper",Low,Yes,No,40mm,"Fabric / glass / 
metal shades/Hemp 
shade 
Cages","Any lamp shade with
40mmm top opening
can be fited",Indoor,67,48,48,48,,,,,,,,,,2.7,E27 Brass Pendant Lamp Holder,E27 pendant lamp holder,lamp holder,"ceiling rose, lampshade, light shade, bulb, led strip, downlight, spotlight, pendant cable, flex cable, lamp shade ring",£0.21,£0.12,E27 lamp holder | brass lamp holder | E27 brass pendant lamp holder
LHTHE27YB,http://dashboard.digitweblk.com/Productimages/TDHRYBS.jpg,,2,,Brass / Gold,Yellow Brass,E27,NO,NO,Pendant,TRUE,Knurled + Threaded,2,2,0,Yes,Metal,Metal,Ceramic,110-240V,60W,Screw,"Depends on 
bulb & Switch ",IP20,50Hz,2,No,"Top Conduit Cap 
Upper Decorative Cover
Main Metal Body
Ceramic Socket Insert 
 Double Shade Rings",Hardwired,Fixture Wiring,No,"Screwdriver, 
Wire Stripper",Low,Yes,No,40mm,"Fabric / glass / 
metal shades/Hemp 
shade 
Cages","Any lamp shade with
40mmm top opening
can be fited",Indoor,67,48,48,48,,,,,,,,,,2.7,E27 Brass / Copper Pendant Lamp Holder,E27 pendant lamp holder,lamp holder,"ceiling rose, lampshade, light shade, bulb, led strip, downlight, spotlight, pendant cable, flex cable, lamp shade ring",£0.21,£0.12,E27 lamp holder | brass / copper lamp holder | E27 brass / copper pendant lamp holder
LHTKE27WH,http://dashboard.digitweblk.com/Productimages/13226.jpg,,116,,White,White,E27,NO,NO,Ceiling,FALSE,Smooth Cylinder,0,0,0,No,Metal,-,Ceramic,60W,110-240V,Screw,"Depends on 
bulb & Switch ",IP20,50Hz,2,No,,,,,,,,,,,,,,,,,,,,,,,,,,2.7,E27 White Ceiling Lamp Holder,E27 lamp holder,lamp holder,"ceiling rose, lampshade, light shade, bulb, led strip, downlight, spotlight, pendant cable, flex cable, lamp shade ring",£0.21,£0.12,E27 lamp holder
LHTOE27CO,https://dashboard.digitweblk.com/Productimages/23018.jpg,,265,,Brass / Gold,Copper,E27,NO,NO,Ceiling,TRUE,Threaded Decorative,2,2,0,No,Metal,Metal,Ceramic,110-240V,60W,Screw,"Depends on 
bulb & Switch ",IP20,50Hz,2,No,"Top Conduit Cap 
Upper Decorative Cover
Main Metal Body
Ceramic Socket Insert 
 Double Shade Rings",Hardwired,Fixture Wiring,No,"Screwdriver, 
Wire Stripper",Low,Yes,No,40mm,"Fabric / glass / 
metal shades/Hemp 
shade 
Cages","Any lamp shade with
40mmm top opening
can be fited",Indoor,78,68,68,68,,,,,,,,,,2.7,E27 Brass / Copper Ceiling Lamp Holder,E27 lamp holder,lamp holder,"ceiling rose, lampshade, light shade, bulb, led strip, downlight, spotlight, pendant cable, flex cable, lamp shade ring",£0.21,£0.12,E27 lamp holder | brass / copper lamp holder | E27 brass / copper pendant lamp holder
LHTOE27FG,https://dashboard.digitweblk.com/Productimages/23190.jpg,,91,,French Gold ,Silver,E27,NO,NO,Ceiling,TRUE,Threaded Decorative,2,2,0,No,Metal,Metal,Ceramic,110-240V,60W,Screw,"Depends on 
bulb & Switch ",IP20,50Hz,1,Yes,"Top Conduit Cap 
Upper Decorative Cover
Main Metal Body
Ceramic Socket Insert 
 Double Shade Rings",Hardwired,Fixture Wiring,No,"Screwdriver, 
Wire Stripper",Low,Yes,No,40mm,"Fabric / glass / 
metal shades/Hemp 
shade 
Cages","Any lamp shade with
40mmm top opening
can be fited",Indoor,78,68,68,68,,,,,,,,,,2.7,E27 French Gold Ceiling Lamp Holder,E27 lamp holder,lamp holder,"ceiling rose, lampshade, light shade, bulb, led strip, downlight, spotlight, pendant cable, flex cable, lamp shade ring",£0.21,£0.12,E27 lamp holder | french gold lamp holder | E27 french gold pendant lamp holder
LHTOE27RO,https://dashboard.digitweblk.com/Productimages/23021.jpg,,73,,Rose gold,Rose gold,E27,NO,NO,Ceiling,TRUE,Threaded Decorative,2,2,0,No,Metal,Metal,Ceramic,110-240V,60W,Screw,"Depends on 
bulb & Switch ",IP20,50Hz,1,Yes,"Top Conduit Cap 
Upper Decorative Cover
Main Metal Body
Ceramic Socket Insert 
 Double Shade Rings",Hardwired,Fixture Wiring,No,"Screwdriver, 
Wire Stripper",Low,Yes,No,40mm,"Fabric / glass / 
metal shades/Hemp 
shade 
Cages","Any lamp shade with
40mmm top opening
can be fited",Indoor,78,68,68,68,,,,,,,,,,2.7,E27 Rose Gold Ceiling Lamp Holder,E27 lamp holder,lamp holder,"ceiling rose, lampshade, light shade, bulb, led strip, downlight, spotlight, pendant cable, flex cable, lamp shade ring",£0.21,£0.12,E27 lamp holder | rose gold lamp holder | E27 rose gold pendant lamp holder
LHTOE27SN,https://dashboard.digitweblk.com/Productimages/23019.jpg,,254,,Brass ,Satin Nickel,E27,NO,NO,Ceiling,TRUE,Threaded Decorative,2,2,0,No,Metal,Metal,Ceramic,110-240V,60W,Screw,"Depends on 
bulb & Switch ",IP20,50Hz,1,Yes,"Top Conduit Cap 
Upper Decorative Cover
Main Metal Body
Ceramic Socket Insert 
 Double Shade Rings",Hardwired,Fixture Wiring,No,"Screwdriver, 
Wire Stripper",Low,Yes,No,40mm,"Fabric / glass / 
metal shades/Hemp 
shade 
Cages","Any lamp shade with
40mmm top opening
can be fited",Indoor,78,68,68,68,,,,,,,,,,2.7,E27 Brass Ceiling Lamp Holder,E27 lamp holder,lamp holder,"ceiling rose, lampshade, light shade, bulb, led strip, downlight, spotlight, pendant cable, flex cable, lamp shade ring",£0.21,£0.12,E27 lamp holder | brass lamp holder | E27 brass pendant lamp holder
LHTOE27WH,https://dashboard.digitweblk.com/Productimages/23191.jpg,,44,,White,White,E27,NO,NO,Ceiling,TRUE,Threaded Decorative,2,2,0,No,Metal,Metal,Ceramic,110-240V,60W,Screw,"Depends on 
bulb & Switch ",IP20,50Hz,1,Yes,"Top Conduit Cap 
Upper Decorative Cover
Main Metal Body
Ceramic Socket Insert 
 Double Shade Rings",Hardwired,Fixture Wiring,No,"Screwdriver, 
Wire Stripper",Low,Yes,No,40mm,"Fabric / glass / 
metal shades/Hemp 
shade 
Cages","Any lamp shade with
40mmm top opening
can be fited",Indoor,78,68,68,68,,,,,,,,,,2.7,E27 White Ceiling Lamp Holder,E27 lamp holder,lamp holder,"ceiling rose, lampshade, light shade, bulb, led strip, downlight, spotlight, pendant cable, flex cable, lamp shade ring",£0.21,£0.12,E27 lamp holder
LHTOE27YB,https://dashboard.digitweblk.com/Productimages/23020.jpg,,2,,Brass / Gold,Yellow Brass,E27,NO,NO,Ceiling,TRUE,Threaded Decorative,2,2,0,No,Metal,Metal,Ceramic,110-240V,60W,Screw,"Depends on 
bulb & Switch ",IP20,50Hz,1,Yes,"Top Conduit Cap 
Upper Decorative Cover
Main Metal Body
Ceramic Socket Insert 
 Double Shade Rings",Hardwired,Fixture Wiring,No,"Screwdriver, 
Wire Stripper",Low,Yes,No,40mm,"Fabric / glass / 
metal shades/Hemp 
shade 
Cages","Any lamp shade with
40mmm top opening
can be fited",Indoor,78,68,68,68,,,,,,,,,,2.7,E27 Brass / Copper Ceiling Lamp Holder,E27 lamp holder,lamp holder,"ceiling rose, lampshade, light shade, bulb, led strip, downlight, spotlight, pendant cable, flex cable, lamp shade ring",£0.21,£0.12,E27 lamp holder | brass / copper lamp holder | E27 brass / copper pendant lamp holder
LHTRE27BN,http://dashboard.digitweblk.com/Productimages/TDTHRBK.jpg,,19,,Mate Balck,Black,E27,NO,NO,Pendant,TRUE,Smooth + Threaded,2,2,1,Yes,Metal,Metal,Ceramic,60W,110-240V,Screw,"Depends on 
bulb & Switch ",IP20,50Hz,2,No,"Top Cable Entry Cap 
Upper Decorative Dome
Main Metal Body 
Threaded Section
 Two Knurled Rings 
Ceramic Socket Insert",Hardwired,Fixture Wiring,No,"Screwdriver, 
Wire Stripper",Low,Yes,No,40mm,"Fabric / glass / 
metal shades/Hemp 
shade 
Cages","Any lamp shade with
40mmm top opening
can be fited",Indoor,105,40,40,40,,,,,,,,,,2.7,E27 Matte Black Pendant Lamp Holder,E27 pendant lamp holder,lamp holder,"ceiling rose, lampshade, light shade, bulb, led strip, downlight, spotlight, pendant cable, flex cable, lamp shade ring",£0.21,£0.12,E27 lamp holder
LHTRE27CO,http://dashboard.digitweblk.com/Productimages/TDTHRCR.jpg,,200,,Brass / Gold,Copper,E27,NO,NO,Pendant,TRUE,Smooth + Threaded,2,2,1,Yes,Metal,Metal,Ceramic,60W,110-240V,Screw,"Depends on 
bulb & Switch ",IP20,50Hz,2,No,"Top Cable Entry Cap 
Upper Decorative Dome
Main Metal Body 
Threaded Section
 Two Knurled Rings 
Ceramic Socket Insert",Hardwired,Fixture Wiring,No,"Screwdriver, 
Wire Stripper",Low,Yes,No,40mm,"Fabric / glass / 
metal shades/Hemp 
shade 
Cages","Any lamp shade with
40mmm top opening
can be fited",Indoor,105,40,40,40,,,,,,,,,,2.7,E27 Brass / Copper Pendant Lamp Holder,E27 pendant lamp holder,lamp holder,"ceiling rose, lampshade, light shade, bulb, led strip, downlight, spotlight, pendant cable, flex cable, lamp shade ring",£0.21,£0.12,E27 lamp holder | brass / copper lamp holder | E27 brass / copper pendant lamp holder
LHTRE27GB,https://dashboard.digitweblk.com/Productimages/2227.jpg,,57,,Brass ,Green Brass,E27,NO,NO,Pendant,TRUE,Smooth + Threaded,2,2,1,Yes,Metal,Metal,Ceramic,60W,110-240V,Screw,"Depends on 
bulb & Switch ",IP20,50Hz,2,No,"Top Cable Entry Cap 
Upper Decorative Dome
Main Metal Body 
Threaded Section
 Two Knurled Rings 
Ceramic Socket Insert",Hardwired,Fixture Wiring,No,"Screwdriver, 
Wire Stripper",Low,Yes,No,40mm,"Fabric / glass / 
metal shades/Hemp 
shade 
Cages","Any lamp shade with
40mmm top opening
can be fited",Indoor,105,40,40,40,,,,,,,,,,2.7,E27 Brass Pendant Lamp Holder,E27 pendant lamp holder,lamp holder,"ceiling rose, lampshade, light shade, bulb, led strip, downlight, spotlight, pendant cable, flex cable, lamp shade ring",£0.21,£0.12,E27 lamp holder | brass lamp holder | E27 brass pendant lamp holder
LHTRE27RO,http://dashboard.digitweblk.com/Productimages/TDTHRRGD.jpg,,113,,Rose gold,Rose gold,E27,NO,NO,Pendant,TRUE,Smooth + Threaded,2,2,1,Yes,Metal,Metal,Ceramic,60W,110-240V,Screw,"Depends on 
bulb & Switch ",IP20,50Hz,2,No,"Top Cable Entry Cap 
Upper Decorative Dome
Main Metal Body 
Threaded Section
 Two Knurled Rings 
Ceramic Socket Insert",Hardwired,Fixture Wiring,No,"Screwdriver, 
Wire Stripper",Low,Yes,No,40mm,"Fabric / glass / 
metal shades/Hemp 
shade 
Cages","Any lamp shade with
40mmm top opening
can be fited",Indoor,105,40,40,40,,,,,,,,,,2.7,E27 Rose Gold Pendant Lamp Holder,E27 pendant lamp holder,lamp holder,"ceiling rose, lampshade, light shade, bulb, led strip, downlight, spotlight, pendant cable, flex cable, lamp shade ring",£0.21,£0.12,E27 lamp holder | rose gold lamp holder | E27 rose gold pendant lamp holder
LHTRE27SN,https://dashboard.digitweblk.com/Productimages/5142.jpg,,86,,Brass ,Satin Nickel,E27,NO,NO,Pendant,TRUE,Smooth + Threaded,2,2,1,Yes,Metal,Metal,Ceramic,60W,110-240V,Screw,"Depends on 
bulb & Switch ",IP20,50Hz,2,No,"Top Cable Entry Cap 
Upper Decorative Dome
Main Metal Body 
Threaded Section
 Two Knurled Rings 
Ceramic Socket Insert",Hardwired,Fixture Wiring,No,"Screwdriver, 
Wire Stripper",Low,Yes,No,40mm,"Fabric / glass / 
metal shades/Hemp 
shade 
Cages","Any lamp shade with
40mmm top opening
can be fited",Indoor,105,40,40,40,,,,,,,,,,2.7,E27 Brass Pendant Lamp Holder,E27 pendant lamp holder,lamp holder,"ceiling rose, lampshade, light shade, bulb, led strip, downlight, spotlight, pendant cable, flex cable, lamp shade ring",£0.21,£0.12,E27 lamp holder | brass lamp holder | E27 brass pendant lamp holder
LHTRE27YB,https://dashboard.digitweblk.com/Productimages/2228.jpg,,185,,Brass / Gold,Yellow Brass,E27,NO,NO,Pendant,TRUE,Smooth + Threaded,2,2,1,Yes,Metal,Metal,Ceramic,60W,110-240V,Screw,"Depends on 
bulb & Switch ",IP20,50Hz,2,No,"Top Cable Entry Cap 
Upper Decorative Dome
Main Metal Body 
Threaded Section
 Two Knurled Rings 
Ceramic Socket Insert",Hardwired,Fixture Wiring,No,"Screwdriver, 
Wire Stripper",Low,Yes,No,40mm,"Fabric / glass / 
metal shades/Hemp 
shade 
Cages","Any lamp shade with
40mmm top opening
can be fited",Indoor,105,40,40,40,,,,,,,,,,2.7,E27 Brass / Copper Pendant Lamp Holder,E27 pendant lamp holder,lamp holder,"ceiling rose, lampshade, light shade, bulb, led strip, downlight, spotlight, pendant cable, flex cable, lamp shade ring",£0.21,£0.12,E27 lamp holder | brass / copper lamp holder | E27 brass / copper pendant lamp holder
LHTTE27BL,https://dashboard.digitweblk.com/Productimages/5223.jpg,,63,,Gloss Blue,Blue,E27,NO,NO,Ceiling,FALSE,Smooth Cylinder,0,0,1,No,Metal,-,Ceramic,60W,110-240V,Screw,"Depends on 
bulb & Switch ",IP20,50Hz,2,No,"Metal Thread Entry Pipe
 Fixing Nut & Washer 
Ceramic Holder Body
Internal E27 Socket 
 3 Core Electrical Wire",Hardwired,Fixture Wiring,No,"Screwdriver, 
Wire Stripper",Low,Yes,No,40mm,-,-,Indoor,80,40,40,40,,,,,,,,,,2.7,E27 Gloss Blue Ceiling Lamp Holder,E27 lamp holder,lamp holder,"ceiling rose, lampshade, light shade, bulb, led strip, downlight, spotlight, pendant cable, flex cable, lamp shade ring",£0.21,£0.15,E27 lamp holder
LHTTE27BM,http://dashboard.digitweblk.com/Productimages/LHTTE27BM.jpg,,528,,Matte Black,Black,E27,NO,NO,Ceiling,FALSE,Smooth Cylinder,0,0,1,No,Metal,-,Ceramic,60W,110-240V,Screw,"Depends on 
bulb & Switch ",IP20,50Hz,2,No,"Metal Thread Entry Pipe
 Fixing Nut & Washer 
Ceramic Holder Body
Internal E27 Socket 
 3 Core Electrical Wire",Hardwired,Fixture Wiring,No,"Screwdriver, 
Wire Stripper",Low,Yes,No,40mm,-,-,Indoor,80,40,40,40,,,,,,,,,,2.7,E27 Matte Black Ceiling Lamp Holder,E27 lamp holder,lamp holder,"ceiling rose, lampshade, light shade, bulb, led strip, downlight, spotlight, pendant cable, flex cable, lamp shade ring",£0.21,£0.12,E27 lamp holder
LHTTE27GG,http://dashboard.digitweblk.com/Productimages/LHTTE27GG.jpg,,105,,Gold,Gold,E27,NO,NO,Ceiling,FALSE,Smooth Cylinder,0,0,1,No,Metal,-,Ceramic,60W,110-240V,Screw,"Depends on 
bulb & Switch ",IP20,50Hz,2,No,"Metal Thread Entry Pipe
 Fixing Nut & Washer 
Ceramic Holder Body
Internal E27 Socket 
 3 Core Electrical Wire",Hardwired,Fixture Wiring,No,"Screwdriver, 
Wire Stripper",Low,Yes,No,40mm,-,-,Indoor,80,40,40,40,,,,,,,,,,2.7,E27 Gold Ceiling Lamp Holder,E27 lamp holder,lamp holder,"ceiling rose, lampshade, light shade, bulb, led strip, downlight, spotlight, pendant cable, flex cable, lamp shade ring",£0.21,£0.12,E27 lamp holder | gold lamp holder | E27 gold pendant lamp holder
LHTTE27GR,http://dashboard.digitweblk.com/Productimages/5225.jpg,,13,,Gloss Green,Green,E27,NO,NO,Ceiling,FALSE,Smooth Cylinder,0,0,1,No,Metal,-,Ceramic,60W,110-240V,Screw,"Depends on 
bulb & Switch ",IP20,50Hz,2,No,"Metal Thread Entry Pipe
 Fixing Nut & Washer 
Ceramic Holder Body
Internal E27 Socket 
 3 Core Electrical Wire",Hardwired,Fixture Wiring,No,"Screwdriver, 
Wire Stripper",Low,Yes,No,40mm,-,-,Indoor,80,40,40,40,,,,,,,,,,2.7,E27 Gloss Green Ceiling Lamp Holder,E27 lamp holder,lamp holder,"ceiling rose, lampshade, light shade, bulb, led strip, downlight, spotlight, pendant cable, flex cable, lamp shade ring",£0.21,£0.15,E27 lamp holder
LHTTE27GY,http://dashboard.digitweblk.com/Productimages/LHTTE27GY.jpg,,34,,Mate,Gray,E27,NO,NO,Ceiling,FALSE,Smooth Cylinder,0,0,1,No,Metal,-,Ceramic,60W,110-240V,Screw,"Depends on 
bulb & Switch ",IP20,50Hz,2,No,"Metal Thread Entry Pipe
 Fixing Nut & Washer 
Ceramic Holder Body
Internal E27 Socket 
 3 Core Electrical Wire",Hardwired,Fixture Wiring,No,"Screwdriver, 
Wire Stripper",Low,Yes,No,40mm,-,-,Indoor,80,40,40,40,,,,,,,,,,2.7,E27 Matte Black Ceiling Lamp Holder,E27 lamp holder,lamp holder,"ceiling rose, lampshade, light shade, bulb, led strip, downlight, spotlight, pendant cable, flex cable, lamp shade ring",£0.21,£0.12,E27 lamp holder
LHTTE27OR,http://dashboard.digitweblk.com/Productimages/LHTTE27OR.jpg,,18,,Gloss,Orange,E27,NO,NO,Ceiling,FALSE,Smooth Cylinder,0,0,1,No,Metal,-,Ceramic,60W,110-240V,Screw,"Depends on 
bulb & Switch ",IP20,50Hz,2,No,"Metal Thread Entry Pipe
 Fixing Nut & Washer 
Ceramic Holder Body
Internal E27 Socket 
 3 Core Electrical Wire",Hardwired,Fixture Wiring,No,"Screwdriver, 
Wire Stripper",Low,Yes,No,40mm,-,-,Indoor,80,40,40,40,,,,,,,,,,2.7,E27 Gloss Ceiling Lamp Holder,E27 lamp holder,lamp holder,"ceiling rose, lampshade, light shade, bulb, led strip, downlight, spotlight, pendant cable, flex cable, lamp shade ring",£0.21,£0.12,E27 lamp holder
LHTTE27WH,http://dashboard.digitweblk.com/Productimages/LHTTE27WH.jpg,,-3,,Gloss,White,E27,NO,NO,Ceiling,FALSE,Smooth Cylinder,0,0,1,No,Metal,-,Ceramic,60W,110-240V,Screw,"Depends on 
bulb & Switch ",IP20,50Hz,2,No,"Metal Thread Entry Pipe
 Fixing Nut & Washer 
Ceramic Holder Body
Internal E27 Socket 
 3 Core Electrical Wire",Hardwired,Fixture Wiring,No,"Screwdriver, 
Wire Stripper",Low,Yes,No,40mm,-,-,Indoor,80,40,40,40,,,,,,,,,,2.7,E27 Gloss Ceiling Lamp Holder,E27 lamp holder,lamp holder,"ceiling rose, lampshade, light shade, bulb, led strip, downlight, spotlight, pendant cable, flex cable, lamp shade ring",£0.21,£0.12,E27 lamp holder
LHTTE27YE,http://dashboard.digitweblk.com/Productimages/5228.jpg,,26,,Gloss,Yellow ,E27,NO,NO,Ceiling,FALSE,Smooth Cylinder,0,0,1,No,Metal,-,Ceramic,60W,110-240V,Screw,"Depends on 
bulb & Switch ",IP20,50Hz,2,No,"Metal Thread Entry Pipe
 Fixing Nut & Washer 
Ceramic Holder Body
Internal E27 Socket 
 3 Core Electrical Wire",Hardwired,Fixture Wiring,No,"Screwdriver, 
Wire Stripper",Low,Yes,No,40mm,-,-,Indoor,80,40,40,40,,,,,,,,,,2.7,E27 Gloss Ceiling Lamp Holder,E27 lamp holder,lamp holder,"ceiling rose, lampshade, light shade, bulb, led strip, downlight, spotlight, pendant cable, flex cable, lamp shade ring",£0.21,£0.12,E27 lamp holder
LHWME27BM,http://dashboard.digitweblk.com/Productimages/11184.jpg,,373,,Matte Black,Black,E27,YES,YES,Pendant,FALSE,Smooth Cylinder,0,0,0,No,"Flame-
Retardant PVC",-,Thermoplastic,60W,110-240V,Screw,"Depends on 
bulb & Switch ",IP20,50Hz,2,No,"Thermoplastic Upper Body
Side Shade Fix Screw 
Internal E27 Socket 
Aluminium Base Shell",Hardwired,Fixture Wiring,No,"Screwdriver, 
Wire Stripper",Low,Yes,No,-,-,-,Indoor,43,27,27,27,,,,,,,,,,2.7,E27 Matte Black Switched Lamp Holder,E27 switched lamp holder,lamp holder,"ceiling rose, lampshade, light shade, bulb, led strip, downlight, spotlight, pendant cable, flex cable, lamp shade ring",£0.21,£0.12,E27 lamp holder | E27 lamp holder with switch | switched lamp holder
LHXCCE27BM,https://dashboard.digitweblk.com/Productimages/23744.jpg,,1000,,Matte Black,Black,E27,NO,NO,Ceiling / Wall,FALSE,Smooth Dome,0,0,0,No,"Flame-
Retardant PVC",-,Ceramic,60W,110-240V,"Push-fit 
connector","Depends on 
bulb & Switch ",IP20,50Hz,2,No,"Plastic E27 Lamp Holder 
 3-Arm Mounting Plate 
Prewired Connector 
 Decorative Metal Ceiling Cove",Hardwired,Fixture Wiring,No,"Screwdriver, 
Wire Stripper",Low,Yes,No,-,-,-,Indoor,100,150,150,150,,,,,,,,,,2.7,E27 Matte Black Ceiling Lamp Holder,E27 lamp holder,lamp holder,"ceiling rose, lampshade, light shade, bulb, led strip, downlight, spotlight, pendant cable, flex cable, lamp shade ring",£0.21,£0.12,E27 lamp holder
LHXCCE27RR,https://dashboard.digitweblk.com/Productimages/23745.jpg,,1000,,Red,Red,E27,NO,NO,Ceiling / Wall,FALSE,Smooth Dome,0,0,0,No,"Flame-
Retardant PVC",-,Ceramic,60W,110-240V,"Push-fit 
connector","Depends on 
bulb & Switch ",IP20,50Hz,2,No,"Plastic E27 Lamp Holder 
 3-Arm Mounting Plate 
Prewired Connector 
 Decorative Metal Ceiling Cove",Hardwired,Fixture Wiring,No,"Screwdriver, 
Wire Stripper",Low,Yes,No,-,-,-,Indoor,100,150,150,150,,,,,,,,,,2.7,E27 Red Ceiling Lamp Holder,E27 lamp holder,lamp holder,"ceiling rose, lampshade, light shade, bulb, led strip, downlight, spotlight, pendant cable, flex cable, lamp shade ring",£0.21,£0.15,E27 lamp holder
LHXCCE27WH,https://dashboard.digitweblk.com/Productimages/23743.jpg,,1000,,White,White,E27,NO,NO,Ceiling / Wall,FALSE,Smooth Dome,0,0,0,No,"Flame-
Retardant PVC",-,Ceramic,60W,110-240V,"Push-fit 
connector","Depends on 
bulb & Switch ",IP20,50Hz,2,No,"Plastic E27 Lamp Holder 
 3-Arm Mounting Plate 
Prewired Connector 
 Decorative Metal Ceiling Cove",Hardwired,Fixture Wiring,No,"Screwdriver, 
Wire Stripper",Low,Yes,No,-,-,-,Indoor,100,150,150,150,,,,,,,,,,2.7,E27 White Ceiling Lamp Holder,E27 lamp holder,lamp holder,"ceiling rose, lampshade, light shade, bulb, led strip, downlight, spotlight, pendant cable, flex cable, lamp shade ring",£0.21,£0.12,E27 lamp holder
LHXDE27WH,https://dashboard.digitweblk.com/Productimages/23742.jpg,,1200,,White,White,E27,NO,NO,,FALSE,,,,,,,,,,,,,,,,,,Hardwired,Fixture Wiring,No,"Screwdriver, 
Wire Stripper",Low,Yes,No,,,,,,,,,,,,,,,,,,2.7,E27 White Pendant Lamp Holder,E27 pendant lamp holder,lamp holder,"ceiling rose, lampshade, light shade, bulb, led strip, downlight, spotlight, pendant cable, flex cable, lamp shade ring",£0.21,£0.12,E27 lamp holder
LHXSHE27BM,https://dashboard.digitweblk.com/Productimages/23738.png,,989,,Matte Black,Black,E27,NO,NO,Pendant,TRUE,Smooth,1,1,0,Yes,Plastic,Plastic,Thermoplastic,60W,110-240V,Screw,"Depends on 
bulb & Switch ",IP44,50Hz,2,No,"Waterproof Cable Gland (M12 × 1.5)
Top Dome Housing 
Thermoplastic Holder Body
E27 Socket with Brass Terminals 
Threaded Mount Section 
Shade Ring",Hardwired,Fixture Wiring,No,"Screwdriver, 
Wire Stripper",Low,Yes,No,40mm,"Fabric / glass / 
metal shades/Hemp 
shade 
Cages","Any lamp shade with
40mmm top opening
can be fited",IndoorOutdoor,105,44,44,44,,,,,,,,,,2.7,E27 Matte Black Pendant Lamp Holder,E27 pendant lamp holder,lamp holder,"ceiling rose, lampshade, light shade, bulb, led strip, downlight, spotlight, pendant cable, flex cable, lamp shade ring",£0.21,£0.12,E27 lamp holder
LHXSHE27WH,https://dashboard.digitweblk.com/Productimages/23739.png,,999,,White,White,E27,NO,NO,Pendant,TRUE,Smooth,1,1,0,Yes,Plastic,Plastic,Thermoplastic,60W,110-240V,Screw,"Depends on 
bulb & Switch ",IP44,50Hz,2,No,"Waterproof Cable Gland (M12 × 1.5)
Top Dome Housing 
Thermoplastic Holder Body
E27 Socket with Brass Terminals 
Threaded Mount Section 
Shade Ring",Hardwired,Fixture Wiring,No,"Screwdriver, 
Wire Stripper",Low,Yes,No,40mm,"Fabric / glass / 
metal shades/Hemp 
shade 
Cages","Any lamp shade with
40mmm top opening
can be fited",IndoorOutdoor,105,44,44,44,,,,,,,,,,2.7,E27 White Pendant Lamp Holder,E27 pendant lamp holder,lamp holder,"ceiling rose, lampshade, light shade, bulb, led strip, downlight, spotlight, pendant cable, flex cable, lamp shade ring",£0.21,£0.12,E27 lamp holder
LHXWPE27PPWH,https://dashboard.digitweblk.com/Productimages/23736.jpg,,999,,White,White,E27,NO,NO,Pendant,TRUE,Smooth,0,0,1,Yes,-,-,Brass Contact,60W,110-240V,"Screw Terminal 
Block","Depends on 
bulb & Switch ",IP44,50Hz,2,No,"Outer decorative cover
Inner insulating body
E27 threaded brass socket
Terminal block connector
Cable gland
Locking nut",Hardwired,Fixture Wiring,No,"Screwdriver, 
Wire Stripper",Low,Yes,No,-,-,-,IndoorOutdoor,60,45,45,45,,,,,,,,,,2.7,E27 White Pendant Lamp Holder,E27 pendant lamp holder,lamp holder,"ceiling rose, lampshade, light shade, bulb, led strip, downlight, spotlight, pendant cable, flex cable, lamp shade ring",£0.21,£0.12,E27 lamp holder
PHXSH1PBRWH,https://dashboard.digitweblk.com/Productimages/23746.jpg,,1000,,White,White,E27,NO,NO,Pendant,TRUE,Smooth,1,1,0,Yes,Plastic,Plastic,Thermoplastic,60W,110-240V,Screw,"Depends on 
bulb & Switch ",IP44,50Hz,2,No,"Waterproof Cable Gland (M12 × 1.5)
Top Dome Housing 
Thermoplastic Holder Body
E27 Socket with Brass Terminals 
Threaded Mount Section 
Shade Ring",Hardwired,Fixture Wiring,No,"Screwdriver, 
Wire Stripper",Low,Yes,No,40mm,"Fabric / glass / 
metal shades/Hemp 
shade 
Cages","Any lamp shade with
40mmm top opening
can be fited",IndoorOutdoor,105,44,44,44,,,,,,,,,,2.7,E27 White Pendant Lamp Holder,E27 pendant lamp holder,lamp holder,"ceiling rose, lampshade, light shade, bulb, led strip, downlight, spotlight, pendant cable, flex cable, lamp shade ring",£0.21,£0.12,E27 lamp holder