,,,IDENTITY,,,,LAMPHOLDER,,,,,,,,,,,,,,,,,,,,,CABLE,,,,,,,,,CEILING ROSE,,,,,,DROP,,TOTAL,,MATERIALS,,,,,,,INSTALLATION,,,,,,,,,,,,,,,CAPABILITIES,,,,,,,,,,,,,COMPLIANCE,,,,,,,,PPC Team,,,,,,,VOC,,,,,,,,,,,,IMAGES,,,,,,,PERFORMANCE,,,,,,RELATIONSHIPS,,,,,
SKU_ID,Parent_ID,IMG,Product_Type,Product_Subtype,Brand,Product_Name,Bulb_Base_Type,Shade_Ring,"Shade
Rings Qty","Lock
Nut Qty",Shade_Ring_Thread,Thread_Length,"Socket
Type","Shade
Support",Cable _Thread,Cable _Thread _Length,"Cable
Grip
Included","Switch
Included","Switch
Type","Body
Pattern","Body
Material
(Primary)",Ring,"Insert
Material
(Secondary)","Finish
Name","Colour
Family",Height_mm,Width_mm,Cable_Type,Cable_Colour,Cable_Material,Cable_Pattern,Cable_Core,Cable_Length_m,Cable_Length_Adj,Cable_Core_Count,Cable_Cross_Section,Ceiling_Rose_Dia_mm,Hook_Incl,Chain_Inc,Material,Colour,Fixing_Acc,Adj_Drop_Min_mm,Adj_Drop_Max_mm,Height_mm,Diameter_mm,"Material_Primary
(Lampholder)","Material_Secondary
Cable",Max_Wattage,Voltage,Dimmable,Frequency,IP_Rating,Install_Type,Mount_Type,Req_Electrician,Assembly_Req,Assembly_Complex,Est_Install_Min,Wiring_Type,Ceiling_Compat,Parts_List,Fixings_Incl,Instructions_Incl,Tools_Required,Compatible_Shade_Hole_mm,Reducer_Ring_Included,Compatible_Bulb_Shapes,Cap_Dimmable,Cap_Easy_DIY,Cap_Elec_Req,Cap_Indoor_Dry,Cap_Outdoor_Dry,Cap_Bathroom_IP44,Cap_Std_UK_Bulb,Weight_g,Packaged_Weight_g,Pkg_L_mm,Pkg_W_mm,Pkg_H_mm,Postage Cost,CE_Cert_ID,UKCA_Cert_ID,RoHS_Cert_ID,WEEE_Reg,Warranty_Months,Warranty_Covers,Safety_Warnings,Restricted_Claims,Exact Match,Phrase Match,Broad Match,Negative_Keywords,Max_Bid_GBP,Min_Bid_GBP,Suggested_Search_Terms,Return_Reason_1,Return_Reason_2,Return_Reason_3,Objection_1,Obj_1_Evidence,Objection_2,Obj_2_Evidence,Objection_3,Obj_3_Evidence,Positive_Theme_1,Positive_Theme_2,Positive_Theme_3,Img_Main,Img_Dimension,Img_InBox,Img_Finish,Img_Context,Img_Install,Img_Lifestyle,CTR_%,CVR_%,Return_%,ACOS_%,Monthly_Rev_GBP,Buy_Box_%,Rel_1_Type,Rel_1_Target,Rel_1_Reason,Rel_2_Type,Rel_2_Target,Rel_2_Reason
PHAH2RCHBW,https://sin1.contabostorage.com/4ad62276cb6d4a83bfb1b8a91b839703:newom/newom/newom/img/product_images/760.jpg,,Lighting Accessory,Pendant Lamp Holder,LEDSone,E27 Chrome Pendant Lamp Holder with 2m Braided Cable,E27,Yes,1.0,0.0,M40,,Edison Screw,Yes,M10,20 mm,Yes,No,-,Smooth with horizontal rib,Metal,Metal,Ceramic,Polished Chrome,Silver,59.0,56.0,Round,Black White,Fabric Braided,Braided Zigzag,3 Core,2m,Yes,"Live,Neatural,Earth",0.75 mm²,-,-,-,-,-,-,50mm,900mm,,,Metal,Fabric Braided,60W,220-240V,"Yes
Depend on The Switch & Bulb",50Hz,IP20,Hardwired,Pendant,Yes,Minimal,Easy,~25min,Terminal Block,Universal,"Lamp Holder, Shade Ring, Lock Nut, Cable",No,Yes,"Screwdriver,Cable Cutter",~40-42mm,Yes,"A60 
ST64 
G95
G80 & Al kind E27 bulbs",Yes,Yes,Recommended,Yes,No,No,Yes,,,,,,2.7,,,,,,,,,e27 silver pendant lamp holder,polished chrome lamp holder,pendant lamp holder,"b22, floor lamp, table lamp, led bulb, shade only, e14",0.31,0.14,"silver pendant lamp holder, e27 silver pendant lamp holder, polished chrome pendant lamp holder, e27 pendant lamp holder round cable, pendant lamp holder 2m cable, e27 pendant lamp holder uk, pendant lamp holder, e27 pendant lamp holder, silver pendant light holder, polished chrome lamp holder",,,,,,,,,,,,,,,,,,,,,,,,,,,,,,,
PHAH2RBMBM,https://sin1.contabostorage.com/4ad62276cb6d4a83bfb1b8a91b839703:newom/newom/newom/img/product_images/763.jpg,,Lighting Accessory,Pendant Lamp Holder,LEDSone,E27 Shiny Black Pendant Lamp Holder with 2m Braided Cable,E27,Yes,1.0,0.0,M40,,Edison Screw,Yes,M10,20 mm,Yes,No,-,Smooth with horizontal rib,Metal,Metal,Ceramic,Black,Black,59.0,56.0,Round,Black,Fabric Braided,Braided,3 Core,2m,Yes,"Live,Neatural,Earth",0.75 mm²,-,-,-,-,-,-,50mm,900mm,,,Metal,Fabric Braided,60W,220-240V,"Yes
Depend on The Switch & Bulb",50Hz,IP20,Hardwired,Pendant,Yes,Minimal,Easy,~25min,Terminal Block,Universal,"Lamp Holder, Shade Ring, Lock Nut, Cable",No,Yes,"Screwdriver,Cable Cutter",~40-42mm,Yes,"A60 
ST64 
G95
G80 & Al kind E27 bulbs",Yes,Yes,Recommended,Yes,No,No,Yes,,,,,,2.7,,,,,,,,,e27 black pendant lamp holder,pendant lamp holder round cable,lamp holder with cable,"b22, floor lamp, table lamp, led bulb, shade only, e14",0.31,0.14,"black pendant lamp holder, e27 black pendant lamp holder, e27 pendant lamp holder round cable, pendant lamp holder 2m cable, e27 pendant lamp holder uk, pendant lamp holder, e27 pendant lamp holder, black pendant light holder, black lamp holder, pendant lamp holder round cable",,,,,,,,,,,,,,,,,,,,,,,,,,,,,,,
PHAH2RGBGD,https://sin1.contabostorage.com/4ad62276cb6d4a83bfb1b8a91b839703:newom/newom/newom/img/product_images/762.jpg,,Lighting Accessory,Pendant Lamp Holder,LEDSone,E27 Green BrassPendant Lamp Holder with 2m Braided Cable,E27,Yes,1.0,0.0,M40,,Edison Screw,Yes,M10,20 mm,Yes,No,-,Smooth with horizontal rib,Metal,Metal,Ceramic,Green Brass,Green,59.0,56.0,Round,Gold,Fabric Braided,Braided,3 Core,2m,Yes,"Live,Neatural,Earth",0.75 mm²,-,-,-,-,-,-,50mm,900mm,,,Metal,Fabric Braided,60W,220-240V,"Yes
Depend on The Switch & Bulb",50Hz,IP20,Hardwired,Pendant,Yes,Minimal,Easy,~25min,Terminal Block,Universal,"Lamp Holder, Shade Ring, Lock Nut, Cable",No,Yes,"Screwdriver,Cable Cutter",~40-42mm,Yes,"A60 
ST64 
G95
G80 & Al kind E27 bulbs",Yes,Yes,Recommended,Yes,No,No,Yes,,,,,,2.7,,,,,,,,,e27 green pendant lamp holder,green brass lamp holder,pendant lamp holder,"b22, floor lamp, table lamp, led bulb, shade only, e14",0.31,0.14,"green pendant lamp holder, e27 green pendant lamp holder, green brass pendant lamp holder, e27 pendant lamp holder round cable, pendant lamp holder 2m cable, e27 pendant lamp holder uk, pendant lamp holder, e27 pendant lamp holder, green pendant light holder, green brass lamp holder",,,,,,,,,,,,,,,,,,,,,,,,,,,,,,,
PHAH2RYBGD,https://sin1.contabostorage.com/4ad62276cb6d4a83bfb1b8a91b839703:newom/newom/newom/img/product_images/3135.jpg,,Lighting Accessory,Pendant Lamp Holder,LEDSone,E27 Yellow Brass Pendant Lamp Holder with 2m Braided Cable,E27,Yes,1.0,0.0,M40,,Edison Screw,Yes,M10,20 mm,Yes,No,-,Smooth with horizontal rib,Metal,Metal,Ceramic,Yellow Brass,Yellow,59.0,56.0,Round,Lite Gold,Fabric Braided,Braided,3 Core,2m,Yes,"Live,Neatural,Earth",0.75 mm²,-,-,-,-,-,-,50mm,900mm,,,Metal,Fabric Braided,60W,220-240V,"Yes
Depend on The Switch & Bulb",50Hz,IP20,Hardwired,Pendant,Yes,Minimal,Easy,~25min,Terminal Block,Universal,"Lamp Holder, Shade Ring, Lock Nut, Cable",No,Yes,"Screwdriver,Cable Cutter",~40-42mm,Yes,"A60 
ST64 
G95
G80 & Al kind E27 bulbs",Yes,Yes,Recommended,Yes,No,No,Yes,,,,,,2.7,,,,,,,,,e27 yellow pendant lamp holder,yellow brass lamp holder,pendant lamp holder,"b22, floor lamp, table lamp, led bulb, shade only, e14",0.31,0.14,"yellow pendant lamp holder, e27 yellow pendant lamp holder, yellow brass pendant lamp holder, e27 pendant lamp holder round cable, pendant lamp holder 2m cable, e27 pendant lamp holder uk, pendant lamp holder, e27 pendant lamp holder, yellow pendant light holder, yellow brass lamp holder",,,,,,,,,,,,,,,,,,,,,,,,,,,,,,,
PHBH1BRTCO,https://sin1.contabostorage.com/4ad62276cb6d4a83bfb1b8a91b839703:newom/newom/newom/img/product_images/35229.jpg,,Lighting Accessory,Pendant Lamp Holder,LEDSone,E27 Copper Pendant Lamp Holder with 1m Twisted Cable,E27,Yes,1.0,0.0,M40,,Edison Screw,Yes,M10,20 mm,Yes,No,-,Smooth,Metal,PVC,Ceramic,Brass,Copper,75.0,40.0,Twisted,Copper Brown,Fabric Braided,Braided,3 Core,1m,Yes,"Live,Neatural,Earth",0.75 mm²,-,-,-,-,-,-,50mm,900mm,,,Metal,Fabric Braided,60W,220-240V,"Yes
Depend on The Switch & Bulb",50Hz,IP20,Hardwired,Pendant,Yes,Minimal,Easy,~25min,Terminal Block,Universal,"Lamp Holder, Shade Ring, Lock Nut, Cable",No,Yes,"Screwdriver,Cable Cutter",~40-42mm,Yes,"A60 
ST64 
G95
G80 & Al kind E27 bulbs",Yes,Yes,Recommended,Yes,No,No,Yes,,,,,,2.7,,,,,,,,,e27 copper pendant lamp holder,brass lamp holder,pendant lamp holder,"b22, floor lamp, table lamp, led bulb, shade only, e14",0.31,0.14,"copper pendant lamp holder, e27 copper pendant lamp holder, brass pendant lamp holder, e27 pendant lamp holder twisted cable, pendant lamp holder 1m cable, e27 pendant lamp holder uk, pendant lamp holder, e27 pendant lamp holder, copper pendant light holder, brass lamp holder",,,,,,,,,,,,,,,,,,,,,,,,,,,,,,,
PHBH1GDTYB,https://sin1.contabostorage.com/4ad62276cb6d4a83bfb1b8a91b839703:newom/newom/newom/img/product_images/3151.jpg,,Lighting Accessory,Pendant Lamp Holder,LEDSone,E27 Yellow Brass Pendant Lamp Holder with 1m Twisted Cable,E27,Yes,1.0,0.0,M40,,Edison Screw,Yes,M10,20 mm,Yes,No,-,Smooth,Metal,PVC,Ceramic,Brass,Yellow Brass,75.0,40.0,Twisted,Yellow,Fabric Braided,Braided,3 Core,1m,Yes,"Live,Neatural,Earth",0.75 mm²,-,-,-,-,-,-,50mm,900mm,,,Metal,Fabric Braided,60W,220-240V,"Yes
Depend on The Switch & Bulb",50Hz,IP20,Hardwired,Pendant,Yes,Minimal,Easy,~25min,Terminal Block,Universal,"Lamp Holder, Shade Ring, Lock Nut, Cable",No,Yes,"Screwdriver,Cable Cutter",~40-42mm,Yes,"A60 
ST64 
G95
G80 & Al kind E27 bulbs",Yes,Yes,Recommended,Yes,No,No,Yes,,,,,,2.7,,,,,,,,,e27 yellow brass pendant lamp holder,brass lamp holder,pendant lamp holder,"b22, floor lamp, table lamp, led bulb, shade only, e14",0.31,0.14,"yellow brass pendant lamp holder, e27 yellow brass pendant lamp holder, brass pendant lamp holder, e27 pendant lamp holder twisted cable, pendant lamp holder 1m cable, e27 pendant lamp holder uk, pendant lamp holder, e27 pendant lamp holder, yellow brass pendant light holder, brass lamp holder",,,,,,,,,,,,,,,,,,,,,,,,,,,,,,,
PHBH1BMRBM,https://sin1.contabostorage.com/4ad62276cb6d4a83bfb1b8a91b839703:newom/newom/newom/img/product_images/858.jpg,,Lighting Accessory,Pendant Lamp Holder,LEDSone,E27  Shiny Black Lamp Holder with 1m Twisted Cable,E27,Yes,1.0,0.0,M40,,Edison Screw,Yes,M10,20 mm,Yes,No,-,Smooth,Metal,PVC,Ceramic,Black,Black,75.0,40.0,Round,Black,Fabric Braided,Braided,3 Core,1m,Yes,"Live,Neatural,Earth",0.75 mm²,-,-,-,-,-,-,50mm,900mm,,,Metal,Fabric Braided,60W,220-240V,"Yes
Depend on The Switch & Bulb",50Hz,IP20,Hardwired,Pendant,Yes,Minimal,Easy,~25min,Terminal Block,Universal,"Lamp Holder, Shade Ring, Lock Nut, Cable",No,Yes,"Screwdriver,Cable Cutter",~40-42mm,Yes,"A60 
ST64 
G95
G80 & Al kind E27 bulbs",Yes,Yes,Recommended,Yes,No,No,Yes,,,,,,2.7,,,,,,,,,e27 black pendant lamp holder,pendant lamp holder round cable,lamp holder with cable,"b22, floor lamp, table lamp, led bulb, shade only, e14",0.31,0.14,"black pendant lamp holder, e27 black pendant lamp holder, e27 pendant lamp holder round cable, pendant lamp holder 1m cable, e27 pendant lamp holder uk, pendant lamp holder, e27 pendant lamp holder, black pendant light holder, black lamp holder, pendant lamp holder round cable",,,,,,,,,,,,,,,,,,,,,,,,,,,,,,,
PHBH1BRTYB,https://sin1.contabostorage.com/4ad62276cb6d4a83bfb1b8a91b839703:newom/newom/newom/img/product_images/857.jpg,,Lighting Accessory,Pendant Lamp Holder,LEDSone,E27 Yellow Brass Pendant Lamp Holder with 1m Twisted Cable,E27,Yes,1.0,0.0,M40,,Edison Screw,Yes,M10,20 mm,Yes,No,-,Smooth,Metal,PVC,Ceramic,Brass,Yellow Brass,75.0,40.0,Twisted,Brown,Fabric Braided,Braided,3 Core,1m,Yes,"Live,Neatural,Earth",0.75 mm²,-,-,-,-,-,-,50mm,900mm,,,Metal,Fabric Braided,60W,220-240V,"Yes
Depend on The Switch & Bulb",50Hz,IP20,Hardwired,Pendant,Yes,Minimal,Easy,~25min,Terminal Block,Universal,"Lamp Holder, Shade Ring, Lock Nut, Cable",No,Yes,"Screwdriver,Cable Cutter",~40-42mm,Yes,"A60 
ST64 
G95
G80 & Al kind E27 bulbs",Yes,Yes,Recommended,Yes,No,No,Yes,,,,,,2.7,,,,,,,,,e27 yellow brass pendant lamp holder,brass lamp holder,pendant lamp holder,"b22, floor lamp, table lamp, led bulb, shade only, e14",0.31,0.14,"yellow brass pendant lamp holder, e27 yellow brass pendant lamp holder, brass pendant lamp holder, e27 pendant lamp holder twisted cable, pendant lamp holder 1m cable, e27 pendant lamp holder uk, pendant lamp holder, e27 pendant lamp holder, yellow brass pendant light holder, brass lamp holder",,,,,,,,,,,,,,,,,,,,,,,,,,,,,,,
PHIH1PBRYB,https://sin1.contabostorage.com/4ad62276cb6d4a83bfb1b8a91b839703:newom/newom/newom/img/product_images/852.jpg,,Lighting Accessory,Pendant Lamp Holder,LEDSone,E27 Yellow Brass Pendant Lamp Holder with 1m Twisted Cable,E27,Yes,1.0,0.0,M40,,Edison Screw,Yes,M10,20 mm,Yes,No,-,Smooth,Metal,PVC,PVC,Brass,Yellow Brass,75.0,40.0,Round,Black,PVC,Smooth,3 Core,1m,Yes,"Live,Neatural,Earth",0.75 mm²,-,-,-,-,-,-,50mm,900mm,,,Metal,Fabric Braided,60W,220-240V,"Yes
Depend on The Switch & Bulb",50Hz,IP20,Hardwired,Pendant,Yes,Minimal,Easy,~25min,Terminal Block,Universal,"Lamp Holder, Shade Ring, Lock Nut, Cable",No,Yes,"Screwdriver,Cable Cutter",~40-42mm,Yes,"A60 
ST64 
G95
G80 & Al kind E27 bulbs",Yes,Yes,Recommended,Yes,No,No,Yes,,,,,,2.7,,,,,,,,,e27 yellow brass pendant lamp holder,brass lamp holder,pendant lamp holder,"b22, floor lamp, table lamp, led bulb, shade only, e14",0.31,0.14,"yellow brass pendant lamp holder, e27 yellow brass pendant lamp holder, brass pendant lamp holder, e27 pendant lamp holder round cable, pendant lamp holder 1m cable, e27 pendant lamp holder uk, pendant lamp holder, e27 pendant lamp holder, yellow brass pendant light holder, brass lamp holder",,,,,,,,,,,,,,,,,,,,,,,,,,,,,,,
PHIH1PBRCO,https://sin1.contabostorage.com/4ad62276cb6d4a83bfb1b8a91b839703:newom/newom/newom/img/product_images/851.jpg,,Lighting Accessory,Pendant Lamp Holder,LEDSone,E27 Copper Pendant Lamp Holder with 1m Round Cable,E27,Yes,1.0,0.0,M40,,Edison Screw,Yes,M10,20 mm,Yes,No,-,Smooth,Metal,PVC,PVC,Brass,Copper,75.0,40.0,Round,Black,PVC,Smooth,3 Core,1m,Yes,"Live,Neatural,Earth",0.75 mm²,-,-,-,-,-,-,50mm,900mm,,,Metal,Fabric Braided,60W,220-240V,"Yes
Depend on The Switch & Bulb",50Hz,IP20,Hardwired,Pendant,Yes,Minimal,Easy,~25min,Terminal Block,Universal,"Lamp Holder, Shade Ring, Lock Nut, Cable",No,Yes,"Screwdriver,Cable Cutter",~40-42mm,Yes,"A60 
ST64 
G95
G80 & Al kind E27 bulbs",Yes,Yes,Recommended,Yes,No,No,Yes,,,,,,2.7,,,,,,,,,e27 copper pendant lamp holder,brass lamp holder,pendant lamp holder,"b22, floor lamp, table lamp, led bulb, shade only, e14",0.31,0.14,"copper pendant lamp holder, e27 copper pendant lamp holder, brass pendant lamp holder, e27 pendant lamp holder round cable, pendant lamp holder 1m cable, e27 pendant lamp holder uk, pendant lamp holder, e27 pendant lamp holder, copper pendant light holder, brass lamp holder",,,,,,,,,,,,,,,,,,,,,,,,,,,,,,,
PHHH1BRTYB,https://sin1.contabostorage.com/4ad62276cb6d4a83bfb1b8a91b839703:newom/newom/newom/img/product_images/770.jpg,,Lighting Accessory,Pendant Lamp Holder,LEDSone,E27 Yellow Brass Pendant Lamp Holder with 1m Twisted Cable and Metal Cage,E27,Yes,1.0,1.0,M40,,Edison Screw,Yes,M10,20 mm,Yes,No,-,Smooth Brushed,Metal,Material,Ceramic,Brass,Yellow Brass,75.0,40.0,Twisted,Brown,Fabric Braided,Braided,3 Core,1m,Yes,"Live,Neatural,Earth",0.75 mm²,-,-,-,-,-,-,50mm,900mm,,,Metal,Fabric Braided,60W,220-240V,"Yes
Depend on The Switch & Bulb",50Hz,IP20,Hardwired,Pendant,Yes,Minimal,Easy,~25min,Terminal Block,Universal,"Lamp Holder, Shade Ring, Lock Nut, Cable",No,Yes,"Screwdriver,Cable Cutter",~40-42mm,Yes,"A60 
ST64 
G95
G80 & Al kind E27 bulbs",Yes,Yes,Recommended,Yes,No,No,Yes,,,,,,2.7,,,,,,,,,e27 yellow brass pendant lamp holder,brass lamp holder,pendant lamp holder,"b22, floor lamp, table lamp, led bulb, shade only, e14",0.31,0.14,"yellow brass pendant lamp holder, e27 yellow brass pendant lamp holder, brass pendant lamp holder, e27 pendant lamp holder twisted cable, pendant lamp holder 1m cable, e27 pendant lamp holder uk, pendant lamp holder, e27 pendant lamp holder, yellow brass pendant light holder, brass lamp holder",,,,,,,,,,,,,,,,,,,,,,,,,,,,,,,
PHHH1AGTGB,https://sin1.contabostorage.com/4ad62276cb6d4a83bfb1b8a91b839703:newom/newom/newom/img/product_images/769.jpg,,Lighting Accessory,Pendant Lamp Holder,LEDSone,E27 Green BrassPendant Lamp Holder with 1m Twisted Green Braided Cable,E27,Yes,1.0,1.0,M40,,Edison Screw,Yes,M10,20 mm,Yes,No,-,Smooth Brushed,Metal,Material,Ceramic,Brass,Green Brass,75.0,40.0,Twisted,Green,Fabric Braided,Braided,3 Core,1m,Yes,"Live,Neatural,Earth",0.75 mm²,-,-,-,-,-,-,50mm,900mm,,,Metal,Fabric Braided,60W,220-240V,"Yes
Depend on The Switch & Bulb",50Hz,IP20,Hardwired,Pendant,Yes,Minimal,Easy,~25min,Terminal Block,Universal,"Lamp Holder, Shade Ring, Lock Nut, Cable",No,Yes,"Screwdriver,Cable Cutter",~40-42mm,Yes,"A60 
ST64 
G95
G80 & Al kind E27 bulbs",Yes,Yes,Recommended,Yes,No,No,Yes,,,,,,2.7,,,,,,,,,e27 green brass pendant lamp holder,brass lamp holder,pendant lamp holder,"b22, floor lamp, table lamp, led bulb, shade only, e14",0.31,0.14,"green brass pendant lamp holder, e27 green brass pendant lamp holder, brass pendant lamp holder, e27 pendant lamp holder twisted cable, pendant lamp holder 1m cable, e27 pendant lamp holder uk, pendant lamp holder, e27 pendant lamp holder, green brass pendant light holder, brass lamp holder",,,,,,,,,,,,,,,,,,,,,,,,,,,,,,,
PHBL2PBRBM,https://sin1.contabostorage.com/4ad62276cb6d4a83bfb1b8a91b839703:newom/newom/newom/img/product_images/742.jpg,,Lighting Accessory,Pendant Lamp Holder,LEDSone,E27 Black Pendant Lamp Holder with 2m Rubber Cable,E27,Yes,1.0,0.0,M40,,Edison Screw,Yes,M10,20 mm,Yes,No,-,Smooth Dome top threaded body,Thermoplastic,PVC,"Plastic & Aluminium /
 Brass thread",Black,Black,60.0,55.0,Round,Black,PVC,Smooth,3 Core,2m,Yes,"Live,Neatural,Earth",0.75 mm²,-,-,-,-,-,-,50mm,900mm,,,Plastic (Thermoplastic),PVC/Rubber Insulated,60W,220-240V,"Yes
Depend on The Switch & Bulb",50Hz,IP20,Hardwired,Pendant,Yes,Minimal,Easy,~25min,Terminal Block,Universal,"Lamp Holder, Shade Ring, Lock Nut, Cable",No,Yes,"Screwdriver,Cable Cutter",~40-42mm,Yes,"A60 
ST64 
G95
G80 & Al kind E27 bulbs",Yes,Yes,Recommended,Yes,No,No,Yes,,,,,,2.7,,,,,,,,,e27 black pendant lamp holder,pendant lamp holder round cable,lamp holder with cable,"b22, floor lamp, table lamp, led bulb, shade only, e14",0.31,0.14,"black pendant lamp holder, e27 black pendant lamp holder, e27 pendant lamp holder round cable, pendant lamp holder 2m cable, e27 pendant lamp holder uk, pendant lamp holder, e27 pendant lamp holder, black pendant light holder, black lamp holder, pendant lamp holder round cable",,,,,,,,,,,,,,,,,,,,,,,,,,,,,,,
PHBL1PBRBM,https://sin1.contabostorage.com/4ad62276cb6d4a83bfb1b8a91b839703:newom/newom/newom/img/product_images/741.jpg,,Lighting Accessory,Pendant Lamp Holder,LEDSone,E27 Black Pendant Lamp Holder with 2m Rubber Cable,E27,Yes,1.0,0.0,M40,,Edison Screw,Yes,M10,20 mm,Yes,No,-,Smooth Dome top threaded body,Thermoplastic,PVC,"Plastic & Aluminium /
 Brass thread",Black,Black,60.0,55.0,Round,Black,PVC,Smooth,3 Core,1m,Yes,"Live,Neatural,Earth",0.75 mm²,-,-,-,-,-,-,50mm,900mm,,,Plastic (Thermoplastic),PVC/Rubber Insulated,60W,220-240V,"Yes
Depend on The Switch & Bulb",50Hz,IP20,Hardwired,Pendant,Yes,Minimal,Easy,~25min,Terminal Block,Universal,"Lamp Holder, Shade Ring, Lock Nut, Cable",No,Yes,"Screwdriver,Cable Cutter",~40-42mm,Yes,"A60 
ST64 
G95
G80 & Al kind E27 bulbs",Yes,Yes,Recommended,Yes,No,No,Yes,,,,,,2.7,,,,,,,,,e27 black pendant lamp holder,pendant lamp holder round cable,lamp holder with cable,"b22, floor lamp, table lamp, led bulb, shade only, e14",0.31,0.14,"black pendant lamp holder, e27 black pendant lamp holder, e27 pendant lamp holder round cable, pendant lamp holder 1m cable, e27 pendant lamp holder uk, pendant lamp holder, e27 pendant lamp holder, black pendant light holder, black lamp holder, pendant lamp holder round cable",,,,,,,,,,,,,,,,,,,,,,,,,,,,,,,
PHRR1PBRBM,https://sin1.contabostorage.com/4ad62276cb6d4a83bfb1b8a91b839703:newom/newom/newom/img/product_images/2556.jpg,,Lighting Accessory,Pendant Lamp Holder,LEDSone,E27 Black Pendant Lamp Holder with 2m Rubber Cable,E27,Yes,1.0,0.0,M40,,Edison Screw,Yes,M10,20 mm,Yes,No,-,Smooth Dome top threaded body,Thermoplastic,PVC,"Plastic & Aluminium /
 Brass thread",Black,Black,53.0,37.0,Round,Black,PVC,Smooth,3 Core,1m,Yes,"Live,Neatural,Earth",0.75 mm²,-,-,-,-,-,-,50mm,900mm,,,Plastic (Thermoplastic),PVC/Rubber Insulated,60W,220-240V,"Yes
Depend on The Switch & Bulb",50Hz,IP20,Hardwired,Pendant,Yes,Minimal,Easy,~25min,Terminal Block,Universal,"Lamp Holder, Shade Ring, Lock Nut, Cable",No,Yes,"Screwdriver,Cable Cutter",~40-42mm,Yes,"A60 
ST64 
G95
G80 & Al kind E27 bulbs",Yes,Yes,Recommended,Yes,No,No,Yes,,,,,,2.7,,,,,,,,,e27 black pendant lamp holder,pendant lamp holder round cable,lamp holder with cable,"b22, floor lamp, table lamp, led bulb, shade only, e14",0.31,0.14,"black pendant lamp holder, e27 black pendant lamp holder, e27 pendant lamp holder round cable, pendant lamp holder 1m cable, e27 pendant lamp holder uk, pendant lamp holder, e27 pendant lamp holder, black pendant light holder, black lamp holder, pendant lamp holder round cable",,,,,,,,,,,,,,,,,,,,,,,,,,,,,,,
PHSW1PBRBM,https://sin1.contabostorage.com/4ad62276cb6d4a83bfb1b8a91b839703:newom/newom/newom/img/product_images/740.jpg,,Lighting Accessory,Pendant Lamp Holder,LEDSone,E27 Black Pendant Lamp Holder with 2m Rubber Cable,E27,Yes,1.0,0.0,M40,,Edison Screw,Yes,M10,20 mm,Yes,Yes,Rotary,Smooth Dome,Thermoplastic,PVC,"Plastic & Aluminium /
 Brass thread",Black,Black,70.0,55.0,Round,Black,PVC,Smooth,3 Core,1m,Yes,"Live,Neatural,Earth",0.75 mm²,-,-,-,-,-,-,50mm,900mm,,,Plastic (Thermoplastic),PVC/Rubber Insulated,60W,220-240V,"Yes
Depend on The Switch & Bulb",50Hz,IP20,Hardwired,Pendant,Yes,Minimal,Easy,~25min,Terminal Block,Universal,"Lamp Holder, Shade Ring, Lock Nut, Cable",No,Yes,"Screwdriver,Cable Cutter",~40-42mm,Yes,"A60 
ST64 
G95
G80 & Al kind E27 bulbs",Yes,Yes,Recommended,Yes,No,No,Yes,,,,,,2.7,,,,,,,,,e27 black pendant lamp holder,pendant lamp holder round cable,lamp holder with cable,"b22, floor lamp, table lamp, led bulb, shade only, e14",0.31,0.14,"black pendant lamp holder, e27 black pendant lamp holder, e27 pendant lamp holder round cable, pendant lamp holder 1m cable, e27 pendant lamp holder uk, pendant lamp holder, e27 pendant lamp holder, black pendant light holder, black lamp holder, pendant lamp holder round cable",,,,,,,,,,,,,,,,,,,,,,,,,,,,,,,
PHSW2HETBM,https://sin1.contabostorage.com/4ad62276cb6d4a83bfb1b8a91b839703:newom/newom/newom/img/product_images/2990.jpg,,Lighting Accessory,Pendant Lamp Holder,LEDSone,E27 Black Pendant Lamp Holder with 2m Rubber Cable,E27,Yes,1.0,0.0,M40,,Edison Screw,Yes,M10,20 mm,Yes,No,-,Smooth,Thermoplastic,PVC,"Plastic & Aluminium /
 Brass thread",Black,Black,70.0,55.0,Twisted,Natural Hemp,Natural Fiber Rope,Twisted Rope,3 Core,2m,Yes,"Live,Neatural,Earth",0.75 mm²,-,-,-,-,-,-,50mm,900mm,,,Plastic (Thermoplastic),PVC/Rubber Insulated,60W,220-240V,"Yes
Depend on The Switch & Bulb",50Hz,IP20,Hardwired,Pendant,Yes,Minimal,Easy,~25min,Terminal Block,Universal,"Lamp Holder, Shade Ring, Lock Nut, Cable",No,Yes,"Screwdriver,Cable Cutter",~40-42mm,Yes,"A60 
ST64 
G95
G80 & Al kind E27 bulbs",Yes,Yes,Recommended,Yes,No,No,Yes,,,,,,2.7,,,,,,,,,e27 black pendant lamp holder,pendant lamp holder twisted cable,lamp holder with cable,"b22, floor lamp, table lamp, led bulb, shade only, e14",0.31,0.14,"black pendant lamp holder, e27 black pendant lamp holder, e27 pendant lamp holder twisted cable, pendant lamp holder 2m cable, e27 pendant lamp holder uk, pendant lamp holder, e27 pendant lamp holder, black pendant light holder, black lamp holder, pendant lamp holder twisted cable",,,,,,,,,,,,,,,,,,,,,,,,,,,,,,,
PHPV1HERBM,https://sin1.contabostorage.com/4ad62276cb6d4a83bfb1b8a91b839703:newom/newom/newom/img/product_images/2482.jpg,,Lighting Accessory,Pendant Lamp Holder,LEDSone,E27 Black Pendant Lamp Holder with 2m Rubber Cable,E27,Yes,1.0,0.0,M40,,Edison Screw,Yes,M10,20 mm,Yes,No,-,Smooth,Thermoplastic,PVC,"Plastic & Aluminium /
 Brass thread",Black,Black,60.0,55.0,Round,Natural Hemp,Natural Fiber Rope,Riund Rope,3 Core,1m,Yes,"Live,Neatural,Earth",0.75 mm²,-,-,-,-,-,-,50mm,900mm,,,Plastic (Thermoplastic),PVC/Rubber Insulated,60W,220-240V,"Yes
Depend on The Switch & Bulb",50Hz,IP20,Hardwired,Pendant,Yes,Minimal,Easy,~25min,Terminal Block,Universal,"Lamp Holder, Shade Ring, Lock Nut, Cable",No,Yes,"Screwdriver,Cable Cutter",~40-42mm,Yes,"A60 
ST64 
G95
G80 & Al kind E27 bulbs",Yes,Yes,Recommended,Yes,No,No,Yes,,,,,,2.7,,,,,,,,,e27 black pendant lamp holder,pendant lamp holder round cable,lamp holder with cable,"b22, floor lamp, table lamp, led bulb, shade only, e14",0.31,0.14,"black pendant lamp holder, e27 black pendant lamp holder, e27 pendant lamp holder round cable, pendant lamp holder 1m cable, e27 pendant lamp holder uk, pendant lamp holder, e27 pendant lamp holder, black pendant light holder, black lamp holder, pendant lamp holder round cable",,,,,,,,,,,,,,,,,,,,,,,,,,,,,,,
PHTD1AGTGB,https://sin1.contabostorage.com/4ad62276cb6d4a83bfb1b8a91b839703:newom/newom/newom/img/product_images/739.jpg,,Lighting Accessory,Pendant Lamp Holder,LEDSone,E27 Green BrassPendant Lamp Holder with 1m Twisted Green Braided Cable,E27,Yes,1.0,0.0,M40,,Edison Screw,Yes,M10,20 mm,Yes,No,-,Knurled + Threaded,Metal,Metal,Ceramic,Brass,Green Brass,67.0,48.0,Twisted,Green,Fabric Braided,Twisted Braided,3 Core,1m,Yes,"Live,Neatural,Earth",0.75 mm²,-,-,-,-,-,-,50mm,900mm,,,Metal,Fabric Braided,60W,220-240V,"Yes
Depend on The Switch & Bulb",50Hz,IP20,Hardwired,Pendant,Yes,Minimal,Easy,~25min,Terminal Block,Universal,"Lamp Holder, Shade Ring, Lock Nut, Cable",No,Yes,"Screwdriver,Cable Cutter",~40-42mm,Yes,"A60 
ST64 
G95
G80 & Al kind E27 bulbs",Yes,Yes,Recommended,Yes,No,No,Yes,,,,,,2.7,,,,,,,,,e27 green brass pendant lamp holder,brass lamp holder,pendant lamp holder,"b22, floor lamp, table lamp, led bulb, shade only, e14",0.31,0.14,"green brass pendant lamp holder, e27 green brass pendant lamp holder, brass pendant lamp holder, e27 pendant lamp holder twisted cable, pendant lamp holder 1m cable, e27 pendant lamp holder uk, pendant lamp holder, e27 pendant lamp holder, green brass pendant light holder, brass lamp holder",,,,,,,,,,,,,,,,,,,,,,,,,,,,,,,
PHHT1PWRYE,https://sin1.contabostorage.com/4ad62276cb6d4a83bfb1b8a91b839703:newom/newom/newom/img/product_images/3483.jpg,,Lighting Accessory,Pendant Lamp Holder,LEDSone,1m Transparent PVC Cable Pendant Light Holder,E27,Yes,1.0,0.0,M40,,Edison Screw,Yes,M10,20 mm,Yes,No,-,E27 YellowPendant Lamp Holder with PVC Cable,Metal,PVC,PVC,Glossy painted,Yellow,70.0,40.0,Round,White,PVC,Smooth,3 Core,1m,Yes,"Live,Neatural,Earth",0.75 mm²,-,-,-,-,-,-,50mm,900mm,,,Plastic (Thermoplastic),PVC/Rubber Insulated,60W,220-240V,"Yes
Depend on The Switch & Bulb",50Hz,IP20,Hardwired,Pendant,Yes,Minimal,Easy,~25min,Terminal Block,Universal,"Lamp Holder, Shade Ring, Lock Nut, Cable",No,Yes,"Screwdriver,Cable Cutter",~40-42mm,Yes,"A60 
ST64 
G95
G80 & Al kind E27 bulbs",Yes,Yes,Recommended,Yes,No,No,Yes,,,,,,2.7,,,,,,,,,e27 yellow pendant lamp holder,glossy painted lamp holder,pendant lamp holder,"b22, floor lamp, table lamp, led bulb, shade only, e14",0.31,0.14,"yellow pendant lamp holder, e27 yellow pendant lamp holder, glossy painted pendant lamp holder, e27 pendant lamp holder round cable, pendant lamp holder 1m cable, e27 pendant lamp holder uk, pendant lamp holder, e27 pendant lamp holder, yellow pendant light holder, glossy painted lamp holder",,,,,,,,,,,,,,,,,,,,,,,,,,,,,,,
PHHT1PWRPI,https://sin1.contabostorage.com/4ad62276cb6d4a83bfb1b8a91b839703:newom/newom/newom/img/product_images/3482.jpg,,Lighting Accessory,Pendant Lamp Holder,LEDSone,1m Transparent PVC Cable Pendant Light Holder,E27,Yes,1.0,0.0,M40,,Edison Screw,Yes,M10,20 mm,Yes,No,-,E27 PinkPendant Lamp Holder with PVC Cable,Metal,PVC,PVC,Painted Pink,Pink,70.0,40.0,Round,White,PVC,Smooth,3 Core,1m,Yes,"Live,Neatural,Earth",0.75 mm²,-,-,-,-,-,-,50mm,900mm,,,Plastic (Thermoplastic),PVC/Rubber Insulated,60W,220-240V,"Yes
Depend on The Switch & Bulb",50Hz,IP20,Hardwired,Pendant,Yes,Minimal,Easy,~25min,Terminal Block,Universal,"Lamp Holder, Shade Ring, Lock Nut, Cable",No,Yes,"Screwdriver,Cable Cutter",~40-42mm,Yes,"A60 
ST64 
G95
G80 & Al kind E27 bulbs",Yes,Yes,Recommended,Yes,No,No,Yes,,,,,,2.7,,,,,,,,,e27 pink pendant lamp holder,painted pink lamp holder,pendant lamp holder,"b22, floor lamp, table lamp, led bulb, shade only, e14",0.31,0.14,"pink pendant lamp holder, e27 pink pendant lamp holder, painted pink pendant lamp holder, e27 pendant lamp holder round cable, pendant lamp holder 1m cable, e27 pendant lamp holder uk, pendant lamp holder, e27 pendant lamp holder, pink pendant light holder, painted pink lamp holder",,,,,,,,,,,,,,,,,,,,,,,,,,,,,,,
PHHT1PWRGY,https://sin1.contabostorage.com/4ad62276cb6d4a83bfb1b8a91b839703:newom/newom/newom/img/product_images/3480.jpg,,Lighting Accessory,Pendant Lamp Holder,LEDSone,1m Transparent PVC Cable Pendant Light Holder,E27,Yes,1.0,0.0,M40,,Edison Screw,Yes,M10,20 mm,Yes,No,-,E27 Grey Pendant Lamp Holder with PVC Cable,Metal,PVC,PVC,Matte Gray,Grey,70.0,40.0,Round,White,PVC,Smooth,3 Core,1m,Yes,"Live,Neatural,Earth",0.75 mm²,-,-,-,-,-,-,50mm,900mm,,,Plastic (Thermoplastic),PVC/Rubber Insulated,60W,220-240V,"Yes
Depend on The Switch & Bulb",50Hz,IP20,Hardwired,Pendant,Yes,Minimal,Easy,~25min,Terminal Block,Universal,"Lamp Holder, Shade Ring, Lock Nut, Cable",No,Yes,"Screwdriver,Cable Cutter",~40-42mm,Yes,"A60 
ST64 
G95
G80 & Al kind E27 bulbs",Yes,Yes,Recommended,Yes,No,No,Yes,,,,,,2.7,,,,,,,,,e27 grey pendant lamp holder,matte gray lamp holder,pendant lamp holder,"b22, floor lamp, table lamp, led bulb, shade only, e14",0.31,0.14,"grey pendant lamp holder, e27 grey pendant lamp holder, matte gray pendant lamp holder, e27 pendant lamp holder round cable, pendant lamp holder 1m cable, e27 pendant lamp holder uk, pendant lamp holder, e27 pendant lamp holder, grey pendant light holder, matte gray lamp holder",,,,,,,,,,,,,,,,,,,,,,,,,,,,,,,
PHHT1PWRBT,https://sin1.contabostorage.com/4ad62276cb6d4a83bfb1b8a91b839703:newom/newom/newom/img/product_images/3479.jpg,,Lighting Accessory,Pendant Lamp Holder,LEDSone,1m Transparent PVC Cable Pendant Light Holder,E27,Yes,1.0,0.0,M40,,Edison Screw,Yes,M10,20 mm,Yes,No,-,E27 Blue Pendant Lamp Holder with PVC Cable,Metal,PVC,PVC,Glossy painted,Blue,70.0,40.0,Round,White,PVC,Smooth,3 Core,1m,Yes,"Live,Neatural,Earth",0.75 mm²,-,-,-,-,-,-,50mm,900mm,,,Plastic (Thermoplastic),PVC/Rubber Insulated,60W,220-240V,"Yes
Depend on The Switch & Bulb",50Hz,IP20,Hardwired,Pendant,Yes,Minimal,Easy,~25min,Terminal Block,Universal,"Lamp Holder, Shade Ring, Lock Nut, Cable",No,Yes,"Screwdriver,Cable Cutter",~40-42mm,Yes,"A60 
ST64 
G95
G80 & Al kind E27 bulbs",Yes,Yes,Recommended,Yes,No,No,Yes,,,,,,2.7,,,,,,,,,e27 blue pendant lamp holder,glossy painted lamp holder,pendant lamp holder,"b22, floor lamp, table lamp, led bulb, shade only, e14",0.31,0.14,"blue pendant lamp holder, e27 blue pendant lamp holder, glossy painted pendant lamp holder, e27 pendant lamp holder round cable, pendant lamp holder 1m cable, e27 pendant lamp holder uk, pendant lamp holder, e27 pendant lamp holder, blue pendant light holder, glossy painted lamp holder",,,,,,,,,,,,,,,,,,,,,,,,,,,,,,,
PHHT1PWRWH,https://sin1.contabostorage.com/4ad62276cb6d4a83bfb1b8a91b839703:newom/newom/newom/img/product_images/2558.jpg,,Lighting Accessory,Pendant Lamp Holder,LEDSone,1m Transparent PVC Cable Pendant Light Holder,E27,Yes,1.0,0.0,M40,,Edison Screw,Yes,M10,20 mm,Yes,No,-,E27 White Pendant Lamp Holder with PVC Cable,Metal,PVC,PVC,Painetd White,White,70.0,40.0,Round,White,PVC,Smooth,3 Core,1m,Yes,"Live,Neatural,Earth",0.75 mm²,-,-,-,-,-,-,50mm,900mm,,,Plastic (Thermoplastic),PVC/Rubber Insulated,60W,220-240V,"Yes
Depend on The Switch & Bulb",50Hz,IP20,Hardwired,Pendant,Yes,Minimal,Easy,~25min,Terminal Block,Universal,"Lamp Holder, Shade Ring, Lock Nut, Cable",No,Yes,"Screwdriver,Cable Cutter",~40-42mm,Yes,"A60 
ST64 
G95
G80 & Al kind E27 bulbs",Yes,Yes,Recommended,Yes,No,No,Yes,,,,,,2.7,,,,,,,,,e27 white pendant lamp holder,painetd white lamp holder,pendant lamp holder,"b22, floor lamp, table lamp, led bulb, shade only, e14",0.31,0.14,"white pendant lamp holder, e27 white pendant lamp holder, painetd white pendant lamp holder, e27 pendant lamp holder round cable, pendant lamp holder 1m cable, e27 pendant lamp holder uk, pendant lamp holder, e27 pendant lamp holder, white pendant light holder, painetd white lamp holder",,,,,,,,,,,,,,,,,,,,,,,,,,,,,,,
PHHT1PCRCH,https://sin1.contabostorage.com/4ad62276cb6d4a83bfb1b8a91b839703:newom/newom/newom/img/product_images/1851.jpg,,Lighting Accessory,Pendant Lamp Holder,LEDSone,E27 Chrome Pendant Lamp Holder with 1m Braided Cable,E27,Yes,1.0,0.0,M40,,Edison Screw,Yes,M10,20 mm,Yes,No,-,E27 Chrome Pendant Lamp Holder with PVC Cable,Metal,PVC,PVC,Polished Chrome,Silver,70.0,40.0,Round,White,PVC,Smooth,3 Core,1m,Yes,"Live,Neatural,Earth",0.75 mm²,-,-,-,-,-,-,50mm,900mm,,,Metal,PVC/Rubber Insulated,60W,220-240V,"Yes
Depend on The Switch & Bulb",50Hz,IP20,Hardwired,Pendant,Yes,Minimal,Easy,~25min,Terminal Block,Universal,"Lamp Holder, Shade Ring, Lock Nut, Cable",No,Yes,"Screwdriver,Cable Cutter",~40-42mm,Yes,"A60 
ST64 
G95
G80 & Al kind E27 bulbs",Yes,Yes,Recommended,Yes,No,No,Yes,,,,,,2.7,,,,,,,,,e27 silver pendant lamp holder,polished chrome lamp holder,pendant lamp holder,"b22, floor lamp, table lamp, led bulb, shade only, e14",0.31,0.14,"silver pendant lamp holder, e27 silver pendant lamp holder, polished chrome pendant lamp holder, e27 pendant lamp holder round cable, pendant lamp holder 1m cable, e27 pendant lamp holder uk, pendant lamp holder, e27 pendant lamp holder, silver pendant light holder, polished chrome lamp holder",,,,,,,,,,,,,,,,,,,,,,,,,,,,,,,
PHHT1PBRWH,https://sin1.contabostorage.com/4ad62276cb6d4a83bfb1b8a91b839703:newom/newom/newom/img/product_images/756.jpg,,Lighting Accessory,Pendant Lamp Holder,LEDSone,1m Transparent PVC Cable Pendant Light Holder,E27,Yes,1.0,0.0,M40,,Edison Screw,Yes,M10,20 mm,Yes,No,-,E27 White Pendant Lamp Holder with PVC Cable,Metal,PVC,PVC,Painetd White,White,70.0,40.0,Round,Black,PVC,Smooth,3 Core,1m,Yes,"Live,Neatural,Earth",0.75 mm²,-,-,-,-,-,-,50mm,900mm,,,Metal,PVC/Rubber Insulated,60W,220-240V,"Yes
Depend on The Switch & Bulb",50Hz,IP20,Hardwired,Pendant,Yes,Minimal,Easy,~25min,Terminal Block,Universal,"Lamp Holder, Shade Ring, Lock Nut, Cable",No,Yes,"Screwdriver,Cable Cutter",~40-42mm,Yes,"A60 
ST64 
G95
G80 & Al kind E27 bulbs",Yes,Yes,Recommended,Yes,No,No,Yes,,,,,,2.7,,,,,,,,,e27 white pendant lamp holder,painetd white lamp holder,pendant lamp holder,"b22, floor lamp, table lamp, led bulb, shade only, e14",0.31,0.14,"white pendant lamp holder, e27 white pendant lamp holder, painetd white pendant lamp holder, e27 pendant lamp holder round cable, pendant lamp holder 1m cable, e27 pendant lamp holder uk, pendant lamp holder, e27 pendant lamp holder, white pendant light holder, painetd white lamp holder",,,,,,,,,,,,,,,,,,,,,,,,,,,,,,,
PHHT1PBRGR,https://sin1.contabostorage.com/4ad62276cb6d4a83bfb1b8a91b839703:newom/newom/newom/img/product_images/753.jpg,,Lighting Accessory,Pendant Lamp Holder,LEDSone,1m Transparent PVC Cable Pendant Light Holder,E27,Yes,1.0,0.0,M40,,Edison Screw,Yes,M10,20 mm,Yes,No,-,E27 Green Pendant Lamp Holder with PVC Cable,Metal,PVC,PVC,Glossy painted,Green,70.0,40.0,Round,Black,PVC,Smooth,3 Core,1m,Yes,"Live,Neatural,Earth",0.75 mm²,-,-,-,-,-,-,50mm,900mm,,,Plastic (Thermoplastic),PVC/Rubber Insulated,60W,220-240V,"Yes
Depend on The Switch & Bulb",50Hz,IP20,Hardwired,Pendant,Yes,Minimal,Easy,~25min,Terminal Block,Universal,"Lamp Holder, Shade Ring, Lock Nut, Cable",No,Yes,"Screwdriver,Cable Cutter",~40-42mm,Yes,"A60 
ST64 
G95
G80 & Al kind E27 bulbs",Yes,Yes,Recommended,Yes,No,No,Yes,,,,,,2.7,,,,,,,,,e27 green pendant lamp holder,glossy painted lamp holder,pendant lamp holder,"b22, floor lamp, table lamp, led bulb, shade only, e14",0.31,0.14,"green pendant lamp holder, e27 green pendant lamp holder, glossy painted pendant lamp holder, e27 pendant lamp holder round cable, pendant lamp holder 1m cable, e27 pendant lamp holder uk, pendant lamp holder, e27 pendant lamp holder, green pendant light holder, glossy painted lamp holder",,,,,,,,,,,,,,,,,,,,,,,,,,,,,,,
PHHT1PBRPI,https://sin1.contabostorage.com/4ad62276cb6d4a83bfb1b8a91b839703:newom/newom/newom/img/product_images/751.jpg,,Lighting Accessory,Pendant Lamp Holder,LEDSone,1m Transparent PVC Cable Pendant Light Holder,E27,Yes,1.0,0.0,M40,,Edison Screw,Yes,M10,20 mm,Yes,No,-,E27 pink Pendant Lamp Holder with PVC Cable,Metal,PVC,PVC,Painted Pink,Pink,70.0,40.0,Round,Black,PVC,Smooth,3 Core,1m,Yes,"Live,Neatural,Earth",0.75 mm²,-,-,-,-,-,-,50mm,900mm,,,Plastic (Thermoplastic),PVC/Rubber Insulated,60W,220-240V,"Yes
Depend on The Switch & Bulb",50Hz,IP20,Hardwired,Pendant,Yes,Minimal,Easy,~25min,Terminal Block,Universal,"Lamp Holder, Shade Ring, Lock Nut, Cable",No,Yes,"Screwdriver,Cable Cutter",~40-42mm,Yes,"A60 
ST64 
G95
G80 & Al kind E27 bulbs",Yes,Yes,Recommended,Yes,No,No,Yes,,,,,,2.7,,,,,,,,,e27 pink pendant lamp holder,painted pink lamp holder,pendant lamp holder,"b22, floor lamp, table lamp, led bulb, shade only, e14",0.31,0.14,"pink pendant lamp holder, e27 pink pendant lamp holder, painted pink pendant lamp holder, e27 pendant lamp holder round cable, pendant lamp holder 1m cable, e27 pendant lamp holder uk, pendant lamp holder, e27 pendant lamp holder, pink pendant light holder, painted pink lamp holder",,,,,,,,,,,,,,,,,,,,,,,,,,,,,,,
PHHT1PBRBM,https://sin1.contabostorage.com/4ad62276cb6d4a83bfb1b8a91b839703:newom/newom/newom/img/product_images/743.jpg,,Lighting Accessory,Pendant Lamp Holder,LEDSone,1m Transparent PVC Cable Pendant Light Holder,E27,Yes,1.0,0.0,M40,,Edison Screw,Yes,M10,20 mm,Yes,No,-,E27 Pendant Lamp Holder with PVC Cable,Metal,PVC,PVC,Matte Black,Black,70.0,40.0,Round,Black,PVC,Smooth,3 Core,1m,Yes,"Live,Neatural,Earth",0.75 mm²,-,-,-,-,-,-,50mm,900mm,,,Plastic (Thermoplastic),PVC/Rubber Insulated,60W,220-240V,"Yes
Depend on The Switch & Bulb",50Hz,IP20,Hardwired,Pendant,Yes,Minimal,Easy,~25min,Terminal Block,Universal,"Lamp Holder, Shade Ring, Lock Nut, Cable",No,Yes,"Screwdriver,Cable Cutter",~40-42mm,Yes,"A60 
ST64 
G95
G80 & Al kind E27 bulbs",Yes,Yes,Recommended,Yes,No,No,Yes,,,,,,2.7,,,,,,,,,e27 black pendant lamp holder,matte black lamp holder,pendant lamp holder,"b22, floor lamp, table lamp, led bulb, shade only, e14",0.31,0.14,"black pendant lamp holder, e27 black pendant lamp holder, matte black pendant lamp holder, e27 pendant lamp holder round cable, pendant lamp holder 1m cable, e27 pendant lamp holder uk, pendant lamp holder, e27 pendant lamp holder, black pendant light holder, matte black lamp holder",,,,,,,,,,,,,,,,,,,,,,,,,,,,,,,
PHHT2PBRBM,https://sin1.contabostorage.com/4ad62276cb6d4a83bfb1b8a91b839703:newom/newom/newom/img/product_images/744.jpg,,Lighting Accessory,Pendant Lamp Holder,LEDSone,1m Transparent PVC Cable Pendant Light Holder,E27,Yes,1.0,0.0,M40,,Edison Screw,Yes,M10,20 mm,Yes,No,-,E27 Pendant Lamp Holder with PVC Cable,Metal,PVC,PVC,Matte Black,Black,70.0,40.0,Round,Black,PVC,Smooth,3 Core,2m,Yes,"Live,Neatural,Earth",0.75 mm²,-,-,-,-,-,-,50mm,900mm,,,Plastic (Thermoplastic),PVC/Rubber Insulated,60W,220-240V,"Yes
Depend on The Switch & Bulb",50Hz,IP20,Hardwired,Pendant,Yes,Minimal,Easy,~25min,Terminal Block,Universal,"Lamp Holder, Shade Ring, Lock Nut, Cable",No,Yes,"Screwdriver,Cable Cutter",~40-42mm,Yes,"A60 
ST64 
G95
G80 & Al kind E27 bulbs",Yes,Yes,Recommended,Yes,No,No,Yes,,,,,,2.7,,,,,,,,,e27 black pendant lamp holder,matte black lamp holder,pendant lamp holder,"b22, floor lamp, table lamp, led bulb, shade only, e14",0.31,0.14,"black pendant lamp holder, e27 black pendant lamp holder, matte black pendant lamp holder, e27 pendant lamp holder round cable, pendant lamp holder 2m cable, e27 pendant lamp holder uk, pendant lamp holder, e27 pendant lamp holder, black pendant light holder, matte black lamp holder",,,,,,,,,,,,,,,,,,,,,,,,,,,,,,,
PHFMHT1BRBM,https://sin1.contabostorage.com/4ad62276cb6d4a83bfb1b8a91b839703:newom/newom/newom/img/product_images/33007.jpg,,Lighting Accessory,Pendant Lamp Holder,LEDSone,1m Transparent PVC Cable Pendant Light Holder,E27,Yes,1.0,0.0,M40,,Edison Screw,Yes,M10,20 mm,Yes,No,-,E27 Pendant Lamp Holder with PVC Cable,Metal,PVC,PVC,Matte Black,Black,70.0,40.0,Round,Black,PVC,Smooth,3 Core,1m,Yes,"Live,Neatural,Earth",0.75 mm²,-,-,-,-,-,-,50mm,900mm,,,Plastic (Thermoplastic),PVC/Rubber Insulated,60W,220-240V,"Yes
Depend on The Switch & Bulb",50Hz,IP20,Hardwired,Pendant,Yes,Minimal,Easy,~25min,Terminal Block,Universal,"Lamp Holder, Shade Ring, Lock Nut, Cable",No,Yes,"Screwdriver,Cable Cutter",~40-42mm,Yes,"A60 
ST64 
G95
G80 & Al kind E27 bulbs",Yes,Yes,Recommended,Yes,No,No,Yes,,,,,,2.7,,,,,,,,,e27 black pendant lamp holder,matte black lamp holder,pendant lamp holder,"b22, floor lamp, table lamp, led bulb, shade only, e14",0.31,0.14,"black pendant lamp holder, e27 black pendant lamp holder, matte black pendant lamp holder, e27 pendant lamp holder round cable, pendant lamp holder 1m cable, e27 pendant lamp holder uk, pendant lamp holder, e27 pendant lamp holder, black pendant light holder, matte black lamp holder",,,,,,,,,,,,,,,,,,,,,,,,,,,,,,,
PHFMHT2BRBM,https://sin1.contabostorage.com/4ad62276cb6d4a83bfb1b8a91b839703:newom/newom/newom/img/product_images/33006.jpg,,Lighting Accessory,Pendant Lamp Holder,LEDSone,1m Transparent PVC Cable Pendant Light Holder,E27,Yes,1.0,0.0,M40,,Edison Screw,Yes,M10,20 mm,Yes,No,-,E27 Pendant Lamp Holder with PVC Cable,Metal,PVC,PVC,Matte Black,Black,70.0,40.0,Round,Black,PVC,Smooth,3 Core,2m,Yes,"Live,Neatural,Earth",0.75 mm²,-,-,-,-,-,-,50mm,900mm,,,Plastic (Thermoplastic),PVC/Rubber Insulated,60W,220-240V,"Yes
Depend on The Switch & Bulb",50Hz,IP20,Hardwired,Pendant,Yes,Minimal,Easy,~25min,Terminal Block,Universal,"Lamp Holder, Shade Ring, Lock Nut, Cable",No,Yes,"Screwdriver,Cable Cutter",~40-42mm,Yes,"A60 
ST64 
G95
G80 & Al kind E27 bulbs",Yes,Yes,Recommended,Yes,No,No,Yes,,,,,,2.7,,,,,,,,,e27 black pendant lamp holder,matte black lamp holder,pendant lamp holder,"b22, floor lamp, table lamp, led bulb, shade only, e14",0.31,0.14,"black pendant lamp holder, e27 black pendant lamp holder, matte black pendant lamp holder, e27 pendant lamp holder round cable, pendant lamp holder 2m cable, e27 pendant lamp holder uk, pendant lamp holder, e27 pendant lamp holder, black pendant light holder, matte black lamp holder",,,,,,,,,,,,,,,,,,,,,,,,,,,,,,,
PHFMHT4BRBM,https://sin1.contabostorage.com/4ad62276cb6d4a83bfb1b8a91b839703:newom/newom/newom/img/product_images/33005.jpg,,Lighting Accessory,Pendant Lamp Holder,LEDSone,1m Transparent PVC Cable Pendant Light Holder,E27,Yes,1.0,0.0,M40,,Edison Screw,Yes,M10,20 mm,Yes,No,-,E27 Pendant Lamp Holder with PVC Cable,Metal,PVC,PVC,Matte Black,Black,70.0,40.0,Round,Black,PVC,Smooth,3 Core,4.5m,Yes,"Live,Neatural,Earth",0.75 mm²,-,-,-,-,-,-,50mm,900mm,,,Plastic (Thermoplastic),PVC/Rubber Insulated,60W,220-240V,"Yes
Depend on The Switch & Bulb",50Hz,IP20,Hardwired,Pendant,Yes,Minimal,Easy,~25min,Terminal Block,Universal,"Lamp Holder, Shade Ring, Lock Nut, Cable",No,Yes,"Screwdriver,Cable Cutter",~40-42mm,Yes,"A60 
ST64 
G95
G80 & Al kind E27 bulbs",Yes,Yes,Recommended,Yes,No,No,Yes,,,,,,2.7,,,,,,,,,e27 black pendant lamp holder,matte black lamp holder,pendant lamp holder,"b22, floor lamp, table lamp, led bulb, shade only, e14",0.31,0.14,"black pendant lamp holder, e27 black pendant lamp holder, matte black pendant lamp holder, e27 pendant lamp holder round cable, pendant lamp holder 4.5m cable, e27 pendant lamp holder uk, pendant lamp holder, e27 pendant lamp holder, black pendant light holder, matte black lamp holder",,,,,,,,,,,,,,,,,,,,,,,,,,,,,,,
PHSH1PBRBM,https://sin1.contabostorage.com/4ad62276cb6d4a83bfb1b8a91b839703:newom/newom/newom/img/product_images/869.jpg,,Lighting Accessory,Pendant Lamp Holder,LEDSone,1m Transparent PVC Cable Pendant Light Holder,E27,Yes,1.0,0.0,M40,,Edison Screw,Yes,M10,20 mm,Yes,No,-,Smooth + Knurled Ring,,,,Matte Black,Black,90.0,50.0,Round,Black,PVC,Smooth,3 Core,1m,Yes,"Live,Neatural,Earth",0.75 mm²,-,-,-,-,-,-,50mm,900mm,,,Plastic (Thermoplastic),PVC/Rubber Insulated,60W,220-240V,"Yes
Depend on The Switch & Bulb",50Hz,IP20,Hardwired,Pendant,Yes,Minimal,Easy,~25min,Terminal Block,Universal,"Lamp Holder, Shade Ring, Lock Nut, Cable",No,Yes,"Screwdriver,Cable Cutter",~40-42mm,Yes,"A60 
ST64 
G95
G80 & Al kind E27 bulbs",Yes,Yes,Recommended,Yes,No,No,Yes,,,,,,2.7,,,,,,,,,e27 black pendant lamp holder,matte black lamp holder,pendant lamp holder,"b22, floor lamp, table lamp, led bulb, shade only, e14",0.31,0.14,"black pendant lamp holder, e27 black pendant lamp holder, matte black pendant lamp holder, e27 pendant lamp holder round cable, pendant lamp holder 1m cable, e27 pendant lamp holder uk, pendant lamp holder, e27 pendant lamp holder, black pendant light holder, matte black lamp holder",,,,,,,,,,,,,,,,,,,,,,,,,,,,,,,
PHXSH1PBRWH,https://sin1.contabostorage.com/4ad62276cb6d4a83bfb1b8a91b839703:newom/newom/newom/img/product_images/40741.jpg,,Lighting Accessory,Pendant Lamp Holder,LEDSone,1m PVC Cable Pendant Light Holder,E27,Yes,1.0,0.0,M40,,Edison Screw,Yes,M10,20 mm,Yes,No,-,Smooth + Knurled Ring,Metal,Metal,Ceramic,Painetd White,White,90.0,50.0,Round,White,PVC,Smooth,3 Core,1m,Yes,"Live,Neatural,Earth",0.75 mm²,-,-,-,-,-,-,50mm,900mm,,,Plastic (Thermoplastic),PVC/Rubber Insulated,60W,220-240V,"Yes
Depend on The Switch & Bulb",50Hz,IP20,Hardwired,Pendant,Yes,Minimal,Easy,~25min,Terminal Block,Universal,"Lamp Holder, Shade Ring, Lock Nut, Cable",No,Yes,"Screwdriver,Cable Cutter",~40-42mm,Yes,"A60 
ST64 
G95
G80 & Al kind E27 bulbs",Yes,Yes,Recommended,Yes,No,No,Yes,,,,,,2.7,,,,,,,,,e27 white pendant lamp holder,painetd white lamp holder,pendant lamp holder,"b22, floor lamp, table lamp, led bulb, shade only, e14",0.31,0.14,"white pendant lamp holder, e27 white pendant lamp holder, painetd white pendant lamp holder, e27 pendant lamp holder round cable, pendant lamp holder 1m cable, e27 pendant lamp holder uk, pendant lamp holder, e27 pendant lamp holder, white pendant light holder, painetd white lamp holder",,,,,,,,,,,,,,,,,,,,,,,,,,,,,,,
PHXSH1PBRBM,https://sin1.contabostorage.com/4ad62276cb6d4a83bfb1b8a91b839703:newom/newom/newom/img/product_images/40696.jpg,,Lighting Accessory,Pendant Lamp Holder,LEDSone,1m Black PVC Cable Pendant Light Holder,E27,Yes,1.0,0.0,M40,,Edison Screw,Yes,M10,20 mm,Yes,No,-,Smooth + Knurled Ring,Metal,Metal,Ceramic,Matte Black,Black,90.0,50.0,Round,Black,PVC,Smooth,3 Core,1m,Yes,"Live,Neatural,Earth",0.75 mm²,-,-,-,-,-,-,50mm,900mm,,,Plastic (Thermoplastic),PVC/Rubber Insulated,60W,220-240V,"Yes
Depend on The Switch & Bulb",50Hz,IP20,Hardwired,Pendant,Yes,Minimal,Easy,~25min,Terminal Block,Universal,"Lamp Holder, Shade Ring, Lock Nut, Cable",No,Yes,"Screwdriver,Cable Cutter",~40-42mm,Yes,"A60 
ST64 
G95
G80 & Al kind E27 bulbs",Yes,Yes,Recommended,Yes,No,No,Yes,,,,,,2.7,,,,,,,,,e27 black pendant lamp holder,matte black lamp holder,pendant lamp holder,"b22, floor lamp, table lamp, led bulb, shade only, e14",0.31,0.14,"black pendant lamp holder, e27 black pendant lamp holder, matte black pendant lamp holder, e27 pendant lamp holder round cable, pendant lamp holder 1m cable, e27 pendant lamp holder uk, pendant lamp holder, e27 pendant lamp holder, black pendant light holder, matte black lamp holder",,,,,,,,,,,,,,,,,,,,,,,,,,,,,,,
PHSH1PBRYB,https://sin1.contabostorage.com/4ad62276cb6d4a83bfb1b8a91b839703:newom/newom/newom/img/product_images/720.jpg,,Lighting Accessory,Pendant Lamp Holder,LEDSone,E27 Yellow Brass Pendant Lamp Holder with 1m Twisted Cable,E27,Yes,1.0,0.0,M40,,Edison Screw,Yes,M10,20 mm,Yes,No,-,Smooth + Knurled Ring,Metal,Metal,Ceramic,Brass,Yellow Brass,90.0,50.0,Round,Black,PVC,Smooth,3 Core,1m,Yes,"Live,Neatural,Earth",0.75 mm²,-,-,-,-,-,-,50mm,900mm,,,Metal,PVC/Rubber Insulated,60W,220-240V,"Yes
Depend on The Switch & Bulb",50Hz,IP20,Hardwired,Pendant,Yes,Minimal,Easy,~25min,Terminal Block,Universal,"Lamp Holder, Shade Ring, Lock Nut, Cable",No,Yes,"Screwdriver,Cable Cutter",~40-42mm,Yes,"A60 
ST64 
G95
G80 & Al kind E27 bulbs",Yes,Yes,Recommended,Yes,No,No,Yes,,,,,,2.7,,,,,,,,,e27 yellow brass pendant lamp holder,brass lamp holder,pendant lamp holder,"b22, floor lamp, table lamp, led bulb, shade only, e14",0.31,0.14,"yellow brass pendant lamp holder, e27 yellow brass pendant lamp holder, brass pendant lamp holder, e27 pendant lamp holder round cable, pendant lamp holder 1m cable, e27 pendant lamp holder uk, pendant lamp holder, e27 pendant lamp holder, yellow brass pendant light holder, brass lamp holder",,,,,,,,,,,,,,,,,,,,,,,,,,,,,,,
PHSH1PBRCO,https://sin1.contabostorage.com/4ad62276cb6d4a83bfb1b8a91b839703:newom/newom/newom/img/product_images/2545.jpg,,Lighting Accessory,Pendant Lamp Holder,LEDSone,E27 Copper Pendant Lamp Holder with 1m Round Cable,E27,Yes,1.0,0.0,M40,,Edison Screw,Yes,M10,20 mm,Yes,No,-,Smooth + Knurled Ring,Metal,Metal,Ceramic,Brass,Copper,90.0,50.0,Round,Black,PVC,Smooth,3 Core,1m,Yes,"Live,Neatural,Earth",0.75 mm²,-,-,-,-,-,-,50mm,900mm,,,Metal,PVC/Rubber Insulated,60W,220-240V,"Yes
Depend on The Switch & Bulb",50Hz,IP20,Hardwired,Pendant,Yes,Minimal,Easy,~25min,Terminal Block,Universal,"Lamp Holder, Shade Ring, Lock Nut, Cable",No,Yes,"Screwdriver,Cable Cutter",~40-42mm,Yes,"A60 
ST64 
G95
G80 & Al kind E27 bulbs",Yes,Yes,Recommended,Yes,No,No,Yes,,,,,,2.7,,,,,,,,,e27 copper pendant lamp holder,brass lamp holder,pendant lamp holder,"b22, floor lamp, table lamp, led bulb, shade only, e14",0.31,0.14,"copper pendant lamp holder, e27 copper pendant lamp holder, brass pendant lamp holder, e27 pendant lamp holder round cable, pendant lamp holder 1m cable, e27 pendant lamp holder uk, pendant lamp holder, e27 pendant lamp holder, copper pendant light holder, brass lamp holder",,,,,,,,,,,,,,,,,,,,,,,,,,,,,,,
PHSH1PCRCH,https://sin1.contabostorage.com/4ad62276cb6d4a83bfb1b8a91b839703:newom/newom/newom/img/product_images/2513.jpg,,Lighting Accessory,Pendant Lamp Holder,LEDSone,E27 Chrome Pendant Lamp Holder with 1m Braided Cable,E27,Yes,1.0,0.0,M40,,Edison Screw,Yes,M10,20 mm,Yes,No,-,Smooth + Knurled Ring,Metal,Metal,Ceramic,Polished Chrome,Silver,90.0,50.0,Round,Clear,PVC,Smooth,3 Core,1m,Yes,"Live,Neatural,Earth",0.75 mm²,-,-,-,-,-,-,50mm,900mm,,,Metal,PVC/Rubber Insulated,60W,220-240V,"Yes
Depend on The Switch & Bulb",50Hz,IP20,Hardwired,Pendant,Yes,Minimal,Easy,~25min,Terminal Block,Universal,"Lamp Holder, Shade Ring, Lock Nut, Cable",No,Yes,"Screwdriver,Cable Cutter",~40-42mm,Yes,"A60 
ST64 
G95
G80 & Al kind E27 bulbs",Yes,Yes,Recommended,Yes,No,No,Yes,,,,,,2.7,,,,,,,,,e27 silver pendant lamp holder,polished chrome lamp holder,pendant lamp holder,"b22, floor lamp, table lamp, led bulb, shade only, e14",0.31,0.14,"silver pendant lamp holder, e27 silver pendant lamp holder, polished chrome pendant lamp holder, e27 pendant lamp holder round cable, pendant lamp holder 1m cable, e27 pendant lamp holder uk, pendant lamp holder, e27 pendant lamp holder, silver pendant light holder, polished chrome lamp holder",,,,,,,,,,,,,,,,,,,,,,,,,,,,,,,
PHSH1PBRFG,https://sin1.contabostorage.com/4ad62276cb6d4a83bfb1b8a91b839703:newom/newom/newom/img/product_images/2512.jpg,,Lighting Accessory,Pendant Lamp Holder,LEDSone,E27 Metal Lampholder,E27,Yes,1.0,0.0,M40,,Edison Screw,Yes,M10,20 mm,Yes,No,-,Smooth + Knurled Ring,Metal,Metal,Ceramic,French Gold (Rose Gold Tone),French Gold,90.0,50.0,Round,Black,PVC,Smooth,3 Core,1m,Yes,"Live,Neatural,Earth",0.75 mm²,-,-,-,-,-,-,50mm,900mm,,,Metal,PVC/Rubber Insulated,60W,220-240V,"Yes
Depend on The Switch & Bulb",50Hz,IP20,Hardwired,Pendant,Yes,Minimal,Easy,~25min,Terminal Block,Universal,"Lamp Holder, Shade Ring, Lock Nut, Cable",No,Yes,"Screwdriver,Cable Cutter",~40-42mm,Yes,"A60 
ST64 
G95
G80 & Al kind E27 bulbs",Yes,Yes,Recommended,Yes,No,No,Yes,,,,,,2.7,,,,,,,,,e27 french gold pendant lamp holder,french gold (rose gold tone) lamp holder,pendant lamp holder,"b22, floor lamp, table lamp, led bulb, shade only, e14",0.31,0.14,"french gold pendant lamp holder, e27 french gold pendant lamp holder, french gold (rose gold tone) pendant lamp holder, e27 pendant lamp holder round cable, pendant lamp holder 1m cable, e27 pendant lamp holder uk, pendant lamp holder, e27 pendant lamp holder, french gold pendant light holder, french gold (rose gold tone) lamp holder",,,,,,,,,,,,,,,,,,,,,,,,,,,,,,,
PHSH1PBRRO,https://sin1.contabostorage.com/4ad62276cb6d4a83bfb1b8a91b839703:newom/newom/newom/img/product_images/2511.jpg,,Lighting Accessory,Pendant Lamp Holder,LEDSone,E27 Metal Lampholder,E27,Yes,1.0,0.0,M40,,Edison Screw,Yes,M10,20 mm,Yes,No,-,Smooth + Knurled Ring,Metal,Metal,Ceramic,Rose Gold,Rose Gold,90.0,50.0,Round,Black,PVC,Smooth,3 Core,1m,Yes,"Live,Neatural,Earth",0.75 mm²,-,-,-,-,-,-,50mm,900mm,,,Metal,PVC/Rubber Insulated,60W,220-240V,"Yes
Depend on The Switch & Bulb",50Hz,IP20,Hardwired,Pendant,Yes,Minimal,Easy,~25min,Terminal Block,Universal,"Lamp Holder, Shade Ring, Lock Nut, Cable",No,Yes,"Screwdriver,Cable Cutter",~40-42mm,Yes,"A60 
ST64 
G95
G80 & Al kind E27 bulbs",Yes,Yes,Recommended,Yes,No,No,Yes,,,,,,2.7,,,,,,,,,e27 rose gold pendant lamp holder,pendant lamp holder round cable,lamp holder with cable,"b22, floor lamp, table lamp, led bulb, shade only, e14",0.31,0.14,"rose gold pendant lamp holder, e27 rose gold pendant lamp holder, e27 pendant lamp holder round cable, pendant lamp holder 1m cable, e27 pendant lamp holder uk, pendant lamp holder, e27 pendant lamp holder, rose gold pendant light holder, rose gold lamp holder, pendant lamp holder round cable",,,,,,,,,,,,,,,,,,,,,,,,,,,,,,,
PHSH2BMTBM,https://sin1.contabostorage.com/4ad62276cb6d4a83bfb1b8a91b839703:newom/newom/newom/img/product_images/40446.jpg,,Lighting Accessory,Pendant Lamp Holder,LEDSone,E27 Metal Lampholder,E27,Yes,1.0,0.0,M40,,Edison Screw,Yes,M10,20 mm,Yes,No,-,Smooth + Knurled Ring,Metal,Metal,Ceramic,Matte Black,Black,90.0,50.0,Twisted,Black,PVC,Smooth,3 Core,2m,Yes,"Live,Neatural,Earth",0.75 mm²,-,-,-,-,-,-,50mm,900mm,,,Metal,PVC/Rubber Insulated,60W,220-240V,"Yes
Depend on The Switch & Bulb",50Hz,IP20,Hardwired,Pendant,Yes,Minimal,Easy,~25min,Terminal Block,Universal,"Lamp Holder, Shade Ring, Lock Nut, Cable",No,Yes,"Screwdriver,Cable Cutter",~40-42mm,Yes,"A60 
ST64 
G95
G80 & Al kind E27 bulbs",Yes,Yes,Recommended,Yes,No,No,Yes,,,,,,2.7,,,,,,,,,e27 black pendant lamp holder,matte black lamp holder,pendant lamp holder,"b22, floor lamp, table lamp, led bulb, shade only, e14",0.31,0.14,"black pendant lamp holder, e27 black pendant lamp holder, matte black pendant lamp holder, e27 pendant lamp holder twisted cable, pendant lamp holder 2m cable, e27 pendant lamp holder uk, pendant lamp holder, e27 pendant lamp holder, black pendant light holder, matte black lamp holder",,,,,,,,,,,,,,,,,,,,,,,,,,,,,,,
PHSH2BMTYB,https://sin1.contabostorage.com/4ad62276cb6d4a83bfb1b8a91b839703:newom/newom/newom/img/product_images/40445.jpg,,Lighting Accessory,Pendant Lamp Holder,LEDSone,E27 Yellow Brass Pendant Lamp Holder with 1m Twisted Cable,E27,Yes,1.0,0.0,M40,,Edison Screw,Yes,M10,20 mm,Yes,No,-,Smooth + Knurled Ring,Metal,Metal,Ceramic,Brass,Yellow Brass,90.0,50.0,Twisted,Black,PVC,Smooth,3 Core,2m,Yes,"Live,Neatural,Earth",0.75 mm²,-,-,-,-,-,-,50mm,900mm,,,Metal,PVC/Rubber Insulated,60W,220-240V,"Yes
Depend on The Switch & Bulb",50Hz,IP20,Hardwired,Pendant,Yes,Minimal,Easy,~25min,Terminal Block,Universal,"Lamp Holder, Shade Ring, Lock Nut, Cable",No,Yes,"Screwdriver,Cable Cutter",~40-42mm,Yes,"A60 
ST64 
G95
G80 & Al kind E27 bulbs",Yes,Yes,Recommended,Yes,No,No,Yes,,,,,,2.7,,,,,,,,,e27 yellow brass pendant lamp holder,brass lamp holder,pendant lamp holder,"b22, floor lamp, table lamp, led bulb, shade only, e14",0.31,0.14,"yellow brass pendant lamp holder, e27 yellow brass pendant lamp holder, brass pendant lamp holder, e27 pendant lamp holder twisted cable, pendant lamp holder 2m cable, e27 pendant lamp holder uk, pendant lamp holder, e27 pendant lamp holder, yellow brass pendant light holder, brass lamp holder",,,,,,,,,,,,,,,,,,,,,,,,,,,,,,,
PHSH2PBRCO,https://sin1.contabostorage.com/4ad62276cb6d4a83bfb1b8a91b839703:newom/newom/newom/img/product_images/3362.jpg,,Lighting Accessory,Pendant Lamp Holder,LEDSone,E27 Copper Pendant Lamp Holder with 1m Round Cable,E27,Yes,1.0,0.0,M40,,Edison Screw,Yes,M10,20 mm,Yes,No,-,Smooth + Knurled Ring,Metal,Metal,Ceramic,Brass,Copper,90.0,50.0,Round,Black,PVC,Smooth,3 Core,2m,Yes,"Live,Neatural,Earth",0.75 mm²,-,-,-,-,-,-,50mm,900mm,,,Metal,PVC/Rubber Insulated,60W,220-240V,"Yes
Depend on The Switch & Bulb",50Hz,IP20,Hardwired,Pendant,Yes,Minimal,Easy,~25min,Terminal Block,Universal,"Lamp Holder, Shade Ring, Lock Nut, Cable",No,Yes,"Screwdriver,Cable Cutter",~40-42mm,Yes,"A60 
ST64 
G95
G80 & Al kind E27 bulbs",Yes,Yes,Recommended,Yes,No,No,Yes,,,,,,2.7,,,,,,,,,e27 copper pendant lamp holder,brass lamp holder,pendant lamp holder,"b22, floor lamp, table lamp, led bulb, shade only, e14",0.31,0.14,"copper pendant lamp holder, e27 copper pendant lamp holder, brass pendant lamp holder, e27 pendant lamp holder round cable, pendant lamp holder 2m cable, e27 pendant lamp holder uk, pendant lamp holder, e27 pendant lamp holder, copper pendant light holder, brass lamp holder",,,,,,,,,,,,,,,,,,,,,,,,,,,,,,,
PHSH2PBRYB,https://sin1.contabostorage.com/4ad62276cb6d4a83bfb1b8a91b839703:newom/newom/newom/img/product_images/721.jpg,,Lighting Accessory,Pendant Lamp Holder,LEDSone,E27 Yellow Brass Pendant Lamp Holder with 1m Twisted Cable,E27,Yes,1.0,0.0,M40,,Edison Screw,Yes,M10,20 mm,Yes,No,-,Smooth + Knurled Ring,Metal,Metal,Ceramic,Brass,Yellow Brass,90.0,50.0,Round,Black,PVC,Smooth,3 Core,2m,Yes,"Live,Neatural,Earth",0.75 mm²,-,-,-,-,-,-,50mm,900mm,,,Metal,PVC/Rubber Insulated,60W,220-240V,"Yes
Depend on The Switch & Bulb",50Hz,IP20,Hardwired,Pendant,Yes,Minimal,Easy,~25min,Terminal Block,Universal,"Lamp Holder, Shade Ring, Lock Nut, Cable",No,Yes,"Screwdriver,Cable Cutter",~40-42mm,Yes,"A60 
ST64 
G95
G80 & Al kind E27 bulbs",Yes,Yes,Recommended,Yes,No,No,Yes,,,,,,2.7,,,,,,,,,e27 yellow brass pendant lamp holder,brass lamp holder,pendant lamp holder,"b22, floor lamp, table lamp, led bulb, shade only, e14",0.31,0.14,"yellow brass pendant lamp holder, e27 yellow brass pendant lamp holder, brass pendant lamp holder, e27 pendant lamp holder round cable, pendant lamp holder 2m cable, e27 pendant lamp holder uk, pendant lamp holder, e27 pendant lamp holder, yellow brass pendant light holder, brass lamp holder",,,,,,,,,,,,,,,,,,,,,,,,,,,,,,,
PHFMSH2BRBM,https://sin1.contabostorage.com/4ad62276cb6d4a83bfb1b8a91b839703:newom/newom/newom/img/product_images/33018.jpg,,Lighting Accessory,Pendant Lamp Holder,LEDSone,E27 Black  Pendant Lamp Holder with 1m Twisted Cable,E27,Yes,1.0,0.0,M40,,Edison Screw,Yes,M10,20 mm,Yes,No,-,Smooth + Knurled Ring,Metal,Metal,Ceramic,Matte Black,Black,90.0,50.0,Round,Black,PVC,Smooth,3 Core,2m,Yes,"Live,Neatural,Earth",0.75 mm²,-,-,-,-,-,-,50mm,900mm,,,Metal,PVC/Rubber Insulated,60W,220-240V,"Yes
Depend on The Switch & Bulb",50Hz,IP20,Hardwired,Pendant,Yes,Minimal,Easy,~25min,Terminal Block,Universal,"Lamp Holder, Shade Ring, Lock Nut, Cable",No,Yes,"Screwdriver,Cable Cutter",~40-42mm,Yes,"A60 
ST64 
G95
G80 & Al kind E27 bulbs",Yes,Yes,Recommended,Yes,No,No,Yes,,,,,,2.7,,,,,,,,,e27 black pendant lamp holder,matte black lamp holder,pendant lamp holder,"b22, floor lamp, table lamp, led bulb, shade only, e14",0.31,0.14,"black pendant lamp holder, e27 black pendant lamp holder, matte black pendant lamp holder, e27 pendant lamp holder round cable, pendant lamp holder 2m cable, e27 pendant lamp holder uk, pendant lamp holder, e27 pendant lamp holder, black pendant light holder, matte black lamp holder",,,,,,,,,,,,,,,,,,,,,,,,,,,,,,,
PHFMSH2BRYB,https://sin1.contabostorage.com/4ad62276cb6d4a83bfb1b8a91b839703:newom/newom/newom/img/product_images/33003.jpg,,Lighting Accessory,Pendant Lamp Holder,LEDSone,E27 Yellow Brass Pendant Lamp Holder with 1m Twisted Cable,E27,Yes,1.0,0.0,M40,,Edison Screw,Yes,M10,20 mm,Yes,No,-,Smooth + Knurled Ring,Metal,Metal,Ceramic,Brass,Yellow Brass,90.0,50.0,Round,Black,PVC,Smooth,3 Core,2m,Yes,"Live,Neatural,Earth",0.75 mm²,-,-,-,-,-,-,50mm,900mm,,,Metal,PVC/Rubber Insulated,60W,220-240V,"Yes
Depend on The Switch & Bulb",50Hz,IP20,Hardwired,Pendant,Yes,Minimal,Easy,~25min,Terminal Block,Universal,"Lamp Holder, Shade Ring, Lock Nut, Cable",No,Yes,"Screwdriver,Cable Cutter",~40-42mm,Yes,"A60 
ST64 
G95
G80 & Al kind E27 bulbs",Yes,Yes,Recommended,Yes,No,No,Yes,,,,,,2.7,,,,,,,,,e27 yellow brass pendant lamp holder,brass lamp holder,pendant lamp holder,"b22, floor lamp, table lamp, led bulb, shade only, e14",0.31,0.14,"yellow brass pendant lamp holder, e27 yellow brass pendant lamp holder, brass pendant lamp holder, e27 pendant lamp holder round cable, pendant lamp holder 2m cable, e27 pendant lamp holder uk, pendant lamp holder, e27 pendant lamp holder, yellow brass pendant light holder, brass lamp holder",,,,,,,,,,,,,,,,,,,,,,,,,,,,,,,
PHFMSH4BRYB,https://sin1.contabostorage.com/4ad62276cb6d4a83bfb1b8a91b839703:newom/newom/newom/img/product_images/33004.jpg,,Lighting Accessory,Pendant Lamp Holder,LEDSone,E27 Yellow Brass Pendant Lamp Holder with 1m Twisted Cable,E27,Yes,1.0,0.0,M40,,Edison Screw,Yes,M10,20 mm,Yes,No,-,Smooth  + Knurled Ring,Metal,Metal,Ceramic,Brass,Yellow Brass,90.0,50.0,Round,Black,PVC,Smooth,3 Core,4m,Yes,"Live,Neatural,Earth",0.75 mm²,-,-,-,-,-,-,50mm,900mm,,,Metal,PVC/Rubber Insulated,60W,220-240V,"Yes
Depend on The Switch & Bulb",50Hz,IP20,Hardwired,Pendant,Yes,Minimal,Easy,~25min,Terminal Block,Universal,"Lamp Holder, Shade Ring, Lock Nut, Cable",No,Yes,"Screwdriver,Cable Cutter",~40-42mm,Yes,"A60 
ST64 
G95
G80 & Al kind E27 bulbs",Yes,Yes,Recommended,Yes,No,No,Yes,,,,,,2.7,,,,,,,,,e27 yellow brass pendant lamp holder,brass lamp holder,pendant lamp holder,"b22, floor lamp, table lamp, led bulb, shade only, e14",0.31,0.14,"yellow brass pendant lamp holder, e27 yellow brass pendant lamp holder, brass pendant lamp holder, e27 pendant lamp holder round cable, pendant lamp holder 4m cable, e27 pendant lamp holder uk, pendant lamp holder, e27 pendant lamp holder, yellow brass pendant light holder, brass lamp holder",,,,,,,,,,,,,,,,,,,,,,,,,,,,,,,
PHSH2PBRBM,https://sin1.contabostorage.com/4ad62276cb6d4a83bfb1b8a91b839703:newom/newom/newom/img/product_images/3361.jpg,,Lighting Accessory,Pendant Lamp Holder,LEDSone,E27 Yellow Brass Pendant Lamp Holder with 1m Twisted Cable,E27,Yes,1.0,0.0,M40,,Edison Screw,Yes,M10,20 mm,Yes,No,-,Smooth + Knurled Ring,Metal,Metal,Ceramic,Matte Black,Black,80.0,46.0,Round,Black,PVC,Smooth,3 Core,2m,Yes,"Live,Neatural,Earth",0.75 mm²,-,-,-,-,-,-,50mm,900mm,,,Metal,PVC/Rubber Insulated,60W,220-240V,"Yes
Depend on The Switch & Bulb",50Hz,IP20,Hardwired,Pendant,Yes,Minimal,Easy,~25min,Terminal Block,Universal,"Lamp Holder, Shade Ring, Lock Nut, Cable",No,Yes,"Screwdriver,Cable Cutter",~40-42mm,Yes,"A60 
ST64 
G95
G80 & Al kind E27 bulbs",Yes,Yes,Recommended,Yes,No,No,Yes,,,,,,2.7,,,,,,,,,e27 black pendant lamp holder,matte black lamp holder,pendant lamp holder,"b22, floor lamp, table lamp, led bulb, shade only, e14",0.31,0.14,"black pendant lamp holder, e27 black pendant lamp holder, matte black pendant lamp holder, e27 pendant lamp holder round cable, pendant lamp holder 2m cable, e27 pendant lamp holder uk, pendant lamp holder, e27 pendant lamp holder, black pendant light holder, matte black lamp holder",,,,,,,,,,,,,,,,,,,,,,,,,,,,,,,
PHSH1PBRBB,https://sin1.contabostorage.com/4ad62276cb6d4a83bfb1b8a91b839703:newom/newom/newom/img/product_images/2412.jpg,,Lighting Accessory,Pendant Lamp Holder,LEDSone,E27 Yellow Brass Pendant Lamp Holder with 1m Twisted Cable,E27,Yes,1.0,0.0,M40,,Edison Screw,Yes,M10,20 mm,Yes,No,-,Distress Brushed + Knurled Ring,Metal,Metal,Ceramic,Brass,Brushed Brass,80.0,46.0,Round,Black,PVC,Smooth,3 Core,1m,Yes,"Live,Neatural,Earth",0.75 mm²,-,-,-,-,-,-,50mm,900mm,,,Metal,PVC/Rubber Insulated,60W,220-240V,"Yes
Depend on The Switch & Bulb",50Hz,IP20,Hardwired,Pendant,Yes,Minimal,Easy,~25min,Terminal Block,Universal,"Lamp Holder, Shade Ring, Lock Nut, Cable",No,Yes,"Screwdriver,Cable Cutter",~40-42mm,Yes,"A60 
ST64 
G95
G80 & Al kind E27 bulbs",Yes,Yes,Recommended,Yes,No,No,Yes,,,,,,2.7,,,,,,,,,e27 brushed brass pendant lamp holder,brass lamp holder,pendant lamp holder,"b22, floor lamp, table lamp, led bulb, shade only, e14",0.31,0.14,"brushed brass pendant lamp holder, e27 brushed brass pendant lamp holder, brass pendant lamp holder, e27 pendant lamp holder round cable, pendant lamp holder 1m cable, e27 pendant lamp holder uk, pendant lamp holder, e27 pendant lamp holder, brushed brass pendant light holder, brass lamp holder",,,,,,,,,,,,,,,,,,,,,,,,,,,,,,,
PHSH1PBRBC,https://sin1.contabostorage.com/4ad62276cb6d4a83bfb1b8a91b839703:newom/newom/newom/img/product_images/1091.jpg,,Lighting Accessory,Pendant Lamp Holder,LEDSone,E27 Antique Brass Metal Lampholder,E27,Yes,1.0,0.0,M40,,Edison Screw,Yes,M10,20 mm,Yes,No,-,Distress Brushed + Knurled Ring,Metal,Metal,Ceramic,Brass,Brushed Copper,80.0,46.0,Round,Black,PVC,Smooth,3 Core,1m,Yes,"Live,Neatural,Earth",0.75 mm²,-,-,-,-,-,-,50mm,900mm,,,Metal,PVC/Rubber Insulated,60W,220-240V,"Yes
Depend on The Switch & Bulb",50Hz,IP20,Hardwired,Pendant,Yes,Minimal,Easy,~25min,Terminal Block,Universal,"Lamp Holder, Shade Ring, Lock Nut, Cable",No,Yes,"Screwdriver,Cable Cutter",~40-42mm,Yes,"A60 
ST64 
G95
G80 & Al kind E27 bulbs",Yes,Yes,Recommended,Yes,No,No,Yes,,,,,,2.7,,,,,,,,,e27 brushed copper pendant lamp holder,brass lamp holder,pendant lamp holder,"b22, floor lamp, table lamp, led bulb, shade only, e14",0.31,0.14,"brushed copper pendant lamp holder, e27 brushed copper pendant lamp holder, brass pendant lamp holder, e27 pendant lamp holder round cable, pendant lamp holder 1m cable, e27 pendant lamp holder uk, pendant lamp holder, e27 pendant lamp holder, brushed copper pendant light holder, brass lamp holder",,,,,,,,,,,,,,,,,,,,,,,,,,,,,,,
PHSH1PBRRR,https://sin1.contabostorage.com/4ad62276cb6d4a83bfb1b8a91b839703:newom/newom/newom/img/product_images/1090.jpg,,Lighting Accessory,Pendant Lamp Holder,LEDSone,E27 Antique Brass Metal Lampholder,E27,Yes,1.0,0.0,M40,,Edison Screw,Yes,M10,20 mm,Yes,No,-,Distress Brushed + Knurled Ring,Metal,Metal,Ceramic,Rustic Red,Red,80.0,46.0,Round,Black,PVC,Smooth,3 Core,1m,Yes,"Live,Neatural,Earth",0.75 mm²,-,-,-,-,-,-,50mm,900mm,,,Metal,PVC/Rubber Insulated,60W,220-240V,"Yes
Depend on The Switch & Bulb",50Hz,IP20,Hardwired,Pendant,Yes,Minimal,Easy,~25min,Terminal Block,Universal,"Lamp Holder, Shade Ring, Lock Nut, Cable",No,Yes,"Screwdriver,Cable Cutter",~40-42mm,Yes,"A60 
ST64 
G95
G80 & Al kind E27 bulbs",Yes,Yes,Recommended,Yes,No,No,Yes,,,,,,2.7,,,,,,,,,e27 red pendant lamp holder,rustic red lamp holder,pendant lamp holder,"b22, floor lamp, table lamp, led bulb, shade only, e14",0.31,0.14,"red pendant lamp holder, e27 red pendant lamp holder, rustic red pendant lamp holder, e27 pendant lamp holder round cable, pendant lamp holder 1m cable, e27 pendant lamp holder uk, pendant lamp holder, e27 pendant lamp holder, red pendant light holder, rustic red lamp holder",,,,,,,,,,,,,,,,,,,,,,,,,,,,,,,
PHSH1PBRBS,https://sin1.contabostorage.com/4ad62276cb6d4a83bfb1b8a91b839703:newom/newom/newom/img/product_images/1089.jpg,,Lighting Accessory,Pendant Lamp Holder,LEDSone,E27 Antique Brass Metal Lampholder,E27,Yes,1.0,0.0,M40,,Edison Screw,Yes,M10,20 mm,Yes,No,-,Distress Brushed + Knurled Ring,Metal,Metal,Ceramic,Brushed Silver,Silver,80.0,46.0,Round,Black,PVC,Smooth,3 Core,1m,Yes,"Live,Neatural,Earth",0.75 mm²,-,-,-,-,-,-,50mm,900mm,,,Metal,PVC/Rubber Insulated,60W,220-240V,"Yes
Depend on The Switch & Bulb",50Hz,IP20,Hardwired,Pendant,Yes,Minimal,Easy,~25min,Terminal Block,Universal,"Lamp Holder, Shade Ring, Lock Nut, Cable",No,Yes,"Screwdriver,Cable Cutter",~40-42mm,Yes,"A60 
ST64 
G95
G80 & Al kind E27 bulbs",Yes,Yes,Recommended,Yes,No,No,Yes,,,,,,2.7,,,,,,,,,e27 silver pendant lamp holder,brushed silver lamp holder,pendant lamp holder,"b22, floor lamp, table lamp, led bulb, shade only, e14",0.31,0.14,"silver pendant lamp holder, e27 silver pendant lamp holder, brushed silver pendant lamp holder, e27 pendant lamp holder round cable, pendant lamp holder 1m cable, e27 pendant lamp holder uk, pendant lamp holder, e27 pendant lamp holder, silver pendant light holder, brushed silver lamp holder",,,,,,,,,,,,,,,,,,,,,,,,,,,,,,,
PHHA1PBRYB,https://sin1.contabostorage.com/4ad62276cb6d4a83bfb1b8a91b839703:newom/newom/newom/img/product_images/3855.jpg,,Lighting Accessory,Pendant Lamp Holder,LEDSone,E27 Yellow Brass Pendant Lamp Holder with 1m Twisted Cable,E27,Yes,1.0,0.0,M40,,Edison Screw,Yes,M10,20 mm,Yes,No,-,Smooth + Knurled Ring,Metal,Metal,Ceramic,Brass,Yellow Brass,80.0,46.0,Round,Black,PVC,Smooth,3 Core,1m,Yes,"Live,Neatural,Earth",0.75 mm²,-,-,-,-,-,-,50mm,900mm,,,Metal,PVC/Rubber Insulated,60W,220-240V,"Yes
Depend on The Switch & Bulb",50Hz,IP20,Hardwired,Pendant,Yes,Minimal,Easy,~25min,Terminal Block,Universal,"Lamp Holder, Shade Ring, Lock Nut, Cable",No,Yes,"Screwdriver,Cable Cutter",~40-42mm,Yes,"A60 
ST64 
G95
G80 & Al kind E27 bulbs",Yes,Yes,Recommended,Yes,No,No,Yes,,,,,,2.7,,,,,,,,,e27 yellow brass pendant lamp holder,brass lamp holder,pendant lamp holder,"b22, floor lamp, table lamp, led bulb, shade only, e14",0.31,0.14,"yellow brass pendant lamp holder, e27 yellow brass pendant lamp holder, brass pendant lamp holder, e27 pendant lamp holder round cable, pendant lamp holder 1m cable, e27 pendant lamp holder uk, pendant lamp holder, e27 pendant lamp holder, yellow brass pendant light holder, brass lamp holder",,,,,,,,,,,,,,,,,,,,,,,,,,,,,,,
PHSP1BRTCO,https://sin1.contabostorage.com/4ad62276cb6d4a83bfb1b8a91b839703:newom/newom/newom/img/product_images/2003.jpg,,Lighting Accessory,Pendant Lamp Holder,LEDSone,E27 Copper Pendant Lamp Holder with 1m Round Cable,E27,Yes,1.0,0.0,M40,,Edison Screw,Yes,M10,20 mm,Yes,No,-,Ribbed Decorative Bottle Cyilinder,Metal,Metal,Ceramic,Brass,Copper,110.0,48.0,Twisted,Brown,Fabric Braided,RoundBraided,3 Core,1m,Yes,"Live,Neatural,Earth",0.75 mm²,-,-,-,-,-,-,50mm,900mm,,,Metal,Fabric Braided,60W,220-240V,"Yes
Depend on The Switch & Bulb",50Hz,IP20,Hardwired,Pendant,Yes,Minimal,Easy,~25min,Terminal Block,Universal,"Lamp Holder, Shade Ring, Lock Nut, Cable",No,Yes,"Screwdriver,Cable Cutter",~40-42mm,Yes,"A60 
ST64 
G95
G80 & Al kind E27 bulbs",Yes,Yes,Recommended,Yes,No,No,Yes,,,,,,2.7,,,,,,,,,e27 copper pendant lamp holder,brass lamp holder,pendant lamp holder,"b22, floor lamp, table lamp, led bulb, shade only, e14",0.31,0.14,"copper pendant lamp holder, e27 copper pendant lamp holder, brass pendant lamp holder, e27 pendant lamp holder twisted cable, pendant lamp holder 1m cable, e27 pendant lamp holder uk, pendant lamp holder, e27 pendant lamp holder, copper pendant light holder, brass lamp holder",,,,,,,,,,,,,,,,,,,,,,,,,,,,,,,
PHNH1AGRGB,https://sin1.contabostorage.com/4ad62276cb6d4a83bfb1b8a91b839703:newom/newom/newom/img/product_images/1997.jpg,,Lighting Accessory,Pendant Lamp Holder,LEDSone,E27 Green BrassPendant Lamp Holder with 1m Round Braided Cable,E27,Yes,1.0,0.0,M40,,Edison Screw,Yes,M10,20 mm,Yes,No,-,Ribbed Decorative Bottle Cyilinder,Metal,Material,Ceramic,Brass,Green Brass,110.0,48.0,Round,Green,Fabric Braided,RoundBraided,3 Core,1m,Yes,"Live,Neatural,Earth",0.75 mm²,-,-,-,-,-,-,50mm,900mm,,,Metal,Fabric Braided,60W,220-240V,"Yes
Depend on The Switch & Bulb",50Hz,IP20,Hardwired,Pendant,Yes,Minimal,Easy,~25min,Terminal Block,Universal,"Lamp Holder, Shade Ring, Lock Nut, Cable",No,Yes,"Screwdriver,Cable Cutter",~40-42mm,Yes,"A60 
ST64 
G95
G80 & Al kind E27 bulbs",Yes,Yes,Recommended,Yes,No,No,Yes,,,,,,2.7,,,,,,,,,e27 green brass pendant lamp holder,brass lamp holder,pendant lamp holder,"b22, floor lamp, table lamp, led bulb, shade only, e14",0.31,0.14,"green brass pendant lamp holder, e27 green brass pendant lamp holder, brass pendant lamp holder, e27 pendant lamp holder round cable, pendant lamp holder 1m cable, e27 pendant lamp holder uk, pendant lamp holder, e27 pendant lamp holder, green brass pendant light holder, brass lamp holder",,,,,,,,,,,,,,,,,,,,,,,,,,,,,,,
PHSP1AGRGB,https://sin1.contabostorage.com/4ad62276cb6d4a83bfb1b8a91b839703:newom/newom/newom/img/product_images/1992.jpg,,Lighting Accessory,Pendant Lamp Holder,LEDSone,E27 Green BrassPendant Lamp Holder with 1m Round Braided Cable,E27,Yes,1.0,0.0,M40,,Edison Screw,Yes,M10,20 mm,Yes,No,-,Ribbed Decorative Bottle Cyilinder,Metal,Material,Ceramic,Brass,Green Brass,110.0,48.0,Round,Green,Fabric Braided,RoundBraided,3 Core,1m,Yes,"Live,Neatural,Earth",0.75 mm²,-,-,-,-,-,-,50mm,900mm,,,Metal,Fabric Braided,60W,220-240V,"Yes
Depend on The Switch & Bulb",50Hz,IP20,Hardwired,Pendant,Yes,Minimal,Easy,~25min,Terminal Block,Universal,"Lamp Holder, Shade Ring, Lock Nut, Cable",No,Yes,"Screwdriver,Cable Cutter",~40-42mm,Yes,"A60 
ST64 
G95
G80 & Al kind E27 bulbs",Yes,Yes,Recommended,Yes,No,No,Yes,,,,,,2.7,,,,,,,,,e27 green brass pendant lamp holder,brass lamp holder,pendant lamp holder,"b22, floor lamp, table lamp, led bulb, shade only, e14",0.31,0.14,"green brass pendant lamp holder, e27 green brass pendant lamp holder, brass pendant lamp holder, e27 pendant lamp holder round cable, pendant lamp holder 1m cable, e27 pendant lamp holder uk, pendant lamp holder, e27 pendant lamp holder, green brass pendant light holder, brass lamp holder",,,,,,,,,,,,,,,,,,,,,,,,,,,,,,,
PHSP1BRRCO,https://sin1.contabostorage.com/4ad62276cb6d4a83bfb1b8a91b839703:newom/newom/newom/img/product_images/1991.jpg,,Lighting Accessory,Pendant Lamp Holder,LEDSone,E27 Copper Pendant Lamp Holder with 1m Round Cable,E27,Yes,1.0,0.0,M40,,Edison Screw,Yes,M10,20 mm,Yes,No,-,Ribbed Decorative Bottle Cyilinder,Metal,Metal,Ceramic,Brass,Copper,110.0,48.0,Round,Brown,Fabric Braided,RoundBraided,3 Core,1m,Yes,"Live,Neatural,Earth",0.75 mm²,-,-,-,-,-,-,50mm,900mm,,,Metal,Fabric Braided,60W,220-240V,"Yes
Depend on The Switch & Bulb",50Hz,IP20,Hardwired,Pendant,Yes,Minimal,Easy,~25min,Terminal Block,Universal,"Lamp Holder, Shade Ring, Lock Nut, Cable",No,Yes,"Screwdriver,Cable Cutter",~40-42mm,Yes,"A60 
ST64 
G95
G80 & Al kind E27 bulbs",Yes,Yes,Recommended,Yes,No,No,Yes,,,,,,2.7,,,,,,,,,e27 copper pendant lamp holder,brass lamp holder,pendant lamp holder,"b22, floor lamp, table lamp, led bulb, shade only, e14",0.31,0.14,"copper pendant lamp holder, e27 copper pendant lamp holder, brass pendant lamp holder, e27 pendant lamp holder round cable, pendant lamp holder 1m cable, e27 pendant lamp holder uk, pendant lamp holder, e27 pendant lamp holder, copper pendant light holder, brass lamp holder",,,,,,,,,,,,,,,,,,,,,,,,,,,,,,,
PHSQ1PBRYB,https://sin1.contabostorage.com/4ad62276cb6d4a83bfb1b8a91b839703:newom/newom/newom/img/product_images/2372.jpg,,Lighting Accessory,Pendant Lamp Holder,LEDSone,E27 Yellow Brass Pendant Lamp Holder with 1m Twisted Cable,E27,Yes,1.0,0.0,M40,,Edison Screw,Yes,M10,20 mm,Yes,No,-,Smooth,Metal,Metal,Ceramic,Brass,Yellow Brass,70.0,50.0,Round,Black,PVC,Smooth,3 Core,1m,Yes,"Live,Neatural,Earth",0.75 mm²,-,-,-,-,-,-,50mm,900mm,,,Metal,PVC/Rubber Insulated,60W,220-240V,"Yes
Depend on The Switch & Bulb",50Hz,IP20,Hardwired,Pendant,Yes,Minimal,Easy,~25min,Terminal Block,Universal,"Lamp Holder, Shade Ring, Lock Nut, Cable",No,Yes,"Screwdriver,Cable Cutter",~40-42mm,Yes,"A60 
ST64 
G95
G80 & Al kind E27 bulbs",Yes,Yes,Recommended,Yes,No,No,Yes,,,,,,2.7,,,,,,,,,e27 yellow brass pendant lamp holder,brass lamp holder,pendant lamp holder,"b22, floor lamp, table lamp, led bulb, shade only, e14",0.31,0.14,"yellow brass pendant lamp holder, e27 yellow brass pendant lamp holder, brass pendant lamp holder, e27 pendant lamp holder round cable, pendant lamp holder 1m cable, e27 pendant lamp holder uk, pendant lamp holder, e27 pendant lamp holder, yellow brass pendant light holder, brass lamp holder",,,,,,,,,,,,,,,,,,,,,,,,,,,,,,,
PHSQ1PBRBM,https://sin1.contabostorage.com/4ad62276cb6d4a83bfb1b8a91b839703:newom/newom/newom/img/product_images/2671.jpg,,Lighting Accessory,Pendant Lamp Holder,LEDSone,E27 Black Metal Lampholder,E27,Yes,1.0,0.0,M40,,Edison Screw,Yes,M10,20 mm,Yes,No,-,Smooth,Metal,Metal,Ceramic,Matte Black,Black,70.0,50.0,Round,Black,PVC,Smooth,3 Core,1m,Yes,"Live,Neatural,Earth",0.75 mm²,-,-,-,-,-,-,50mm,900mm,,,Metal,PVC/Rubber Insulated,60W,220-240V,"Yes
Depend on The Switch & Bulb",50Hz,IP20,Hardwired,Pendant,Yes,Minimal,Easy,~25min,Terminal Block,Universal,"Lamp Holder, Shade Ring, Lock Nut, Cable",No,Yes,"Screwdriver,Cable Cutter",~40-42mm,Yes,"A60 
ST64 
G95
G80 & Al kind E27 bulbs",Yes,Yes,Recommended,Yes,No,No,Yes,,,,,,2.7,,,,,,,,,e27 black pendant lamp holder,matte black lamp holder,pendant lamp holder,"b22, floor lamp, table lamp, led bulb, shade only, e14",0.31,0.14,"black pendant lamp holder, e27 black pendant lamp holder, matte black pendant lamp holder, e27 pendant lamp holder round cable, pendant lamp holder 1m cable, e27 pendant lamp holder uk, pendant lamp holder, e27 pendant lamp holder, black pendant light holder, matte black lamp holder",,,,,,,,,,,,,,,,,,,,,,,,,,,,,,,
PHSQ1BRRCO,https://sin1.contabostorage.com/4ad62276cb6d4a83bfb1b8a91b839703:newom/newom/newom/img/product_images/727.jpg,,Lighting Accessory,Pendant Lamp Holder,LEDSone,E27 Copper Pendant Lamp Holder with 1m Round Cable,E27,Yes,1.0,0.0,M40,,Edison Screw,Yes,M10,20 mm,Yes,No,-,Smooth,Metal,Metal,Ceramic,Brass,Copper,70.0,50.0,Round,Brown,Fabric Braided,Twisted Braided,3 Core,1m,Yes,"Live,Neatural,Earth",0.75 mm²,-,-,-,-,-,-,50mm,900mm,,,Metal,Fabric Braided,60W,220-240V,"Yes
Depend on The Switch & Bulb",50Hz,IP20,Hardwired,Pendant,Yes,Minimal,Easy,~25min,Terminal Block,Universal,"Lamp Holder, Shade Ring, Lock Nut, Cable",No,Yes,"Screwdriver,Cable Cutter",~40-42mm,Yes,"A60 
ST64 
G95
G80 & Al kind E27 bulbs",Yes,Yes,Recommended,Yes,No,No,Yes,,,,,,2.7,,,,,,,,,e27 copper pendant lamp holder,brass lamp holder,pendant lamp holder,"b22, floor lamp, table lamp, led bulb, shade only, e14",0.31,0.14,"copper pendant lamp holder, e27 copper pendant lamp holder, brass pendant lamp holder, e27 pendant lamp holder round cable, pendant lamp holder 1m cable, e27 pendant lamp holder uk, pendant lamp holder, e27 pendant lamp holder, copper pendant light holder, brass lamp holder",,,,,,,,,,,,,,,,,,,,,,,,,,,,,,,
PHSQ1.5PBRYB,https://sin1.contabostorage.com/4ad62276cb6d4a83bfb1b8a91b839703:newom/newom/newom/img/product_images/725.jpg,,Lighting Accessory,Pendant Lamp Holder,LEDSone,E27 Yellow Brass Pendant Lamp Holder with 1m Twisted Cable,E27,Yes,1.0,0.0,M40,,Edison Screw,Yes,M10,20 mm,Yes,No,-,Smooth,Metal,Metal,Ceramic,Brass,Yellow Brass,70.0,50.0,Round,Black,PVC,Smooth,3 Core,1m,Yes,"Live,Neatural,Earth",0.75 mm²,-,-,-,-,-,-,50mm,900mm,,,Metal,PVC/Rubber Insulated,60W,220-240V,"Yes
Depend on The Switch & Bulb",50Hz,IP20,Hardwired,Pendant,Yes,Minimal,Easy,~25min,Terminal Block,Universal,"Lamp Holder, Shade Ring, Lock Nut, Cable",No,Yes,"Screwdriver,Cable Cutter",~40-42mm,Yes,"A60 
ST64 
G95
G80 & Al kind E27 bulbs",Yes,Yes,Recommended,Yes,No,No,Yes,,,,,,2.7,,,,,,,,,e27 yellow brass pendant lamp holder,brass lamp holder,pendant lamp holder,"b22, floor lamp, table lamp, led bulb, shade only, e14",0.31,0.14,"yellow brass pendant lamp holder, e27 yellow brass pendant lamp holder, brass pendant lamp holder, e27 pendant lamp holder round cable, pendant lamp holder 1m cable, e27 pendant lamp holder uk, pendant lamp holder, e27 pendant lamp holder, yellow brass pendant light holder, brass lamp holder",,,,,,,,,,,,,,,,,,,,,,,,,,,,,,,
PHCH1PBRSBM,https://sin1.contabostorage.com/4ad62276cb6d4a83bfb1b8a91b839703:newom/newom/newom/img/product_images/2478.jpg,,Lighting Accessory,Pendant Lamp Holder,LEDSone,E27 Black Metal Lampholder,E27,Yes,1.0,0.0,M40,,Edison Screw,Yes,M10,20 mm,Yes,No,-,Smooth,Metal,PVC,PVC,Matte Black,Black,95.0,58.0,Round,Black,PVC,Smooth,3 Core,1m,Yes,"Live,Neatural,Earth",0.75 mm²,-,-,-,-,-,-,50mm,900mm,,,Metal,PVC/Rubber Insulated,60W,220-240V,"Yes
Depend on The Switch & Bulb",50Hz,IP20,Hardwired,Pendant,Yes,Minimal,Easy,~25min,Terminal Block,Universal,"Lamp Holder, Shade Ring, Lock Nut, Cable",No,Yes,"Screwdriver,Cable Cutter",~40-42mm,Yes,"A60 
ST64 
G95
G80 & Al kind E27 bulbs",Yes,Yes,Recommended,Yes,No,No,Yes,,,,,,2.7,,,,,,,,,e27 black pendant lamp holder,matte black lamp holder,pendant lamp holder,"b22, floor lamp, table lamp, led bulb, shade only, e14",0.31,0.14,"black pendant lamp holder, e27 black pendant lamp holder, matte black pendant lamp holder, e27 pendant lamp holder round cable, pendant lamp holder 1m cable, e27 pendant lamp holder uk, pendant lamp holder, e27 pendant lamp holder, black pendant light holder, matte black lamp holder",,,,,,,,,,,,,,,,,,,,,,,,,,,,,,,
PHCH1PWRSYE,https://sin1.contabostorage.com/4ad62276cb6d4a83bfb1b8a91b839703:newom/newom/newom/img/product_images/2477.jpg,,Lighting Accessory,Pendant Lamp Holder,LEDSone,E27 Yellow Plastic Pendant Lamp Holder with 1m Rubber Cable,E27,Yes,1.0,0.0,M40,,Edison Screw,Yes,M10,20 mm,Yes,No,-,Smooth,Metal,PVC,PVC,Glossy painted,Yellow,95.0,58.0,Round,White,PVC,Smooth,3 Core,1m,Yes,"Live,Neatural,Earth",0.75 mm²,-,-,-,-,-,-,50mm,900mm,,,Metal,PVC/Rubber Insulated,60W,220-240V,"Yes
Depend on The Switch & Bulb",50Hz,IP20,Hardwired,Pendant,Yes,Minimal,Easy,~25min,Terminal Block,Universal,"Lamp Holder, Shade Ring, Lock Nut, Cable",No,Yes,"Screwdriver,Cable Cutter",~40-42mm,Yes,"A60 
ST64 
G95
G80 & Al kind E27 bulbs",Yes,Yes,Recommended,Yes,No,No,Yes,,,,,,2.7,,,,,,,,,e27 yellow pendant lamp holder,glossy painted lamp holder,pendant lamp holder,"b22, floor lamp, table lamp, led bulb, shade only, e14",0.31,0.14,"yellow pendant lamp holder, e27 yellow pendant lamp holder, glossy painted pendant lamp holder, e27 pendant lamp holder round cable, pendant lamp holder 1m cable, e27 pendant lamp holder uk, pendant lamp holder, e27 pendant lamp holder, yellow pendant light holder, glossy painted lamp holder",,,,,,,,,,,,,,,,,,,,,,,,,,,,,,,
PHCH1PWRSWH,https://sin1.contabostorage.com/4ad62276cb6d4a83bfb1b8a91b839703:newom/newom/newom/img/product_images/2476.jpg,,Lighting Accessory,Pendant Lamp Holder,LEDSone,E27 Yellow Plastic Pendant Lamp Holder with 1m Rubber Cable,E27,Yes,1.0,0.0,M40,,Edison Screw,Yes,M10,20 mm,Yes,No,-,Smooth,Metal,PVC,PVC,Painetd White,White,95.0,58.0,Round,White,PVC,Smooth,3 Core,1m,Yes,"Live,Neatural,Earth",0.75 mm²,-,-,-,-,-,-,50mm,900mm,,,Metal,PVC/Rubber Insulated,60W,220-240V,"Yes
Depend on The Switch & Bulb",50Hz,IP20,Hardwired,Pendant,Yes,Minimal,Easy,~25min,Terminal Block,Universal,"Lamp Holder, Shade Ring, Lock Nut, Cable",No,Yes,"Screwdriver,Cable Cutter",~40-42mm,Yes,"A60 
ST64 
G95
G80 & Al kind E27 bulbs",Yes,Yes,Recommended,Yes,No,No,Yes,,,,,,2.7,,,,,,,,,e27 white pendant lamp holder,painetd white lamp holder,pendant lamp holder,"b22, floor lamp, table lamp, led bulb, shade only, e14",0.31,0.14,"white pendant lamp holder, e27 white pendant lamp holder, painetd white pendant lamp holder, e27 pendant lamp holder round cable, pendant lamp holder 1m cable, e27 pendant lamp holder uk, pendant lamp holder, e27 pendant lamp holder, white pendant light holder, painetd white lamp holder",,,,,,,,,,,,,,,,,,,,,,,,,,,,,,,
PHCH1PWRSRE,https://sin1.contabostorage.com/4ad62276cb6d4a83bfb1b8a91b839703:newom/newom/newom/img/product_images/2475.jpg,,Lighting Accessory,Pendant Lamp Holder,LEDSone,E27 Yellow Plastic Pendant Lamp Holder with 1m Rubber Cable,E27,Yes,1.0,0.0,M40,,Edison Screw,Yes,M10,20 mm,Yes,No,-,Smooth,Metal,PVC,PVC,Gloss Plastic Finish,Red,95.0,58.0,Round,White,PVC,Smooth,3 Core,1m,Yes,"Live,Neatural,Earth",0.75 mm²,-,-,-,-,-,-,50mm,900mm,,,Metal,PVC/Rubber Insulated,60W,220-240V,"Yes
Depend on The Switch & Bulb",50Hz,IP20,Hardwired,Pendant,Yes,Minimal,Easy,~25min,Terminal Block,Universal,"Lamp Holder, Shade Ring, Lock Nut, Cable",No,Yes,"Screwdriver,Cable Cutter",~40-42mm,Yes,"A60 
ST64 
G95
G80 & Al kind E27 bulbs",Yes,Yes,Recommended,Yes,No,No,Yes,,,,,,2.7,,,,,,,,,e27 red pendant lamp holder,gloss plastic finish lamp holder,pendant lamp holder,"b22, floor lamp, table lamp, led bulb, shade only, e14",0.31,0.14,"red pendant lamp holder, e27 red pendant lamp holder, gloss plastic finish pendant lamp holder, e27 pendant lamp holder round cable, pendant lamp holder 1m cable, e27 pendant lamp holder uk, pendant lamp holder, e27 pendant lamp holder, red pendant light holder, gloss plastic finish lamp holder",,,,,,,,,,,,,,,,,,,,,,,,,,,,,,,
PHCH1PWRSOR,https://sin1.contabostorage.com/4ad62276cb6d4a83bfb1b8a91b839703:newom/newom/newom/img/product_images/2474.jpg,,Lighting Accessory,Pendant Lamp Holder,LEDSone,E27 Yellow Plastic Pendant Lamp Holder with 1m Rubber Cable,E27,Yes,1.0,0.0,M40,,Edison Screw,Yes,M10,20 mm,Yes,No,-,Smooth,Metal,PVC,PVC,Glossy painted,Orange,95.0,58.0,Round,White,PVC,Smooth,3 Core,1m,Yes,"Live,Neatural,Earth",0.75 mm²,-,-,-,-,-,-,50mm,900mm,,,Metal,PVC/Rubber Insulated,60W,220-240V,"Yes
Depend on The Switch & Bulb",50Hz,IP20,Hardwired,Pendant,Yes,Minimal,Easy,~25min,Terminal Block,Universal,"Lamp Holder, Shade Ring, Lock Nut, Cable",No,Yes,"Screwdriver,Cable Cutter",~40-42mm,Yes,"A60 
ST64 
G95
G80 & Al kind E27 bulbs",Yes,Yes,Recommended,Yes,No,No,Yes,,,,,,2.7,,,,,,,,,e27 orange pendant lamp holder,glossy painted lamp holder,pendant lamp holder,"b22, floor lamp, table lamp, led bulb, shade only, e14",0.31,0.14,"orange pendant lamp holder, e27 orange pendant lamp holder, glossy painted pendant lamp holder, e27 pendant lamp holder round cable, pendant lamp holder 1m cable, e27 pendant lamp holder uk, pendant lamp holder, e27 pendant lamp holder, orange pendant light holder, glossy painted lamp holder",,,,,,,,,,,,,,,,,,,,,,,,,,,,,,,
PHCH1PWRSGY,https://sin1.contabostorage.com/4ad62276cb6d4a83bfb1b8a91b839703:newom/newom/newom/img/product_images/2473.jpg,,Lighting Accessory,Pendant Lamp Holder,LEDSone,E27 Yellow Plastic Pendant Lamp Holder with 1m Rubber Cable,E27,Yes,1.0,0.0,M40,,Edison Screw,Yes,M10,20 mm,Yes,No,-,Smooth,Metal,PVC,PVC,Matte Gray,Gray,95.0,58.0,Round,White,PVC,Smooth,3 Core,1m,Yes,"Live,Neatural,Earth",0.75 mm²,-,-,-,-,-,-,50mm,900mm,,,Metal,PVC/Rubber Insulated,60W,220-240V,"Yes
Depend on The Switch & Bulb",50Hz,IP20,Hardwired,Pendant,Yes,Minimal,Easy,~25min,Terminal Block,Universal,"Lamp Holder, Shade Ring, Lock Nut, Cable",No,Yes,"Screwdriver,Cable Cutter",~40-42mm,Yes,"A60 
ST64 
G95
G80 & Al kind E27 bulbs",Yes,Yes,Recommended,Yes,No,No,Yes,,,,,,2.7,,,,,,,,,e27 gray pendant lamp holder,matte gray lamp holder,pendant lamp holder,"b22, floor lamp, table lamp, led bulb, shade only, e14",0.31,0.14,"gray pendant lamp holder, e27 gray pendant lamp holder, matte gray pendant lamp holder, e27 pendant lamp holder round cable, pendant lamp holder 1m cable, e27 pendant lamp holder uk, pendant lamp holder, e27 pendant lamp holder, gray pendant light holder, matte gray lamp holder",,,,,,,,,,,,,,,,,,,,,,,,,,,,,,,
PHCH1PWRSGR,https://sin1.contabostorage.com/4ad62276cb6d4a83bfb1b8a91b839703:newom/newom/newom/img/product_images/2472.jpg,,Lighting Accessory,Pendant Lamp Holder,LEDSone,E27 Yellow Plastic Pendant Lamp Holder with 1m Rubber Cable,E27,Yes,1.0,0.0,M40,,Edison Screw,Yes,M10,20 mm,Yes,No,-,Smooth,Metal,PVC,PVC,Glossy painted,Green,95.0,58.0,Round,White,PVC,Smooth,3 Core,1m,Yes,"Live,Neatural,Earth",0.75 mm²,-,-,-,-,-,-,50mm,900mm,,,Metal,PVC/Rubber Insulated,60W,220-240V,"Yes
Depend on The Switch & Bulb",50Hz,IP20,Hardwired,Pendant,Yes,Minimal,Easy,~25min,Terminal Block,Universal,"Lamp Holder, Shade Ring, Lock Nut, Cable",No,Yes,"Screwdriver,Cable Cutter",~40-42mm,Yes,"A60 
ST64 
G95
G80 & Al kind E27 bulbs",Yes,Yes,Recommended,Yes,No,No,Yes,,,,,,2.7,,,,,,,,,e27 green pendant lamp holder,glossy painted lamp holder,pendant lamp holder,"b22, floor lamp, table lamp, led bulb, shade only, e14",0.31,0.14,"green pendant lamp holder, e27 green pendant lamp holder, glossy painted pendant lamp holder, e27 pendant lamp holder round cable, pendant lamp holder 1m cable, e27 pendant lamp holder uk, pendant lamp holder, e27 pendant lamp holder, green pendant light holder, glossy painted lamp holder",,,,,,,,,,,,,,,,,,,,,,,,,,,,,,,
PHCH1PWRSBL,https://sin1.contabostorage.com/4ad62276cb6d4a83bfb1b8a91b839703:newom/newom/newom/img/product_images/2471.jpg,,Lighting Accessory,Pendant Lamp Holder,LEDSone,E27 Yellow Plastic Pendant Lamp Holder with 1m Rubber Cable,E27,Yes,1.0,0.0,M40,,Edison Screw,Yes,M10,20 mm,Yes,No,-,Smooth,Metal,PVC,PVC,Glossy painted,Blue,95.0,58.0,Round,White,PVC,Smooth,3 Core,1m,Yes,"Live,Neatural,Earth",0.75 mm²,-,-,-,-,-,-,50mm,900mm,,,Metal,PVC/Rubber Insulated,60W,220-240V,"Yes
Depend on The Switch & Bulb",50Hz,IP20,Hardwired,Pendant,Yes,Minimal,Easy,~25min,Terminal Block,Universal,"Lamp Holder, Shade Ring, Lock Nut, Cable",No,Yes,"Screwdriver,Cable Cutter",~40-42mm,Yes,"A60 
ST64 
G95
G80 & Al kind E27 bulbs",Yes,Yes,Recommended,Yes,No,No,Yes,,,,,,2.7,,,,,,,,,e27 blue pendant lamp holder,glossy painted lamp holder,pendant lamp holder,"b22, floor lamp, table lamp, led bulb, shade only, e14",0.31,0.14,"blue pendant lamp holder, e27 blue pendant lamp holder, glossy painted pendant lamp holder, e27 pendant lamp holder round cable, pendant lamp holder 1m cable, e27 pendant lamp holder uk, pendant lamp holder, e27 pendant lamp holder, blue pendant light holder, glossy painted lamp holder",,,,,,,,,,,,,,,,,,,,,,,,,,,,,,,
PHCH1PWRSPI,https://sin1.contabostorage.com/4ad62276cb6d4a83bfb1b8a91b839703:newom/newom/newom/img/product_images/3165.jpg,,Lighting Accessory,Pendant Lamp Holder,LEDSone,E27 Yellow Plastic Pendant Lamp Holder with 1m Rubber Cable,E27,Yes,1.0,0.0,M40,,Edison Screw,Yes,M10,20 mm,Yes,No,-,Smooth,Metal,PVC,PVC,Painted Pink,Pink,95.0,58.0,Round,White,PVC,Smooth,3 Core,1m,Yes,"Live,Neatural,Earth",0.75 mm²,-,-,-,-,-,-,50mm,900mm,,,Metal,PVC/Rubber Insulated,60W,220-240V,"Yes
Depend on The Switch & Bulb",50Hz,IP20,Hardwired,Pendant,Yes,Minimal,Easy,~25min,Terminal Block,Universal,"Lamp Holder, Shade Ring, Lock Nut, Cable",No,Yes,"Screwdriver,Cable Cutter",~40-42mm,Yes,"A60 
ST64 
G95
G80 & Al kind E27 bulbs",Yes,Yes,Recommended,Yes,No,No,Yes,,,,,,2.7,,,,,,,,,e27 pink pendant lamp holder,painted pink lamp holder,pendant lamp holder,"b22, floor lamp, table lamp, led bulb, shade only, e14",0.31,0.14,"pink pendant lamp holder, e27 pink pendant lamp holder, painted pink pendant lamp holder, e27 pendant lamp holder round cable, pendant lamp holder 1m cable, e27 pendant lamp holder uk, pendant lamp holder, e27 pendant lamp holder, pink pendant light holder, painted pink lamp holder",,,,,,,,,,,,,,,,,,,,,,,,,,,,,,,
PHCH1PWRSBD,https://sin1.contabostorage.com/4ad62276cb6d4a83bfb1b8a91b839703:newom/newom/newom/img/product_images/3164.jpg,,Lighting Accessory,Pendant Lamp Holder,LEDSone,E27 Yellow Plastic Pendant Lamp Holder with 1m Rubber Cable,E27,Yes,1.0,0.0,M40,,Edison Screw,Yes,M10,20 mm,Yes,No,-,Smooth,Metal,PVC,PVC,Navy Blue,Navy Blue,95.0,58.0,Round,White,PVC,Smooth,3 Core,1m,Yes,"Live,Neatural,Earth",0.75 mm²,-,-,-,-,-,-,50mm,900mm,,,Metal,PVC/Rubber Insulated,60W,220-240V,"Yes
Depend on The Switch & Bulb",50Hz,IP20,Hardwired,Pendant,Yes,Minimal,Easy,~25min,Terminal Block,Universal,"Lamp Holder, Shade Ring, Lock Nut, Cable",No,Yes,"Screwdriver,Cable Cutter",~40-42mm,Yes,"A60 
ST64 
G95
G80 & Al kind E27 bulbs",Yes,Yes,Recommended,Yes,No,No,Yes,,,,,,2.7,,,,,,,,,e27 navy blue pendant lamp holder,pendant lamp holder round cable,lamp holder with cable,"b22, floor lamp, table lamp, led bulb, shade only, e14",0.31,0.14,"navy blue pendant lamp holder, e27 navy blue pendant lamp holder, e27 pendant lamp holder round cable, pendant lamp holder 1m cable, e27 pendant lamp holder uk, pendant lamp holder, e27 pendant lamp holder, navy blue pendant light holder, navy blue lamp holder, pendant lamp holder round cable",,,,,,,,,,,,,,,,,,,,,,,,,,,,,,,
PHCH1PCTSYE,https://sin1.contabostorage.com/4ad62276cb6d4a83bfb1b8a91b839703:newom/newom/newom/img/product_images/3704.jpg,,Lighting Accessory,Pendant Lamp Holder,LEDSone,E27 Yellow Plastic Pendant Lamp Holder with 1m Twisted Fabric Cable,E27,Yes,1.0,0.0,M40,,Edison Screw,Yes,M10,20 mm,Yes,No,-,Smooth,Metal,PVC,PVC,Glossy painted,Yellow,95.0,58.0,Twisted,Yellow,Fabric Braided,Twisted Braided,3 Core,1m,Yes,"Live,Neatural,Earth",0.75 mm²,-,-,-,-,-,-,50mm,900mm,,,Metal,Fabric Braided,60W,220-240V,"Yes
Depend on The Switch & Bulb",50Hz,IP20,Hardwired,Pendant,Yes,Minimal,Easy,~25min,Terminal Block,Universal,"Lamp Holder, Shade Ring, Lock Nut, Cable",No,Yes,"Screwdriver,Cable Cutter",~40-42mm,Yes,"A60 
ST64 
G95
G80 & Al kind E27 bulbs",Yes,Yes,Recommended,Yes,No,No,Yes,,,,,,2.7,,,,,,,,,e27 yellow pendant lamp holder,glossy painted lamp holder,pendant lamp holder,"b22, floor lamp, table lamp, led bulb, shade only, e14",0.31,0.14,"yellow pendant lamp holder, e27 yellow pendant lamp holder, glossy painted pendant lamp holder, e27 pendant lamp holder twisted cable, pendant lamp holder 1m cable, e27 pendant lamp holder uk, pendant lamp holder, e27 pendant lamp holder, yellow pendant light holder, glossy painted lamp holder",,,,,,,,,,,,,,,,,,,,,,,,,,,,,,,
PHCH1PCTSGY,https://sin1.contabostorage.com/4ad62276cb6d4a83bfb1b8a91b839703:newom/newom/newom/img/product_images/3703.jpg,,Lighting Accessory,Pendant Lamp Holder,LEDSone,E27 GreyPlastic Pendant Lamp Holder with 1m Twisted Fabric Cable,E27,Yes,1.0,0.0,M40,,Edison Screw,Yes,M10,20 mm,Yes,No,-,Smooth,Metal,PVC,PVC,Matte Gray,gray,95.0,58.0,Twisted,Grey,Fabric Braided,Twisted Braided,3 Core,1m,Yes,"Live,Neatural,Earth",0.75 mm²,-,-,-,-,-,-,50mm,900mm,,,Metal,Fabric Braided,60W,220-240V,"Yes
Depend on The Switch & Bulb",50Hz,IP20,Hardwired,Pendant,Yes,Minimal,Easy,~25min,Terminal Block,Universal,"Lamp Holder, Shade Ring, Lock Nut, Cable",No,Yes,"Screwdriver,Cable Cutter",~40-42mm,Yes,"A60 
ST64 
G95
G80 & Al kind E27 bulbs",Yes,Yes,Recommended,Yes,No,No,Yes,,,,,,2.7,,,,,,,,,e27 gray pendant lamp holder,matte gray lamp holder,pendant lamp holder,"b22, floor lamp, table lamp, led bulb, shade only, e14",0.31,0.14,"gray pendant lamp holder, e27 gray pendant lamp holder, matte gray pendant lamp holder, e27 pendant lamp holder twisted cable, pendant lamp holder 1m cable, e27 pendant lamp holder uk, pendant lamp holder, e27 pendant lamp holder, gray pendant light holder, matte gray lamp holder",,,,,,,,,,,,,,,,,,,,,,,,,,,,,,,
PHCH1PCTSDG,https://sin1.contabostorage.com/4ad62276cb6d4a83bfb1b8a91b839703:newom/newom/newom/img/product_images/3702.jpg,,Lighting Accessory,Pendant Lamp Holder,LEDSone,E27 Green Plastic Pendant Lamp Holder with 1m Twisted Fabric Cable,E27,Yes,1.0,0.0,M40,,Edison Screw,Yes,M10,20 mm,Yes,No,-,Smooth,Metal,PVC,PVC,Green,Green,95.0,58.0,Twisted,Green,Fabric Braided,Twisted Braided,3 Core,1m,Yes,"Live,Neatural,Earth",0.75 mm²,-,-,-,-,-,-,50mm,900mm,,,Metal,Fabric Braided,60W,220-240V,"Yes
Depend on The Switch & Bulb",50Hz,IP20,Hardwired,Pendant,Yes,Minimal,Easy,~25min,Terminal Block,Universal,"Lamp Holder, Shade Ring, Lock Nut, Cable",No,Yes,"Screwdriver,Cable Cutter",~40-42mm,Yes,"A60 
ST64 
G95
G80 & Al kind E27 bulbs",Yes,Yes,Recommended,Yes,No,No,Yes,,,,,,2.7,,,,,,,,,e27 green pendant lamp holder,pendant lamp holder twisted cable,lamp holder with cable,"b22, floor lamp, table lamp, led bulb, shade only, e14",0.31,0.14,"green pendant lamp holder, e27 green pendant lamp holder, e27 pendant lamp holder twisted cable, pendant lamp holder 1m cable, e27 pendant lamp holder uk, pendant lamp holder, e27 pendant lamp holder, green pendant light holder, green lamp holder, pendant lamp holder twisted cable",,,,,,,,,,,,,,,,,,,,,,,,,,,,,,,
PHCH1PCTSRE,https://sin1.contabostorage.com/4ad62276cb6d4a83bfb1b8a91b839703:newom/newom/newom/img/product_images/3701.jpg,,Lighting Accessory,Pendant Lamp Holder,LEDSone,E27 Red Plastic Pendant Lamp Holder with 1m Twisted Fabric Cable,E27,Yes,1.0,0.0,M40,,Edison Screw,Yes,M10,20 mm,Yes,No,-,Smooth,Metal,PVC,PVC,Gloss Plastic Finish,Red,95.0,58.0,Twisted,Red,Fabric Braided,Twisted Braided,3 Core,1m,Yes,"Live,Neatural,Earth",0.75 mm²,-,-,-,-,-,-,50mm,900mm,,,Metal,Fabric Braided,60W,220-240V,"Yes
Depend on The Switch & Bulb",50Hz,IP20,Hardwired,Pendant,Yes,Minimal,Easy,~25min,Terminal Block,Universal,"Lamp Holder, Shade Ring, Lock Nut, Cable",No,Yes,"Screwdriver,Cable Cutter",~40-42mm,Yes,"A60 
ST64 
G95
G80 & Al kind E27 bulbs",Yes,Yes,Recommended,Yes,No,No,Yes,,,,,,2.7,,,,,,,,,e27 red pendant lamp holder,gloss plastic finish lamp holder,pendant lamp holder,"b22, floor lamp, table lamp, led bulb, shade only, e14",0.31,0.14,"red pendant lamp holder, e27 red pendant lamp holder, gloss plastic finish pendant lamp holder, e27 pendant lamp holder twisted cable, pendant lamp holder 1m cable, e27 pendant lamp holder uk, pendant lamp holder, e27 pendant lamp holder, red pendant light holder, gloss plastic finish lamp holder",,,,,,,,,,,,,,,,,,,,,,,,,,,,,,,
PHCH1PCTSBM,https://sin1.contabostorage.com/4ad62276cb6d4a83bfb1b8a91b839703:newom/newom/newom/img/product_images/3700.jpg,,Lighting Accessory,Pendant Lamp Holder,LEDSone,E27 BLACK Pendant Lamp Holder with 1m Braided Cable,E27,Yes,1.0,0.0,M40,,Edison Screw,Yes,M10,20 mm,Yes,No,-,Smooth,Metal,PVC,PVC,Matte Black,Black,95.0,58.0,Twisted,Black,Fabric Braided,Twisted Braided,3 Core,1m,Yes,"Live,Neatural,Earth",0.75 mm²,-,-,-,-,-,-,50mm,900mm,,,Metal,Fabric Braided,60W,220-240V,"Yes
Depend on The Switch & Bulb",50Hz,IP20,Hardwired,Pendant,Yes,Minimal,Easy,~25min,Terminal Block,Universal,"Lamp Holder, Shade Ring, Lock Nut, Cable",No,Yes,"Screwdriver,Cable Cutter",~40-42mm,Yes,"A60 
ST64 
G95
G80 & Al kind E27 bulbs",Yes,Yes,Recommended,Yes,No,No,Yes,,,,,,2.7,,,,,,,,,e27 black pendant lamp holder,matte black lamp holder,pendant lamp holder,"b22, floor lamp, table lamp, led bulb, shade only, e14",0.31,0.14,"black pendant lamp holder, e27 black pendant lamp holder, matte black pendant lamp holder, e27 pendant lamp holder twisted cable, pendant lamp holder 1m cable, e27 pendant lamp holder uk, pendant lamp holder, e27 pendant lamp holder, black pendant light holder, matte black lamp holder",,,,,,,,,,,,,,,,,,,,,,,,,,,,,,,
PHRH1PBRGD,https://sin1.contabostorage.com/4ad62276cb6d4a83bfb1b8a91b839703:newom/newom/newom/img/product_images/828.jpg,,Lighting Accessory,Pendant Lamp Holder,LEDSone,E27 GoldPendant Lamp Holder with 1m Round Cable,E27,Yes,1.0,0.0,M40,,Edison Screw,Yes,M10,20 mm,Yes,No,-,Smooth Eltro PLated,Metal,PVC,PVC,Gold / Metallic,Gold,60.0,60.0,Round,Black,PVC,Smooth,3 Core,1m,Yes,"Live,Neatural,Earth",0.75 mm²,-,-,-,-,-,-,50mm,900mm,,,Metal,PVC/Rubber Insulated,60W,220-240V,"Yes
Depend on The Switch & Bulb",50Hz,IP20,Hardwired,Pendant,Yes,Minimal,Easy,~25min,Terminal Block,Universal,"Lamp Holder, Shade Ring, Lock Nut, Cable",No,Yes,"Screwdriver,Cable Cutter",~40-42mm,Yes,"A60 
ST64 
G95
G80 & Al kind E27 bulbs",Yes,Yes,Recommended,Yes,No,No,Yes,,,,,,2.7,,,,,,,,,e27 gold pendant lamp holder,gold / metallic lamp holder,pendant lamp holder,"b22, floor lamp, table lamp, led bulb, shade only, e14",0.31,0.14,"gold pendant lamp holder, e27 gold pendant lamp holder, gold / metallic pendant lamp holder, e27 pendant lamp holder round cable, pendant lamp holder 1m cable, e27 pendant lamp holder uk, pendant lamp holder, e27 pendant lamp holder, gold pendant light holder, gold / metallic lamp holder",,,,,,,,,,,,,,,,,,,,,,,,,,,,,,,
PHRH1PBRCO,https://sin1.contabostorage.com/4ad62276cb6d4a83bfb1b8a91b839703:newom/newom/newom/img/product_images/827.jpg,,Lighting Accessory,Pendant Lamp Holder,LEDSone,E27 Copper Pendant Lamp Holder with 1m Round Cable,E27,Yes,1.0,0.0,M40,,Edison Screw,Yes,M10,20 mm,Yes,No,-,Smooth Eltro PLated,Metal,PVC,PVC,Brass,Copper,60.0,60.0,Round,Black,PVC,Smooth,3 Core,1m,Yes,"Live,Neatural,Earth",0.75 mm²,-,-,-,-,-,-,50mm,900mm,,,Metal,PVC/Rubber Insulated,60W,220-240V,"Yes
Depend on The Switch & Bulb",50Hz,IP20,Hardwired,Pendant,Yes,Minimal,Easy,~25min,Terminal Block,Universal,"Lamp Holder, Shade Ring, Lock Nut, Cable",No,Yes,"Screwdriver,Cable Cutter",~40-42mm,Yes,"A60 
ST64 
G95
G80 & Al kind E27 bulbs",Yes,Yes,Recommended,Yes,No,No,Yes,,,,,,2.7,,,,,,,,,e27 copper pendant lamp holder,brass lamp holder,pendant lamp holder,"b22, floor lamp, table lamp, led bulb, shade only, e14",0.31,0.14,"copper pendant lamp holder, e27 copper pendant lamp holder, brass pendant lamp holder, e27 pendant lamp holder round cable, pendant lamp holder 1m cable, e27 pendant lamp holder uk, pendant lamp holder, e27 pendant lamp holder, copper pendant light holder, brass lamp holder",,,,,,,,,,,,,,,,,,,,,,,,,,,,,,,
PHRH1PWRWH,https://sin1.contabostorage.com/4ad62276cb6d4a83bfb1b8a91b839703:newom/newom/newom/img/product_images/2519.jpg,,Lighting Accessory,Pendant Lamp Holder,LEDSone,E27  Pendant Lamp Holder with 1m Round PVC Cable,E27,Yes,1.0,0.0,M40,,Edison Screw,Yes,M10,20 mm,Yes,No,-,Smooth,Metal,PVC,PVC,Painetd White,White,60.0,60.0,Round,Black,PVC,Smooth,3 Core,1m,Yes,"Live,Neatural,Earth",0.75 mm²,-,-,-,-,-,-,50mm,900mm,,,Metal,PVC/Rubber Insulated,60W,220-240V,"Yes
Depend on The Switch & Bulb",50Hz,IP20,Hardwired,Pendant,Yes,Minimal,Easy,~25min,Terminal Block,Universal,"Lamp Holder, Shade Ring, Lock Nut, Cable",No,Yes,"Screwdriver,Cable Cutter",~40-42mm,Yes,"A60 
ST64 
G95
G80 & Al kind E27 bulbs",Yes,Yes,Recommended,Yes,No,No,Yes,,,,,,2.7,,,,,,,,,e27 white pendant lamp holder,painetd white lamp holder,pendant lamp holder,"b22, floor lamp, table lamp, led bulb, shade only, e14",0.31,0.14,"white pendant lamp holder, e27 white pendant lamp holder, painetd white pendant lamp holder, e27 pendant lamp holder round cable, pendant lamp holder 1m cable, e27 pendant lamp holder uk, pendant lamp holder, e27 pendant lamp holder, white pendant light holder, painetd white lamp holder",,,,,,,,,,,,,,,,,,,,,,,,,,,,,,,
PHRI1PBRBA,https://sin1.contabostorage.com/4ad62276cb6d4a83bfb1b8a91b839703:newom/newom/newom/img/product_images/313.jpg,,Lighting Accessory,Pendant Lamp Holder,LEDSone,E27 Shiny Black Pendant Lamp Holder with 1m Round PVC Cable,E27,Yes,1.0,0.0,M40,,Edison Screw,Yes,M10,20 mm,Yes,No,-,Smooth,Metal,PVC,PVC,Shiny Black,Black,60.0,60.0,Round,Black,PVC,Smooth,3 Core,1m,Yes,"Live,Neatural,Earth",0.75 mm²,-,-,-,-,-,-,50mm,900mm,,,Metal,PVC/Rubber Insulated,60W,220-240V,"Yes
Depend on The Switch & Bulb",50Hz,IP20,Hardwired,Pendant,Yes,Minimal,Easy,~25min,Terminal Block,Universal,"Lamp Holder, Shade Ring, Lock Nut, Cable",No,Yes,"Screwdriver,Cable Cutter",~40-42mm,Yes,"A60 
ST64 
G95
G80 & Al kind E27 bulbs",Yes,Yes,Recommended,Yes,No,No,Yes,,,,,,2.7,,,,,,,,,e27 black pendant lamp holder,shiny black lamp holder,pendant lamp holder,"b22, floor lamp, table lamp, led bulb, shade only, e14",0.31,0.14,"black pendant lamp holder, e27 black pendant lamp holder, shiny black pendant lamp holder, e27 pendant lamp holder round cable, pendant lamp holder 1m cable, e27 pendant lamp holder uk, pendant lamp holder, e27 pendant lamp holder, black pendant light holder, shiny black lamp holder",,,,,,,,,,,,,,,,,,,,,,,,,,,,,,,
PHRI1PBRFG,https://sin1.contabostorage.com/4ad62276cb6d4a83bfb1b8a91b839703:newom/newom/newom/img/product_images/2591.jpg,,Lighting Accessory,Pendant Lamp Holder,LEDSone,E27 French Gold Pendant Lamp Holder with 1m Round PVC Cable,E27,Yes,1.0,0.0,M40,,Edison Screw,Yes,M10,20 mm,Yes,No,-,Smooth Eltro PLated,Metal,PVC,PVC,French Gold (Rose Gold Tone),French Gold,60.0,60.0,Round,Black,PVC,Smooth,3 Core,1m,Yes,"Live,Neatural,Earth",0.75 mm²,-,-,-,-,-,-,50mm,900mm,,,Metal,PVC/Rubber Insulated,60W,220-240V,"Yes
Depend on The Switch & Bulb",50Hz,IP20,Hardwired,Pendant,Yes,Minimal,Easy,~25min,Terminal Block,Universal,"Lamp Holder, Shade Ring, Lock Nut, Cable",No,Yes,"Screwdriver,Cable Cutter",~40-42mm,Yes,"A60 
ST64 
G95
G80 & Al kind E27 bulbs",Yes,Yes,Recommended,Yes,No,No,Yes,,,,,,2.7,,,,,,,,,e27 french gold pendant lamp holder,french gold (rose gold tone) lamp holder,pendant lamp holder,"b22, floor lamp, table lamp, led bulb, shade only, e14",0.31,0.14,"french gold pendant lamp holder, e27 french gold pendant lamp holder, french gold (rose gold tone) pendant lamp holder, e27 pendant lamp holder round cable, pendant lamp holder 1m cable, e27 pendant lamp holder uk, pendant lamp holder, e27 pendant lamp holder, french gold pendant light holder, french gold (rose gold tone) lamp holder",,,,,,,,,,,,,,,,,,,,,,,,,,,,,,,
PHRI1PBRGB,https://sin1.contabostorage.com/4ad62276cb6d4a83bfb1b8a91b839703:newom/newom/newom/img/product_images/2590.jpg,,Lighting Accessory,Pendant Lamp Holder,LEDSone,E27 Green BrassPendant Lamp Holder with 1m Round PVC Cable,E27,Yes,1.0,0.0,M40,,Edison Screw,Yes,M10,20 mm,Yes,No,-,Smooth Eltro PLated,Metal,PVC,PVC,Brass,Green Brass,60.0,60.0,Round,Black,PVC,Smooth,3 Core,1m,Yes,"Live,Neatural,Earth",0.75 mm²,-,-,-,-,-,-,50mm,900mm,,,Metal,PVC/Rubber Insulated,60W,220-240V,"Yes
Depend on The Switch & Bulb",50Hz,IP20,Hardwired,Pendant,Yes,Minimal,Easy,~25min,Terminal Block,Universal,"Lamp Holder, Shade Ring, Lock Nut, Cable",No,Yes,"Screwdriver,Cable Cutter",~40-42mm,Yes,"A60 
ST64 
G95
G80 & Al kind E27 bulbs",Yes,Yes,Recommended,Yes,No,No,Yes,,,,,,2.7,,,,,,,,,e27 green brass pendant lamp holder,brass lamp holder,pendant lamp holder,"b22, floor lamp, table lamp, led bulb, shade only, e14",0.31,0.14,"green brass pendant lamp holder, e27 green brass pendant lamp holder, brass pendant lamp holder, e27 pendant lamp holder round cable, pendant lamp holder 1m cable, e27 pendant lamp holder uk, pendant lamp holder, e27 pendant lamp holder, green brass pendant light holder, brass lamp holder",,,,,,,,,,,,,,,,,,,,,,,,,,,,,,,
PHRI1PBRBY,https://sin1.contabostorage.com/4ad62276cb6d4a83bfb1b8a91b839703:newom/newom/newom/img/product_images/2589.jpg,,Lighting Accessory,Pendant Lamp Holder,LEDSone,E27Shiny BlackPendant Lamp Holder with 1m Round Cable,E27,Yes,1.0,0.0,M40,,Edison Screw,Yes,M10,20 mm,Yes,No,-,,Metal,PVC,PVC,Gloss,Blacks,60.0,60.0,Round,Black,PVC,Smooth,3 Core,1m,Yes,"Live,Neatural,Earth",0.75 mm²,-,-,-,-,-,-,50mm,900mm,,,Metal,PVC/Rubber Insulated,60W,220-240V,"Yes
Depend on The Switch & Bulb",50Hz,IP20,Hardwired,Pendant,Yes,Minimal,Easy,~25min,Terminal Block,Universal,"Lamp Holder, Shade Ring, Lock Nut, Cable",No,Yes,"Screwdriver,Cable Cutter",~40-42mm,Yes,"A60 
ST64 
G95
G80 & Al kind E27 bulbs",Yes,Yes,Recommended,Yes,No,No,Yes,,,,,,2.7,,,,,,,,,e27 blacks pendant lamp holder,gloss lamp holder,pendant lamp holder,"b22, floor lamp, table lamp, led bulb, shade only, e14",0.31,0.14,"blacks pendant lamp holder, e27 blacks pendant lamp holder, gloss pendant lamp holder, e27 pendant lamp holder round cable, pendant lamp holder 1m cable, e27 pendant lamp holder uk, pendant lamp holder, e27 pendant lamp holder, blacks pendant light holder, gloss lamp holder",,,,,,,,,,,,,,,,,,,,,,,,,,,,,,,
PHRI1PBRRO,https://sin1.contabostorage.com/4ad62276cb6d4a83bfb1b8a91b839703:newom/newom/newom/img/product_images/2588.jpg,,Lighting Accessory,Pendant Lamp Holder,LEDSone,E27 rOSE GOLD Pendant Lamp Holder with 1m Round Cable,E27,Yes,1.0,0.0,M40,,Edison Screw,Yes,M10,20 mm,Yes,No,-,Smooth Eltro Plated,Metal,PVC,PVC,Rose Gold,Rose Gold,60.0,60.0,Round,Black,PVC,Smooth,3 Core,1m,Yes,"Live,Neatural,Earth",0.75 mm²,-,-,-,-,-,-,50mm,900mm,,,Metal,PVC/Rubber Insulated,60W,220-240V,"Yes
Depend on The Switch & Bulb",50Hz,IP20,Hardwired,Pendant,Yes,Minimal,Easy,~25min,Terminal Block,Universal,"Lamp Holder, Shade Ring, Lock Nut, Cable",No,Yes,"Screwdriver,Cable Cutter",~40-42mm,Yes,"A60 
ST64 
G95
G80 & Al kind E27 bulbs",Yes,Yes,Recommended,Yes,No,No,Yes,,,,,,2.7,,,,,,,,,e27 rose gold pendant lamp holder,pendant lamp holder round cable,lamp holder with cable,"b22, floor lamp, table lamp, led bulb, shade only, e14",0.31,0.14,"rose gold pendant lamp holder, e27 rose gold pendant lamp holder, e27 pendant lamp holder round cable, pendant lamp holder 1m cable, e27 pendant lamp holder uk, pendant lamp holder, e27 pendant lamp holder, rose gold pendant light holder, rose gold lamp holder, pendant lamp holder round cable",,,,,,,,,,,,,,,,,,,,,,,,,,,,,,,
PHRI1PBRCO,https://sin1.contabostorage.com/4ad62276cb6d4a83bfb1b8a91b839703:newom/newom/newom/img/product_images/2587.jpg,,Lighting Accessory,Pendant Lamp Holder,LEDSone,E27 Copper Pendant Lamp Holder with 1m Round Cable,E27,Yes,1.0,0.0,M40,,Edison Screw,Yes,M10,20 mm,Yes,No,-,Smooth Eltro Plated,Metal,PVC,PVC,Brass,Copper,60.0,60.0,Round,Black,PVC,Smooth,3 Core,1m,Yes,"Live,Neatural,Earth",0.75 mm²,-,-,-,-,-,-,50mm,900mm,,,Metal,PVC/Rubber Insulated,60W,220-240V,"Yes
Depend on The Switch & Bulb",50Hz,IP20,Hardwired,Pendant,Yes,Minimal,Easy,~25min,Terminal Block,Universal,"Lamp Holder, Shade Ring, Lock Nut, Cable",No,Yes,"Screwdriver,Cable Cutter",~40-42mm,Yes,"A60 
ST64 
G95
G80 & Al kind E27 bulbs",Yes,Yes,Recommended,Yes,No,No,Yes,,,,,,2.7,,,,,,,,,e27 copper pendant lamp holder,brass lamp holder,pendant lamp holder,"b22, floor lamp, table lamp, led bulb, shade only, e14",0.31,0.14,"copper pendant lamp holder, e27 copper pendant lamp holder, brass pendant lamp holder, e27 pendant lamp holder round cable, pendant lamp holder 1m cable, e27 pendant lamp holder uk, pendant lamp holder, e27 pendant lamp holder, copper pendant light holder, brass lamp holder",,,,,,,,,,,,,,,,,,,,,,,,,,,,,,,
PHRI1PBRYB,https://sin1.contabostorage.com/4ad62276cb6d4a83bfb1b8a91b839703:newom/newom/newom/img/product_images/2586.jpg,,Lighting Accessory,Pendant Lamp Holder,LEDSone,E27 Yellow Brass Pendant Lamp Holder with 1m Twisted Cable,E27,Yes,1.0,0.0,M40,,Edison Screw,Yes,M10,20 mm,Yes,No,-,Smooth Eltro Plated,Metal,PVC,PVC,Brass,Yellow Brass,60.0,60.0,Round,Black,PVC,Smooth,3 Core,1m,Yes,"Live,Neatural,Earth",0.75 mm²,-,-,-,-,-,-,50mm,900mm,,,Metal,PVC/Rubber Insulated,60W,220-240V,"Yes
Depend on The Switch & Bulb",50Hz,IP20,Hardwired,Pendant,Yes,Minimal,Easy,~25min,Terminal Block,Universal,"Lamp Holder, Shade Ring, Lock Nut, Cable",No,Yes,"Screwdriver,Cable Cutter",~40-42mm,Yes,"A60 
ST64 
G95
G80 & Al kind E27 bulbs",Yes,Yes,Recommended,Yes,No,No,Yes,,,,,,2.7,,,,,,,,,e27 yellow brass pendant lamp holder,brass lamp holder,pendant lamp holder,"b22, floor lamp, table lamp, led bulb, shade only, e14",0.31,0.14,"yellow brass pendant lamp holder, e27 yellow brass pendant lamp holder, brass pendant lamp holder, e27 pendant lamp holder round cable, pendant lamp holder 1m cable, e27 pendant lamp holder uk, pendant lamp holder, e27 pendant lamp holder, yellow brass pendant light holder, brass lamp holder",,,,,,,,,,,,,,,,,,,,,,,,,,,,,,,
PHRI1PCRCH,https://sin1.contabostorage.com/4ad62276cb6d4a83bfb1b8a91b839703:newom/newom/newom/img/product_images/2585.jpg,,Lighting Accessory,Pendant Lamp Holder,LEDSone,E27 Chrome Pendant Lamp Holder with 1m Braided Cable,E27,Yes,1.0,0.0,M40,,Edison Screw,Yes,M10,20 mm,Yes,No,-,Smooth Eltro Plated,Metal,PVC,PVC,Polished Chrome,Silver,60.0,60.0,Round,Clear,PVC,Smooth,3 Core,1m,Yes,"Live,Neatural,Earth",0.75 mm²,-,-,-,-,-,-,50mm,900mm,,,Metal,PVC/Rubber Insulated,60W,220-240V,"Yes
Depend on The Switch & Bulb",50Hz,IP20,Hardwired,Pendant,Yes,Minimal,Easy,~25min,Terminal Block,Universal,"Lamp Holder, Shade Ring, Lock Nut, Cable",No,Yes,"Screwdriver,Cable Cutter",~40-42mm,Yes,"A60 
ST64 
G95
G80 & Al kind E27 bulbs",Yes,Yes,Recommended,Yes,No,No,Yes,,,,,,2.7,,,,,,,,,e27 silver pendant lamp holder,polished chrome lamp holder,pendant lamp holder,"b22, floor lamp, table lamp, led bulb, shade only, e14",0.31,0.14,"silver pendant lamp holder, e27 silver pendant lamp holder, polished chrome pendant lamp holder, e27 pendant lamp holder round cable, pendant lamp holder 1m cable, e27 pendant lamp holder uk, pendant lamp holder, e27 pendant lamp holder, silver pendant light holder, polished chrome lamp holder",,,,,,,,,,,,,,,,,,,,,,,,,,,,,,,
PHRI1PCRSN,https://sin1.contabostorage.com/4ad62276cb6d4a83bfb1b8a91b839703:newom/newom/newom/img/product_images/2584.jpg,,Lighting Accessory,Pendant Lamp Holder,LEDSone,E27 Antique Silver Metal Lampholder,E27,Yes,1.0,0.0,M40,,Edison Screw,Yes,M10,20 mm,Yes,No,-,Smooth Eltro Plated,Metal,PVC,PVC,Brass,Satinnickle,60.0,60.0,Round,Clear,PVC,Smooth,3 Core,1m,Yes,"Live,Neatural,Earth",0.75 mm²,-,-,-,-,-,-,50mm,900mm,,,Metal,PVC/Rubber Insulated,60W,220-240V,"Yes
Depend on The Switch & Bulb",50Hz,IP20,Hardwired,Pendant,Yes,Minimal,Easy,~25min,Terminal Block,Universal,"Lamp Holder, Shade Ring, Lock Nut, Cable",No,Yes,"Screwdriver,Cable Cutter",~40-42mm,Yes,"A60 
ST64 
G95
G80 & Al kind E27 bulbs",Yes,Yes,Recommended,Yes,No,No,Yes,,,,,,2.7,,,,,,,,,e27 satinnickle pendant lamp holder,brass lamp holder,pendant lamp holder,"b22, floor lamp, table lamp, led bulb, shade only, e14",0.31,0.14,"satinnickle pendant lamp holder, e27 satinnickle pendant lamp holder, brass pendant lamp holder, e27 pendant lamp holder round cable, pendant lamp holder 1m cable, e27 pendant lamp holder uk, pendant lamp holder, e27 pendant lamp holder, satinnickle pendant light holder, brass lamp holder",,,,,,,,,,,,,,,,,,,,,,,,,,,,,,,
PHUP1PCRSN,https://sin1.contabostorage.com/4ad62276cb6d4a83bfb1b8a91b839703:newom/newom/newom/img/product_images/3404.jpg,,Lighting Accessory,Pendant Lamp Holder,LEDSone,E27 Antique Silver Metal Lampholder,E27,Yes,1.0,0.0,M40,,Edison Screw,Yes,M10,20 mm,Yes,No,-,Smooth Eltro Plated,Metal,PVC,PVC,Brass,Satinnickle,60.0,40.0,Round,Clear,PVC,Smooth,3 Core,1m,Yes,"Live,Neatural,Earth",0.75 mm²,-,-,-,-,-,-,50mm,900mm,,,Metal,PVC/Rubber Insulated,60W,220-240V,"Yes
Depend on The Switch & Bulb",50Hz,IP20,Hardwired,Pendant,Yes,Minimal,Easy,~25min,Terminal Block,Universal,"Lamp Holder, Shade Ring, Lock Nut, Cable",No,Yes,"Screwdriver,Cable Cutter",~40-42mm,Yes,"A60 
ST64 
G95
G80 & Al kind E27 bulbs",Yes,Yes,Recommended,Yes,No,No,Yes,,,,,,2.7,,,,,,,,,e27 satinnickle pendant lamp holder,brass lamp holder,pendant lamp holder,"b22, floor lamp, table lamp, led bulb, shade only, e14",0.31,0.14,"satinnickle pendant lamp holder, e27 satinnickle pendant lamp holder, brass pendant lamp holder, e27 pendant lamp holder round cable, pendant lamp holder 1m cable, e27 pendant lamp holder uk, pendant lamp holder, e27 pendant lamp holder, satinnickle pendant light holder, brass lamp holder",,,,,,,,,,,,,,,,,,,,,,,,,,,,,,,
PHUP1PBRGB,https://sin1.contabostorage.com/4ad62276cb6d4a83bfb1b8a91b839703:newom/newom/newom/img/product_images/734.jpg,,Lighting Accessory,Pendant Lamp Holder,LEDSone,E27 Green BrassPendant Lamp Holder with 1m Round PVC Cable,E27,Yes,1.0,0.0,M40,,Edison Screw,Yes,M10,20 mm,Yes,No,-,Smooth Eltro Plated,Metal,PVC,PVC,Brass,Green Brass,60.0,40.0,Round,Black,PVC,Smooth,3 Core,1m,Yes,"Live,Neatural,Earth",0.75 mm²,-,-,-,-,-,-,50mm,900mm,,,Metal,PVC/Rubber Insulated,60W,220-240V,"Yes
Depend on The Switch & Bulb",50Hz,IP20,Hardwired,Pendant,Yes,Minimal,Easy,~25min,Terminal Block,Universal,"Lamp Holder, Shade Ring, Lock Nut, Cable",No,Yes,"Screwdriver,Cable Cutter",~40-42mm,Yes,"A60 
ST64 
G95
G80 & Al kind E27 bulbs",Yes,Yes,Recommended,Yes,No,No,Yes,,,,,,2.7,,,,,,,,,e27 green brass pendant lamp holder,brass lamp holder,pendant lamp holder,"b22, floor lamp, table lamp, led bulb, shade only, e14",0.31,0.14,"green brass pendant lamp holder, e27 green brass pendant lamp holder, brass pendant lamp holder, e27 pendant lamp holder round cable, pendant lamp holder 1m cable, e27 pendant lamp holder uk, pendant lamp holder, e27 pendant lamp holder, green brass pendant light holder, brass lamp holder",,,,,,,,,,,,,,,,,,,,,,,,,,,,,,,
PHUP1PBRCO,https://sin1.contabostorage.com/4ad62276cb6d4a83bfb1b8a91b839703:newom/newom/newom/img/product_images/733.jpg,,Lighting Accessory,Pendant Lamp Holder,LEDSone,E27 Copper Pendant Lamp Holder with 1m Round Cable,E27,Yes,1.0,0.0,M40,,Edison Screw,Yes,M10,20 mm,Yes,No,-,Smooth Eltro Plated,Metal,PVC,PVC,Brass,Copper,60.0,40.0,Round,Black,PVC,Smooth,3 Core,1m,Yes,"Live,Neatural,Earth",0.75 mm²,-,-,-,-,-,-,50mm,900mm,,,Metal,PVC/Rubber Insulated,60W,220-240V,"Yes
Depend on The Switch & Bulb",50Hz,IP20,Hardwired,Pendant,Yes,Minimal,Easy,~25min,Terminal Block,Universal,"Lamp Holder, Shade Ring, Lock Nut, Cable",No,Yes,"Screwdriver,Cable Cutter",~40-42mm,Yes,"A60 
ST64 
G95
G80 & Al kind E27 bulbs",Yes,Yes,Recommended,Yes,No,No,Yes,,,,,,2.7,,,,,,,,,e27 copper pendant lamp holder,brass lamp holder,pendant lamp holder,"b22, floor lamp, table lamp, led bulb, shade only, e14",0.31,0.14,"copper pendant lamp holder, e27 copper pendant lamp holder, brass pendant lamp holder, e27 pendant lamp holder round cable, pendant lamp holder 1m cable, e27 pendant lamp holder uk, pendant lamp holder, e27 pendant lamp holder, copper pendant light holder, brass lamp holder",,,,,,,,,,,,,,,,,,,,,,,,,,,,,,,
PHUP1PCRCH,https://sin1.contabostorage.com/4ad62276cb6d4a83bfb1b8a91b839703:newom/newom/newom/img/product_images/732.jpg,,Lighting Accessory,Pendant Lamp Holder,LEDSone,E27 Chrome Pendant Lamp Holder with 1m Braided Cable,E27,Yes,1.0,0.0,M40,,Edison Screw,Yes,M10,20 mm,Yes,No,-,Smooth Eltro Plated,Metal,PVC,PVC,Polished Chrome,Silver,60.0,40.0,Round,Clear,PVC,Smooth,3 Core,1m,Yes,"Live,Neatural,Earth",0.75 mm²,-,-,-,-,-,-,50mm,900mm,,,Metal,PVC/Rubber Insulated,60W,220-240V,"Yes
Depend on The Switch & Bulb",50Hz,IP20,Hardwired,Pendant,Yes,Minimal,Easy,~25min,Terminal Block,Universal,"Lamp Holder, Shade Ring, Lock Nut, Cable",No,Yes,"Screwdriver,Cable Cutter",~40-42mm,Yes,"A60 
ST64 
G95
G80 & Al kind E27 bulbs",Yes,Yes,Recommended,Yes,No,No,Yes,,,,,,2.7,,,,,,,,,e27 silver pendant lamp holder,polished chrome lamp holder,pendant lamp holder,"b22, floor lamp, table lamp, led bulb, shade only, e14",0.31,0.14,"silver pendant lamp holder, e27 silver pendant lamp holder, polished chrome pendant lamp holder, e27 pendant lamp holder round cable, pendant lamp holder 1m cable, e27 pendant lamp holder uk, pendant lamp holder, e27 pendant lamp holder, silver pendant light holder, polished chrome lamp holder",,,,,,,,,,,,,,,,,,,,,,,,,,,,,,,
PHUP1PWRWH,https://sin1.contabostorage.com/4ad62276cb6d4a83bfb1b8a91b839703:newom/newom/newom/img/product_images/731.jpg,,Lighting Accessory,Pendant Lamp Holder,LEDSone,E27 Plastic Lampholder (,E27,Yes,1.0,0.0,M40,,Edison Screw,Yes,M10,20 mm,Yes,No,-,Smooth Eltro Plated,Metal,PVC,PVC,Painetd White,White,60.0,40.0,Round,White,PVC,Smooth,3 Core,1m,Yes,"Live,Neatural,Earth",0.75 mm²,-,-,-,-,-,-,50mm,900mm,,,Metal,PVC/Rubber Insulated,60W,220-240V,"Yes
Depend on The Switch & Bulb",50Hz,IP20,Hardwired,Pendant,Yes,Minimal,Easy,~25min,Terminal Block,Universal,"Lamp Holder, Shade Ring, Lock Nut, Cable",No,Yes,"Screwdriver,Cable Cutter",~40-42mm,Yes,"A60 
ST64 
G95
G80 & Al kind E27 bulbs",Yes,Yes,Recommended,Yes,No,No,Yes,,,,,,2.7,,,,,,,,,e27 white pendant lamp holder,painetd white lamp holder,pendant lamp holder,"b22, floor lamp, table lamp, led bulb, shade only, e14",0.31,0.14,"white pendant lamp holder, e27 white pendant lamp holder, painetd white pendant lamp holder, e27 pendant lamp holder round cable, pendant lamp holder 1m cable, e27 pendant lamp holder uk, pendant lamp holder, e27 pendant lamp holder, white pendant light holder, painetd white lamp holder",,,,,,,,,,,,,,,,,,,,,,,,,,,,,,,
PHUP1PBRBM,https://sin1.contabostorage.com/4ad62276cb6d4a83bfb1b8a91b839703:newom/newom/newom/img/product_images/730.jpg,,Lighting Accessory,Pendant Lamp Holder,LEDSone,E27 Plastic Lampholder (,E27,Yes,1.0,0.0,M40,,Edison Screw,Yes,M10,20 mm,Yes,No,-,Smooth Eltro Plated,Metal,PVC,PVC,Matte Black,Black,60.0,40.0,Round,Black,PVC,Smooth,3 Core,1m,Yes,"Live,Neatural,Earth",0.75 mm²,-,-,-,-,-,-,50mm,900mm,,,Metal,PVC/Rubber Insulated,60W,220-240V,"Yes
Depend on The Switch & Bulb",50Hz,IP20,Hardwired,Pendant,Yes,Minimal,Easy,~25min,Terminal Block,Universal,"Lamp Holder, Shade Ring, Lock Nut, Cable",No,Yes,"Screwdriver,Cable Cutter",~40-42mm,Yes,"A60 
ST64 
G95
G80 & Al kind E27 bulbs",Yes,Yes,Recommended,Yes,No,No,Yes,,,,,,2.7,,,,,,,,,e27 black pendant lamp holder,matte black lamp holder,pendant lamp holder,"b22, floor lamp, table lamp, led bulb, shade only, e14",0.31,0.14,"black pendant lamp holder, e27 black pendant lamp holder, matte black pendant lamp holder, e27 pendant lamp holder round cable, pendant lamp holder 1m cable, e27 pendant lamp holder uk, pendant lamp holder, e27 pendant lamp holder, black pendant light holder, matte black lamp holder",,,,,,,,,,,,,,,,,,,,,,,,,,,,,,,
PHUP1PBRYB,https://sin1.contabostorage.com/4ad62276cb6d4a83bfb1b8a91b839703:newom/newom/newom/img/product_images/2466.jpg,,Lighting Accessory,Pendant Lamp Holder,LEDSone,E27 Yellow Brass Pendant Lamp Holder with 1m Twisted Cable,E27,Yes,1.0,0.0,M40,,Edison Screw,Yes,M10,20 mm,Yes,No,-,Smooth Eltro Plated,Metal,PVC,PVC,Brass,Yellow Brass,60.0,40.0,Round,Black,PVC,Smooth,3 Core,1m,Yes,"Live,Neatural,Earth",0.75 mm²,-,-,-,-,-,-,50mm,900mm,,,Metal,PVC/Rubber Insulated,60W,220-240V,"Yes
Depend on The Switch & Bulb",50Hz,IP20,Hardwired,Pendant,Yes,Minimal,Easy,~25min,Terminal Block,Universal,"Lamp Holder, Shade Ring, Lock Nut, Cable",No,Yes,"Screwdriver,Cable Cutter",~40-42mm,Yes,"A60 
ST64 
G95
G80 & Al kind E27 bulbs",Yes,Yes,Recommended,Yes,No,No,Yes,,,,,,2.7,,,,,,,,,e27 yellow brass pendant lamp holder,brass lamp holder,pendant lamp holder,"b22, floor lamp, table lamp, led bulb, shade only, e14",0.31,0.14,"yellow brass pendant lamp holder, e27 yellow brass pendant lamp holder, brass pendant lamp holder, e27 pendant lamp holder round cable, pendant lamp holder 1m cable, e27 pendant lamp holder uk, pendant lamp holder, e27 pendant lamp holder, yellow brass pendant light holder, brass lamp holder",,,,,,,,,,,,,,,,,,,,,,,,,,,,,,,
PHHT1PBRGB,https://sin1.contabostorage.com/4ad62276cb6d4a83bfb1b8a91b839703:newom/newom/newom/img/product_images/2469.jpg,,Lighting Accessory,Pendant Lamp Holder,LEDSone,E27 Green BrassPendant Lamp Holder with 1m Round PVC Cable,E27,Yes,1.0,0.0,M40,,Edison Screw,Yes,M10,20 mm,Yes,No,-,Smooth Eltro Plated,Metal,PVC,PVC,Brass,Green Brass,60.0,40.0,Round,Black,PVC,Smooth,3 Core,1m,Yes,"Live,Neatural,Earth",0.75 mm²,-,-,-,-,-,-,50mm,900mm,,,Metal,PVC/Rubber Insulated,60W,220-240V,"Yes
Depend on The Switch & Bulb",50Hz,IP20,Hardwired,Pendant,Yes,Minimal,Easy,~25min,Terminal Block,Universal,"Lamp Holder, Shade Ring, Lock Nut, Cable",No,Yes,"Screwdriver,Cable Cutter",~40-42mm,Yes,"A60 
ST64 
G95
G80 & Al kind E27 bulbs",Yes,Yes,Recommended,Yes,No,No,Yes,,,,,,2.7,,,,,,,,,e27 green brass pendant lamp holder,brass lamp holder,pendant lamp holder,"b22, floor lamp, table lamp, led bulb, shade only, e14",0.31,0.14,"green brass pendant lamp holder, e27 green brass pendant lamp holder, brass pendant lamp holder, e27 pendant lamp holder round cable, pendant lamp holder 1m cable, e27 pendant lamp holder uk, pendant lamp holder, e27 pendant lamp holder, green brass pendant light holder, brass lamp holder",,,,,,,,,,,,,,,,,,,,,,,,,,,,,,,
PHHT1PBRYB,https://sin1.contabostorage.com/4ad62276cb6d4a83bfb1b8a91b839703:newom/newom/newom/img/product_images/2468.jpg,,Lighting Accessory,Pendant Lamp Holder,LEDSone,E27 Yellow Brass Pendant Lamp Holder with 1m Twisted Cable,E27,Yes,1.0,0.0,M40,,Edison Screw,Yes,M10,20 mm,Yes,No,-,Smooth Eltro Plated,Metal,PVC,PVC,Brass,Yellow Brass,60.0,40.0,Round,Black,PVC,Smooth,3 Core,1m,Yes,"Live,Neatural,Earth",0.75 mm²,-,-,-,-,-,-,50mm,900mm,,,Metal,PVC/Rubber Insulated,60W,220-240V,"Yes
Depend on The Switch & Bulb",50Hz,IP20,Hardwired,Pendant,Yes,Minimal,Easy,~25min,Terminal Block,Universal,"Lamp Holder, Shade Ring, Lock Nut, Cable",No,Yes,"Screwdriver,Cable Cutter",~40-42mm,Yes,"A60 
ST64 
G95
G80 & Al kind E27 bulbs",Yes,Yes,Recommended,Yes,No,No,Yes,,,,,,2.7,,,,,,,,,e27 yellow brass pendant lamp holder,brass lamp holder,pendant lamp holder,"b22, floor lamp, table lamp, led bulb, shade only, e14",0.31,0.14,"yellow brass pendant lamp holder, e27 yellow brass pendant lamp holder, brass pendant lamp holder, e27 pendant lamp holder round cable, pendant lamp holder 1m cable, e27 pendant lamp holder uk, pendant lamp holder, e27 pendant lamp holder, yellow brass pendant light holder, brass lamp holder",,,,,,,,,,,,,,,,,,,,,,,,,,,,,,,
PHHT1PBRBS,https://sin1.contabostorage.com/4ad62276cb6d4a83bfb1b8a91b839703:newom/newom/newom/img/product_images/2002.jpg,,Lighting Accessory,Pendant Lamp Holder,LEDSone,1m Black Rubber Cable Pendant Light Holder,E27,Yes,1.0,0.0,M40,,Edison Screw,Yes,M10,20 mm,Yes,No,-,Smooth Eltro Plated,Metal,PVC,PVC,Brushed Silver,Silver,60.0,40.0,Round,Black,PVC,Smooth,3 Core,1m,Yes,"Live,Neatural,Earth",0.75 mm²,-,-,-,-,-,-,50mm,900mm,,,Metal,PVC/Rubber Insulated,60W,220-240V,"Yes
Depend on The Switch & Bulb",50Hz,IP20,Hardwired,Pendant,Yes,Minimal,Easy,~25min,Terminal Block,Universal,"Lamp Holder, Shade Ring, Lock Nut, Cable",No,Yes,"Screwdriver,Cable Cutter",~40-42mm,Yes,"A60 
ST64 
G95
G80 & Al kind E27 bulbs",Yes,Yes,Recommended,Yes,No,No,Yes,,,,,,2.7,,,,,,,,,e27 silver pendant lamp holder,brushed silver lamp holder,pendant lamp holder,"b22, floor lamp, table lamp, led bulb, shade only, e14",0.31,0.14,"silver pendant lamp holder, e27 silver pendant lamp holder, brushed silver pendant lamp holder, e27 pendant lamp holder round cable, pendant lamp holder 1m cable, e27 pendant lamp holder uk, pendant lamp holder, e27 pendant lamp holder, silver pendant light holder, brushed silver lamp holder",,,,,,,,,,,,,,,,,,,,,,,,,,,,,,,
PHHT1PBRGD,https://sin1.contabostorage.com/4ad62276cb6d4a83bfb1b8a91b839703:newom/newom/newom/img/product_images/905.jpg,,Lighting Accessory,Pendant Lamp Holder,LEDSone,1m Black Rubber Cable Pendant Light Holder,E27,Yes,1.0,0.0,M40,,Edison Screw,Yes,M10,20 mm,Yes,No,-,Smooth Eltro Plated,Metal,PVC,PVC,Gold / Metallic,Gold (Gold Tone),60.0,40.0,Round,Black,PVC,Smooth,3 Core,1m,Yes,"Live,Neatural,Earth",0.75 mm²,-,-,-,-,-,-,50mm,900mm,,,Metal,PVC/Rubber Insulated,60W,220-240V,"Yes
Depend on The Switch & Bulb",50Hz,IP20,Hardwired,Pendant,Yes,Minimal,Easy,~25min,Terminal Block,Universal,"Lamp Holder, Shade Ring, Lock Nut, Cable",No,Yes,"Screwdriver,Cable Cutter",~40-42mm,Yes,"A60 
ST64 
G95
G80 & Al kind E27 bulbs",Yes,Yes,Recommended,Yes,No,No,Yes,,,,,,2.7,,,,,,,,,e27 gold (gold tone) pendant lamp holder,gold / metallic lamp holder,pendant lamp holder,"b22, floor lamp, table lamp, led bulb, shade only, e14",0.31,0.14,"gold (gold tone) pendant lamp holder, e27 gold (gold tone) pendant lamp holder, gold / metallic pendant lamp holder, e27 pendant lamp holder round cable, pendant lamp holder 1m cable, e27 pendant lamp holder uk, pendant lamp holder, e27 pendant lamp holder, gold (gold tone) pendant light holder, gold / metallic lamp holder",,,,,,,,,,,,,,,,,,,,,,,,,,,,,,,
PHHT1PBRBC,https://sin1.contabostorage.com/4ad62276cb6d4a83bfb1b8a91b839703:newom/newom/newom/img/product_images/750.jpg,,Lighting Accessory,Pendant Lamp Holder,LEDSone,1m Black Rubber Cable Pendant Light Holder,E27,Yes,1.0,0.0,M40,,Edison Screw,Yes,M10,20 mm,Yes,No,-,Smooth Eltro Plated,Metal,PVC,PVC,Brass,Brushed Copper,60.0,40.0,Round,Black,PVC,Smooth,3 Core,1m,Yes,"Live,Neatural,Earth",0.75 mm²,-,-,-,-,-,-,50mm,900mm,,,Metal,PVC/Rubber Insulated,60W,220-240V,"Yes
Depend on The Switch & Bulb",50Hz,IP20,Hardwired,Pendant,Yes,Minimal,Easy,~25min,Terminal Block,Universal,"Lamp Holder, Shade Ring, Lock Nut, Cable",No,Yes,"Screwdriver,Cable Cutter",~40-42mm,Yes,"A60 
ST64 
G95
G80 & Al kind E27 bulbs",Yes,Yes,Recommended,Yes,No,No,Yes,,,,,,2.7,,,,,,,,,e27 brushed copper pendant lamp holder,brass lamp holder,pendant lamp holder,"b22, floor lamp, table lamp, led bulb, shade only, e14",0.31,0.14,"brushed copper pendant lamp holder, e27 brushed copper pendant lamp holder, brass pendant lamp holder, e27 pendant lamp holder round cable, pendant lamp holder 1m cable, e27 pendant lamp holder uk, pendant lamp holder, e27 pendant lamp holder, brushed copper pendant light holder, brass lamp holder",,,,,,,,,,,,,,,,,,,,,,,,,,,,,,,
PHHT1PBRRR,https://sin1.contabostorage.com/4ad62276cb6d4a83bfb1b8a91b839703:newom/newom/newom/img/product_images/749.jpg,,Lighting Accessory,Pendant Lamp Holder,LEDSone,1m Black Rubber Cable Pendant Light Holder,E27,Yes,1.0,0.0,M40,,Edison Screw,Yes,M10,20 mm,Yes,No,-,Smooth Eltro Plated,Metal,PVC,PVC,Rustic Red,Red,60.0,40.0,Round,Black,PVC,Smooth,3 Core,1m,Yes,"Live,Neatural,Earth",0.75 mm²,-,-,-,-,-,-,50mm,900mm,,,Metal,PVC/Rubber Insulated,60W,220-240V,"Yes
Depend on The Switch & Bulb",50Hz,IP20,Hardwired,Pendant,Yes,Minimal,Easy,~25min,Terminal Block,Universal,"Lamp Holder, Shade Ring, Lock Nut, Cable",No,Yes,"Screwdriver,Cable Cutter",~40-42mm,Yes,"A60 
ST64 
G95
G80 & Al kind E27 bulbs",Yes,Yes,Recommended,Yes,No,No,Yes,,,,,,2.7,,,,,,,,,e27 red pendant lamp holder,rustic red lamp holder,pendant lamp holder,"b22, floor lamp, table lamp, led bulb, shade only, e14",0.31,0.14,"red pendant lamp holder, e27 red pendant lamp holder, rustic red pendant lamp holder, e27 pendant lamp holder round cable, pendant lamp holder 1m cable, e27 pendant lamp holder uk, pendant lamp holder, e27 pendant lamp holder, red pendant light holder, rustic red lamp holder",,,,,,,,,,,,,,,,,,,,,,,,,,,,,,,
PHHT1PBRFG,https://sin1.contabostorage.com/4ad62276cb6d4a83bfb1b8a91b839703:newom/newom/newom/img/product_images/748.jpg,,Lighting Accessory,Pendant Lamp Holder,LEDSone,1m Black Rubber Cable Pendant Light Holder,E27,Yes,1.0,0.0,M40,,Edison Screw,Yes,M10,20 mm,Yes,No,-,Smooth Eltro Plated,Metal,PVC,PVC,French Gold (Rose Gold Tone),French Gold,60.0,40.0,Round,Black,PVC,Smooth,3 Core,1m,Yes,"Live,Neatural,Earth",0.75 mm²,-,-,-,-,-,-,50mm,900mm,,,Metal,PVC/Rubber Insulated,60W,220-240V,"Yes
Depend on The Switch & Bulb",50Hz,IP20,Hardwired,Pendant,Yes,Minimal,Easy,~25min,Terminal Block,Universal,"Lamp Holder, Shade Ring, Lock Nut, Cable",No,Yes,"Screwdriver,Cable Cutter",~40-42mm,Yes,"A60 
ST64 
G95
G80 & Al kind E27 bulbs",Yes,Yes,Recommended,Yes,No,No,Yes,,,,,,2.7,,,,,,,,,e27 french gold pendant lamp holder,french gold (rose gold tone) lamp holder,pendant lamp holder,"b22, floor lamp, table lamp, led bulb, shade only, e14",0.31,0.14,"french gold pendant lamp holder, e27 french gold pendant lamp holder, french gold (rose gold tone) pendant lamp holder, e27 pendant lamp holder round cable, pendant lamp holder 1m cable, e27 pendant lamp holder uk, pendant lamp holder, e27 pendant lamp holder, french gold pendant light holder, french gold (rose gold tone) lamp holder",,,,,,,,,,,,,,,,,,,,,,,,,,,,,,,
PHHT1PBRRO,https://sin1.contabostorage.com/4ad62276cb6d4a83bfb1b8a91b839703:newom/newom/newom/img/product_images/747.jpg,,Lighting Accessory,Pendant Lamp Holder,LEDSone,1m Black Rubber Cable Pendant Light Holder,E27,Yes,1.0,0.0,M40,,Edison Screw,Yes,M10,20 mm,Yes,No,-,Smooth Eltro Plated,Metal,PVC,PVC,Rose Gold,Rose Gold,60.0,40.0,Round,Black,PVC,Smooth,3 Core,1m,Yes,"Live,Neatural,Earth",0.75 mm²,-,-,-,-,-,-,50mm,900mm,,,Metal,PVC/Rubber Insulated,60W,220-240V,"Yes
Depend on The Switch & Bulb",50Hz,IP20,Hardwired,Pendant,Yes,Minimal,Easy,~25min,Terminal Block,Universal,"Lamp Holder, Shade Ring, Lock Nut, Cable",No,Yes,"Screwdriver,Cable Cutter",~40-42mm,Yes,"A60 
ST64 
G95
G80 & Al kind E27 bulbs",Yes,Yes,Recommended,Yes,No,No,Yes,,,,,,2.7,,,,,,,,,e27 rose gold pendant lamp holder,pendant lamp holder round cable,lamp holder with cable,"b22, floor lamp, table lamp, led bulb, shade only, e14",0.31,0.14,"rose gold pendant lamp holder, e27 rose gold pendant lamp holder, e27 pendant lamp holder round cable, pendant lamp holder 1m cable, e27 pendant lamp holder uk, pendant lamp holder, e27 pendant lamp holder, rose gold pendant light holder, rose gold lamp holder, pendant lamp holder round cable",,,,,,,,,,,,,,,,,,,,,,,,,,,,,,,
PHHT1PBRCH,https://sin1.contabostorage.com/4ad62276cb6d4a83bfb1b8a91b839703:newom/newom/newom/img/product_images/745.jpg,,Lighting Accessory,Pendant Lamp Holder,LEDSone,E27 Chrome Pendant Lamp Holder with 1m Braided Cable,E27,Yes,1.0,0.0,M40,,Edison Screw,Yes,M10,20 mm,Yes,No,-,Smooth Eltro Plated,Metal,PVC,PVC,Polished Chrome,Silver,60.0,40.0,Round,Cear,PVC,Smooth,3 Core,1m,Yes,"Live,Neatural,Earth",0.75 mm²,-,-,-,-,-,-,50mm,900mm,,,Metal,PVC/Rubber Insulated,60W,220-240V,"Yes
Depend on The Switch & Bulb",50Hz,IP20,Hardwired,Pendant,Yes,Minimal,Easy,~25min,Terminal Block,Universal,"Lamp Holder, Shade Ring, Lock Nut, Cable",No,Yes,"Screwdriver,Cable Cutter",~40-42mm,Yes,"A60 
ST64 
G95
G80 & Al kind E27 bulbs",Yes,Yes,Recommended,Yes,No,No,Yes,,,,,,2.7,,,,,,,,,e27 silver pendant lamp holder,polished chrome lamp holder,pendant lamp holder,"b22, floor lamp, table lamp, led bulb, shade only, e14",0.31,0.14,"silver pendant lamp holder, e27 silver pendant lamp holder, polished chrome pendant lamp holder, e27 pendant lamp holder round cable, pendant lamp holder 1m cable, e27 pendant lamp holder uk, pendant lamp holder, e27 pendant lamp holder, silver pendant light holder, polished chrome lamp holder",,,,,,,,,,,,,,,,,,,,,,,,,,,,,,,
PHRY1PCRPI,https://sin1.contabostorage.com/4ad62276cb6d4a83bfb1b8a91b839703:newom/newom/newom/img/product_images/3220.jpg,,Lighting Accessory,Pendant Lamp Holder,LEDSone,1m Fabric Cable Pendant Light Holder,E27,Yes,1.0,0.0,M40,,Edison Screw,Yes,M10,20 mm,Yes,No,-,Smooth,Silicone,PVC,PVC,Painted Pink,Pink,100.0,50.0,Round,Pink,Fabric (PVC Inner Insulation),Braided,2 Core,1m,Yes,"Live,Neatural,Earth",0.75 mm²,-,-,-,-,-,-,50mm,900mm,,,Metal,Fabric Braided,60W,220-240V,"Yes
Depend on The Switch & Bulb",50Hz,IP20,Hardwired,Pendant,Yes,Minimal,Easy,~25min,Terminal Block,Universal,"Lamp Holder, Shade Ring, Lock Nut, Cable",No,Yes,"Screwdriver,Cable Cutter",~40-42mm,Yes,"A60 
ST64 
G95
G80 & Al kind E27 bulbs",Yes,Yes,Recommended,Yes,No,No,Yes,,,,,,2.7,,,,,,,,,e27 pink pendant lamp holder,painted pink lamp holder,pendant lamp holder,"b22, floor lamp, table lamp, led bulb, shade only, e14",0.31,0.14,"pink pendant lamp holder, e27 pink pendant lamp holder, painted pink pendant lamp holder, e27 pendant lamp holder round cable, pendant lamp holder 1m cable, e27 pendant lamp holder uk, pendant lamp holder, e27 pendant lamp holder, pink pendant light holder, painted pink lamp holder",,,,,,,,,,,,,,,,,,,,,,,,,,,,,,,
PHRY2PCRRE,https://sin1.contabostorage.com/4ad62276cb6d4a83bfb1b8a91b839703:newom/newom/newom/img/product_images/3219.jpg,,Lighting Accessory,Pendant Lamp Holder,LEDSone,1m Fabric Cable Pendant Light Holder,E27,Yes,1.0,0.0,M40,,Edison Screw,Yes,M10,20 mm,Yes,No,-,Smooth,Silicone,PVC,PVC,Gloss Plastic Finish,Red,100.0,50.0,Round,Red,Fabric (PVC Inner Insulation),Braided,2 Core,2m,Yes,"Live,Neatural,Earth",0.75 mm²,-,-,-,-,-,-,50mm,900mm,,,Metal,Fabric Braided,60W,220-240V,"Yes
Depend on The Switch & Bulb",50Hz,IP20,Hardwired,Pendant,Yes,Minimal,Easy,~25min,Terminal Block,Universal,"Lamp Holder, Shade Ring, Lock Nut, Cable",No,Yes,"Screwdriver,Cable Cutter",~40-42mm,Yes,"A60 
ST64 
G95
G80 & Al kind E27 bulbs",Yes,Yes,Recommended,Yes,No,No,Yes,,,,,,2.7,,,,,,,,,e27 red pendant lamp holder,gloss plastic finish lamp holder,pendant lamp holder,"b22, floor lamp, table lamp, led bulb, shade only, e14",0.31,0.14,"red pendant lamp holder, e27 red pendant lamp holder, gloss plastic finish pendant lamp holder, e27 pendant lamp holder round cable, pendant lamp holder 2m cable, e27 pendant lamp holder uk, pendant lamp holder, e27 pendant lamp holder, red pendant light holder, gloss plastic finish lamp holder",,,,,,,,,,,,,,,,,,,,,,,,,,,,,,,
PHRY1PCRRE,https://sin1.contabostorage.com/4ad62276cb6d4a83bfb1b8a91b839703:newom/newom/newom/img/product_images/3218.jpg,,Lighting Accessory,Pendant Lamp Holder,LEDSone,1m Fabric Cable Pendant Light Holder,E27,Yes,1.0,0.0,M40,,Edison Screw,Yes,M10,20 mm,Yes,No,-,Smooth,Silicone,PVC,PVC,Gloss Plastic Finish,Red,100.0,50.0,Round,Red,Fabric (PVC Inner Insulation),Braided,2 Core,1m,Yes,"Live,Neatural,Earth",0.75 mm²,-,-,-,-,-,-,50mm,900mm,,,Metal,Fabric Braided,60W,220-240V,"Yes
Depend on The Switch & Bulb",50Hz,IP20,Hardwired,Pendant,Yes,Minimal,Easy,~25min,Terminal Block,Universal,"Lamp Holder, Shade Ring, Lock Nut, Cable",No,Yes,"Screwdriver,Cable Cutter",~40-42mm,Yes,"A60 
ST64 
G95
G80 & Al kind E27 bulbs",Yes,Yes,Recommended,Yes,No,No,Yes,,,,,,2.7,,,,,,,,,e27 red pendant lamp holder,gloss plastic finish lamp holder,pendant lamp holder,"b22, floor lamp, table lamp, led bulb, shade only, e14",0.31,0.14,"red pendant lamp holder, e27 red pendant lamp holder, gloss plastic finish pendant lamp holder, e27 pendant lamp holder round cable, pendant lamp holder 1m cable, e27 pendant lamp holder uk, pendant lamp holder, e27 pendant lamp holder, red pendant light holder, gloss plastic finish lamp holder",,,,,,,,,,,,,,,,,,,,,,,,,,,,,,,
PHRY2PCRBT,https://sin1.contabostorage.com/4ad62276cb6d4a83bfb1b8a91b839703:newom/newom/newom/img/product_images/3150.jpg,,Lighting Accessory,Pendant Lamp Holder,LEDSone,1m Fabric Cable Pendant Light Holder,E27,Yes,1.0,0.0,M40,,Edison Screw,Yes,M10,20 mm,Yes,No,-,Smooth,Silicone,PVC,PVC,Glossy painted,Blue,100.0,50.0,Round,Light Blue,Fabric (PVC Inner Insulation),Braided,2 Core,2m,Yes,"Live,Neatural,Earth",0.75 mm²,-,-,-,-,-,-,50mm,900mm,,,Metal,Fabric Braided,60W,220-240V,"Yes
Depend on The Switch & Bulb",50Hz,IP20,Hardwired,Pendant,Yes,Minimal,Easy,~25min,Terminal Block,Universal,"Lamp Holder, Shade Ring, Lock Nut, Cable",No,Yes,"Screwdriver,Cable Cutter",~40-42mm,Yes,"A60 
ST64 
G95
G80 & Al kind E27 bulbs",Yes,Yes,Recommended,Yes,No,No,Yes,,,,,,2.7,,,,,,,,,e27 blue pendant lamp holder,glossy painted lamp holder,pendant lamp holder,"b22, floor lamp, table lamp, led bulb, shade only, e14",0.31,0.14,"blue pendant lamp holder, e27 blue pendant lamp holder, glossy painted pendant lamp holder, e27 pendant lamp holder round cable, pendant lamp holder 2m cable, e27 pendant lamp holder uk, pendant lamp holder, e27 pendant lamp holder, blue pendant light holder, glossy painted lamp holder",,,,,,,,,,,,,,,,,,,,,,,,,,,,,,,
PHRY1PCRBT,https://sin1.contabostorage.com/4ad62276cb6d4a83bfb1b8a91b839703:newom/newom/newom/img/product_images/3149.jpg,,Lighting Accessory,Pendant Lamp Holder,LEDSone,1m Fabric Cable Pendant Light Holder,E27,Yes,1.0,0.0,M40,,Edison Screw,Yes,M10,20 mm,Yes,No,-,Smooth,Silicone,PVC,PVC,Glossy painted,Blue,100.0,50.0,Round,Blue,Fabric (PVC Inner Insulation),Braided,2 Core,1m,Yes,"Live,Neatural,Earth",0.75 mm²,-,-,-,-,-,-,50mm,900mm,,,Metal,Fabric Braided,60W,220-240V,"Yes
Depend on The Switch & Bulb",50Hz,IP20,Hardwired,Pendant,Yes,Minimal,Easy,~25min,Terminal Block,Universal,"Lamp Holder, Shade Ring, Lock Nut, Cable",No,Yes,"Screwdriver,Cable Cutter",~40-42mm,Yes,"A60 
ST64 
G95
G80 & Al kind E27 bulbs",Yes,Yes,Recommended,Yes,No,No,Yes,,,,,,2.7,,,,,,,,,e27 blue pendant lamp holder,glossy painted lamp holder,pendant lamp holder,"b22, floor lamp, table lamp, led bulb, shade only, e14",0.31,0.14,"blue pendant lamp holder, e27 blue pendant lamp holder, glossy painted pendant lamp holder, e27 pendant lamp holder round cable, pendant lamp holder 1m cable, e27 pendant lamp holder uk, pendant lamp holder, e27 pendant lamp holder, blue pendant light holder, glossy painted lamp holder",,,,,,,,,,,,,,,,,,,,,,,,,,,,,,,
PHRY2PCRGY,https://sin1.contabostorage.com/4ad62276cb6d4a83bfb1b8a91b839703:newom/newom/newom/img/product_images/3148.jpg,,Lighting Accessory,Pendant Lamp Holder,LEDSone,1m Fabric Cable Pendant Light Holder,E27,Yes,1.0,0.0,M40,,Edison Screw,Yes,M10,20 mm,Yes,No,-,Smooth,Silicone,PVC,PVC,Matte Gray,Grey,100.0,50.0,Round,Gray,Fabric (PVC Inner Insulation),Braided,2 Core,2m,Yes,"Live,Neatural,Earth",0.75 mm²,-,-,-,-,-,-,50mm,900mm,,,Metal,Fabric Braided,60W,220-240V,"Yes
Depend on The Switch & Bulb",50Hz,IP20,Hardwired,Pendant,Yes,Minimal,Easy,~25min,Terminal Block,Universal,"Lamp Holder, Shade Ring, Lock Nut, Cable",No,Yes,"Screwdriver,Cable Cutter",~40-42mm,Yes,"A60 
ST64 
G95
G80 & Al kind E27 bulbs",Yes,Yes,Recommended,Yes,No,No,Yes,,,,,,2.7,,,,,,,,,e27 grey pendant lamp holder,matte gray lamp holder,pendant lamp holder,"b22, floor lamp, table lamp, led bulb, shade only, e14",0.31,0.14,"grey pendant lamp holder, e27 grey pendant lamp holder, matte gray pendant lamp holder, e27 pendant lamp holder round cable, pendant lamp holder 2m cable, e27 pendant lamp holder uk, pendant lamp holder, e27 pendant lamp holder, grey pendant light holder, matte gray lamp holder",,,,,,,,,,,,,,,,,,,,,,,,,,,,,,,
PHRY1PCRGY,https://sin1.contabostorage.com/4ad62276cb6d4a83bfb1b8a91b839703:newom/newom/newom/img/product_images/3147.jpg,,Lighting Accessory,Pendant Lamp Holder,LEDSone,1m Fabric Cable Pendant Light Holder,E27,Yes,1.0,0.0,M40,,Edison Screw,Yes,M10,20 mm,Yes,No,-,Smooth,Silicone,PVC,PVC,Matte Gray,Grey,100.0,50.0,Round,Gray,Fabric (PVC Inner Insulation),Braided,2 Core,1m,Yes,"Live,Neatural,Earth",0.75 mm²,-,-,-,-,-,-,50mm,900mm,,,Metal,Fabric Braided,60W,220-240V,"Yes
Depend on The Switch & Bulb",50Hz,IP20,Hardwired,Pendant,Yes,Minimal,Easy,~25min,Terminal Block,Universal,"Lamp Holder, Shade Ring, Lock Nut, Cable",No,Yes,"Screwdriver,Cable Cutter",~40-42mm,Yes,"A60 
ST64 
G95
G80 & Al kind E27 bulbs",Yes,Yes,Recommended,Yes,No,No,Yes,,,,,,2.7,,,,,,,,,e27 grey pendant lamp holder,matte gray lamp holder,pendant lamp holder,"b22, floor lamp, table lamp, led bulb, shade only, e14",0.31,0.14,"grey pendant lamp holder, e27 grey pendant lamp holder, matte gray pendant lamp holder, e27 pendant lamp holder round cable, pendant lamp holder 1m cable, e27 pendant lamp holder uk, pendant lamp holder, e27 pendant lamp holder, grey pendant light holder, matte gray lamp holder",,,,,,,,,,,,,,,,,,,,,,,,,,,,,,,
PHRY2PCRPI,https://sin1.contabostorage.com/4ad62276cb6d4a83bfb1b8a91b839703:newom/newom/newom/img/product_images/3146.jpg,,Lighting Accessory,Pendant Lamp Holder,LEDSone,1m Fabric Cable Pendant Light Holder,E27,Yes,1.0,0.0,M40,,Edison Screw,Yes,M10,20 mm,Yes,No,-,Smooth,Silicone,PVC,PVC,Painted Pink,Pink,100.0,50.0,Round,Pink,Fabric (PVC Inner Insulation),Braided,2 Core,2m,Yes,"Live,Neatural,Earth",0.75 mm²,-,-,-,-,-,-,50mm,900mm,,,Metal,Fabric Braided,60W,220-240V,"Yes
Depend on The Switch & Bulb",50Hz,IP20,Hardwired,Pendant,Yes,Minimal,Easy,~25min,Terminal Block,Universal,"Lamp Holder, Shade Ring, Lock Nut, Cable",No,Yes,"Screwdriver,Cable Cutter",~40-42mm,Yes,"A60 
ST64 
G95
G80 & Al kind E27 bulbs",Yes,Yes,Recommended,Yes,No,No,Yes,,,,,,2.7,,,,,,,,,e27 pink pendant lamp holder,painted pink lamp holder,pendant lamp holder,"b22, floor lamp, table lamp, led bulb, shade only, e14",0.31,0.14,"pink pendant lamp holder, e27 pink pendant lamp holder, painted pink pendant lamp holder, e27 pendant lamp holder round cable, pendant lamp holder 2m cable, e27 pendant lamp holder uk, pendant lamp holder, e27 pendant lamp holder, pink pendant light holder, painted pink lamp holder",,,,,,,,,,,,,,,,,,,,,,,,,,,,,,,
PHRY2PCRYE,https://sin1.contabostorage.com/4ad62276cb6d4a83bfb1b8a91b839703:newom/newom/newom/img/product_images/2720.jpg,,Lighting Accessory,Pendant Lamp Holder,LEDSone,1m Fabric Cable Pendant Light Holder,E27,Yes,1.0,0.0,M40,,Edison Screw,Yes,M10,20 mm,Yes,No,-,Smooth,Silicone,PVC,PVC,Glossy painted,Yellow,100.0,50.0,Round,Yellow,Fabric (PVC Inner Insulation),Braided,2 Core,2m,Yes,"Live,Neatural,Earth",0.75 mm²,-,-,-,-,-,-,50mm,900mm,,,Metal,Fabric Braided,60W,220-240V,"Yes
Depend on The Switch & Bulb",50Hz,IP20,Hardwired,Pendant,Yes,Minimal,Easy,~25min,Terminal Block,Universal,"Lamp Holder, Shade Ring, Lock Nut, Cable",No,Yes,"Screwdriver,Cable Cutter",~40-42mm,Yes,"A60 
ST64 
G95
G80 & Al kind E27 bulbs",Yes,Yes,Recommended,Yes,No,No,Yes,,,,,,2.7,,,,,,,,,e27 yellow pendant lamp holder,glossy painted lamp holder,pendant lamp holder,"b22, floor lamp, table lamp, led bulb, shade only, e14",0.31,0.14,"yellow pendant lamp holder, e27 yellow pendant lamp holder, glossy painted pendant lamp holder, e27 pendant lamp holder round cable, pendant lamp holder 2m cable, e27 pendant lamp holder uk, pendant lamp holder, e27 pendant lamp holder, yellow pendant light holder, glossy painted lamp holder",,,,,,,,,,,,,,,,,,,,,,,,,,,,,,,
PHRY2PCRWH,https://sin1.contabostorage.com/4ad62276cb6d4a83bfb1b8a91b839703:newom/newom/newom/img/product_images/2719.jpg,,Lighting Accessory,Pendant Lamp Holder,LEDSone,1m Fabric Cable Pendant Light Holder,E27,Yes,1.0,0.0,M40,,Edison Screw,Yes,M10,20 mm,Yes,No,-,Smooth,Silicone,PVC,PVC,Painetd White,White,100.0,50.0,Round,White,Fabric (PVC Inner Insulation),Braided,2 Core,2m,Yes,"Live,Neatural,Earth",0.75 mm²,-,-,-,-,-,-,50mm,900mm,,,Metal,Fabric Braided,60W,220-240V,"Yes
Depend on The Switch & Bulb",50Hz,IP20,Hardwired,Pendant,Yes,Minimal,Easy,~25min,Terminal Block,Universal,"Lamp Holder, Shade Ring, Lock Nut, Cable",No,Yes,"Screwdriver,Cable Cutter",~40-42mm,Yes,"A60 
ST64 
G95
G80 & Al kind E27 bulbs",Yes,Yes,Recommended,Yes,No,No,Yes,,,,,,2.7,,,,,,,,,e27 white pendant lamp holder,painetd white lamp holder,pendant lamp holder,"b22, floor lamp, table lamp, led bulb, shade only, e14",0.31,0.14,"white pendant lamp holder, e27 white pendant lamp holder, painetd white pendant lamp holder, e27 pendant lamp holder round cable, pendant lamp holder 2m cable, e27 pendant lamp holder uk, pendant lamp holder, e27 pendant lamp holder, white pendant light holder, painetd white lamp holder",,,,,,,,,,,,,,,,,,,,,,,,,,,,,,,
PHRY2PCROR,https://sin1.contabostorage.com/4ad62276cb6d4a83bfb1b8a91b839703:newom/newom/newom/img/product_images/2718.jpg,,Lighting Accessory,Pendant Lamp Holder,LEDSone,1m Fabric Cable Pendant Light Holder,E27,Yes,1.0,0.0,M40,,Edison Screw,Yes,M10,20 mm,Yes,No,-,Smooth,Silicone,PVC,PVC,Glossy painted,Orange,100.0,50.0,Round,Orange,Fabric (PVC Inner Insulation),Braided,2 Core,2m,Yes,"Live,Neatural,Earth",0.75 mm²,-,-,-,-,-,-,50mm,900mm,,,Metal,Fabric Braided,60W,220-240V,"Yes
Depend on The Switch & Bulb",50Hz,IP20,Hardwired,Pendant,Yes,Minimal,Easy,~25min,Terminal Block,Universal,"Lamp Holder, Shade Ring, Lock Nut, Cable",No,Yes,"Screwdriver,Cable Cutter",~40-42mm,Yes,"A60 
ST64 
G95
G80 & Al kind E27 bulbs",Yes,Yes,Recommended,Yes,No,No,Yes,,,,,,2.7,,,,,,,,,e27 orange pendant lamp holder,glossy painted lamp holder,pendant lamp holder,"b22, floor lamp, table lamp, led bulb, shade only, e14",0.31,0.14,"orange pendant lamp holder, e27 orange pendant lamp holder, glossy painted pendant lamp holder, e27 pendant lamp holder round cable, pendant lamp holder 2m cable, e27 pendant lamp holder uk, pendant lamp holder, e27 pendant lamp holder, orange pendant light holder, glossy painted lamp holder",,,,,,,,,,,,,,,,,,,,,,,,,,,,,,,
PHRY2PCRLG,https://sin1.contabostorage.com/4ad62276cb6d4a83bfb1b8a91b839703:newom/newom/newom/img/product_images/2717.jpg,,Lighting Accessory,Pendant Lamp Holder,LEDSone,1m Fabric Cable Pendant Light Holder,E27,Yes,1.0,0.0,M40,,Edison Screw,Yes,M10,20 mm,Yes,No,-,Smooth,Silicone,PVC,PVC,Silicone,Green,100.0,50.0,Round,Green,Fabric (PVC Inner Insulation),Braided,2 Core,2m,Yes,"Live,Neatural,Earth",0.75 mm²,-,-,-,-,-,-,50mm,900mm,,,Metal,Fabric Braided,60W,220-240V,"Yes
Depend on The Switch & Bulb",50Hz,IP20,Hardwired,Pendant,Yes,Minimal,Easy,~25min,Terminal Block,Universal,"Lamp Holder, Shade Ring, Lock Nut, Cable",No,Yes,"Screwdriver,Cable Cutter",~40-42mm,Yes,"A60 
ST64 
G95
G80 & Al kind E27 bulbs",Yes,Yes,Recommended,Yes,No,No,Yes,,,,,,2.7,,,,,,,,,e27 green pendant lamp holder,silicone lamp holder,pendant lamp holder,"b22, floor lamp, table lamp, led bulb, shade only, e14",0.31,0.14,"green pendant lamp holder, e27 green pendant lamp holder, silicone pendant lamp holder, e27 pendant lamp holder round cable, pendant lamp holder 2m cable, e27 pendant lamp holder uk, pendant lamp holder, e27 pendant lamp holder, green pendant light holder, silicone lamp holder",,,,,,,,,,,,,,,,,,,,,,,,,,,,,,,
PHRY2PCRBM,https://sin1.contabostorage.com/4ad62276cb6d4a83bfb1b8a91b839703:newom/newom/newom/img/product_images/2716.jpg,,Lighting Accessory,Pendant Lamp Holder,LEDSone,1m Fabric Cable Pendant Light Holder,E27,Yes,1.0,0.0,M40,,Edison Screw,Yes,M10,20 mm,Yes,No,-,Smooth,Silicone,PVC,PVC,Silicone,Black,100.0,50.0,Round,Black,Fabric (PVC Inner Insulation),Braided,2 Core,2m,Yes,"Live,Neatural,Earth",0.75 mm²,-,-,-,-,-,-,50mm,900mm,,,Metal,Fabric Braided,60W,220-240V,"Yes
Depend on The Switch & Bulb",50Hz,IP20,Hardwired,Pendant,Yes,Minimal,Easy,~25min,Terminal Block,Universal,"Lamp Holder, Shade Ring, Lock Nut, Cable",No,Yes,"Screwdriver,Cable Cutter",~40-42mm,Yes,"A60 
ST64 
G95
G80 & Al kind E27 bulbs",Yes,Yes,Recommended,Yes,No,No,Yes,,,,,,2.7,,,,,,,,,e27 black pendant lamp holder,silicone lamp holder,pendant lamp holder,"b22, floor lamp, table lamp, led bulb, shade only, e14",0.31,0.14,"black pendant lamp holder, e27 black pendant lamp holder, silicone pendant lamp holder, e27 pendant lamp holder round cable, pendant lamp holder 2m cable, e27 pendant lamp holder uk, pendant lamp holder, e27 pendant lamp holder, black pendant light holder, silicone lamp holder",,,,,,,,,,,,,,,,,,,,,,,,,,,,,,,
PHRY1PCRYE,https://sin1.contabostorage.com/4ad62276cb6d4a83bfb1b8a91b839703:newom/newom/newom/img/product_images/2715.jpg,,Lighting Accessory,Pendant Lamp Holder,LEDSone,1m Fabric Cable Pendant Light Holder,E27,Yes,1.0,0.0,M40,,Edison Screw,Yes,M10,20 mm,Yes,No,-,Smooth,Silicone,PVC,PVC,Glossy painted,Yellow,100.0,50.0,Round,Yellow,Fabric (PVC Inner Insulation),Braided,2 Core,1m,Yes,"Live,Neatural,Earth",0.75 mm²,-,-,-,-,-,-,50mm,900mm,,,Metal,Fabric Braided,60W,220-240V,"Yes
Depend on The Switch & Bulb",50Hz,IP20,Hardwired,Pendant,Yes,Minimal,Easy,~25min,Terminal Block,Universal,"Lamp Holder, Shade Ring, Lock Nut, Cable",No,Yes,"Screwdriver,Cable Cutter",~40-42mm,Yes,"A60 
ST64 
G95
G80 & Al kind E27 bulbs",Yes,Yes,Recommended,Yes,No,No,Yes,,,,,,2.7,,,,,,,,,e27 yellow pendant lamp holder,glossy painted lamp holder,pendant lamp holder,"b22, floor lamp, table lamp, led bulb, shade only, e14",0.31,0.14,"yellow pendant lamp holder, e27 yellow pendant lamp holder, glossy painted pendant lamp holder, e27 pendant lamp holder round cable, pendant lamp holder 1m cable, e27 pendant lamp holder uk, pendant lamp holder, e27 pendant lamp holder, yellow pendant light holder, glossy painted lamp holder",,,,,,,,,,,,,,,,,,,,,,,,,,,,,,,
PHRY1PCRWH,https://sin1.contabostorage.com/4ad62276cb6d4a83bfb1b8a91b839703:newom/newom/newom/img/product_images/2714.jpg,,Lighting Accessory,Pendant Lamp Holder,LEDSone,1m Fabric Cable Pendant Light Holder,E27,Yes,1.0,0.0,M40,,Edison Screw,Yes,M10,20 mm,Yes,No,-,Smooth,Silicone,PVC,PVC,Painetd White,White,100.0,50.0,Round,White,Fabric (PVC Inner Insulation),Braided,2 Core,1m,Yes,"Live,Neatural,Earth",0.75 mm²,-,-,-,-,-,-,50mm,900mm,,,Metal,Fabric Braided,60W,220-240V,"Yes
Depend on The Switch & Bulb",50Hz,IP20,Hardwired,Pendant,Yes,Minimal,Easy,~25min,Terminal Block,Universal,"Lamp Holder, Shade Ring, Lock Nut, Cable",No,Yes,"Screwdriver,Cable Cutter",~40-42mm,Yes,"A60 
ST64 
G95
G80 & Al kind E27 bulbs",Yes,Yes,Recommended,Yes,No,No,Yes,,,,,,2.7,,,,,,,,,e27 white pendant lamp holder,painetd white lamp holder,pendant lamp holder,"b22, floor lamp, table lamp, led bulb, shade only, e14",0.31,0.14,"white pendant lamp holder, e27 white pendant lamp holder, painetd white pendant lamp holder, e27 pendant lamp holder round cable, pendant lamp holder 1m cable, e27 pendant lamp holder uk, pendant lamp holder, e27 pendant lamp holder, white pendant light holder, painetd white lamp holder",,,,,,,,,,,,,,,,,,,,,,,,,,,,,,,
PHRY1PCROR,https://sin1.contabostorage.com/4ad62276cb6d4a83bfb1b8a91b839703:newom/newom/newom/img/product_images/2713.jpg,,Lighting Accessory,Pendant Lamp Holder,LEDSone,1m Fabric Cable Pendant Light Holder,E27,Yes,1.0,0.0,M40,,Edison Screw,Yes,M10,20 mm,Yes,No,-,Smooth,Silicone,PVC,PVC,Glossy painted,Orange,100.0,50.0,Round,Orange,Fabric (PVC Inner Insulation),Braided,2 Core,1m,Yes,"Live,Neatural,Earth",0.75 mm²,-,-,-,-,-,-,50mm,900mm,,,Metal,Fabric Braided,60W,220-240V,"Yes
Depend on The Switch & Bulb",50Hz,IP20,Hardwired,Pendant,Yes,Minimal,Easy,~25min,Terminal Block,Universal,"Lamp Holder, Shade Ring, Lock Nut, Cable",No,Yes,"Screwdriver,Cable Cutter",~40-42mm,Yes,"A60 
ST64 
G95
G80 & Al kind E27 bulbs",Yes,Yes,Recommended,Yes,No,No,Yes,,,,,,2.7,,,,,,,,,e27 orange pendant lamp holder,glossy painted lamp holder,pendant lamp holder,"b22, floor lamp, table lamp, led bulb, shade only, e14",0.31,0.14,"orange pendant lamp holder, e27 orange pendant lamp holder, glossy painted pendant lamp holder, e27 pendant lamp holder round cable, pendant lamp holder 1m cable, e27 pendant lamp holder uk, pendant lamp holder, e27 pendant lamp holder, orange pendant light holder, glossy painted lamp holder",,,,,,,,,,,,,,,,,,,,,,,,,,,,,,,
PHRY1PCRLG,https://sin1.contabostorage.com/4ad62276cb6d4a83bfb1b8a91b839703:newom/newom/newom/img/product_images/2712.jpg,,Lighting Accessory,Pendant Lamp Holder,LEDSone,1m Fabric Cable Pendant Light Holder,E27,Yes,1.0,0.0,M40,,Edison Screw,Yes,M10,20 mm,Yes,No,-,Smooth,Silicone,PVC,PVC,Silicone,Green,100.0,50.0,Round,Light Green,Fabric (PVC Inner Insulation),Braided,2 Core,1m,Yes,"Live,Neatural,Earth",0.75 mm²,-,-,-,-,-,-,50mm,900mm,,,Metal,Fabric Braided,60W,220-240V,"Yes
Depend on The Switch & Bulb",50Hz,IP20,Hardwired,Pendant,Yes,Minimal,Easy,~25min,Terminal Block,Universal,"Lamp Holder, Shade Ring, Lock Nut, Cable",No,Yes,"Screwdriver,Cable Cutter",~40-42mm,Yes,"A60 
ST64 
G95
G80 & Al kind E27 bulbs",Yes,Yes,Recommended,Yes,No,No,Yes,,,,,,2.7,,,,,,,,,e27 green pendant lamp holder,silicone lamp holder,pendant lamp holder,"b22, floor lamp, table lamp, led bulb, shade only, e14",0.31,0.14,"green pendant lamp holder, e27 green pendant lamp holder, silicone pendant lamp holder, e27 pendant lamp holder round cable, pendant lamp holder 1m cable, e27 pendant lamp holder uk, pendant lamp holder, e27 pendant lamp holder, green pendant light holder, silicone lamp holder",,,,,,,,,,,,,,,,,,,,,,,,,,,,,,,
PHRY1PCRBM,https://sin1.contabostorage.com/4ad62276cb6d4a83bfb1b8a91b839703:newom/newom/newom/img/product_images/2711.jpg,,Lighting Accessory,Pendant Lamp Holder,LEDSone,1m Fabric Cable Pendant Light Holder,E27,Yes,1.0,0.0,M40,,Edison Screw,Yes,M10,20 mm,Yes,No,-,Smooth,Silicone,PVC,PVC,Silicone,Black,100.0,50.0,Round,Black,Fabric (PVC Inner Insulation),Braided,2 Core,1m,Yes,"Live,Neatural,Earth",0.75 mm²,-,-,-,-,-,-,50mm,900mm,,,Metal,Fabric Braided,60W,220-240V,"Yes
Depend on The Switch & Bulb",50Hz,IP20,Hardwired,Pendant,Yes,Minimal,Easy,~25min,Terminal Block,Universal,"Lamp Holder, Shade Ring, Lock Nut, Cable",No,Yes,"Screwdriver,Cable Cutter",~40-42mm,Yes,"A60 
ST64 
G95
G80 & Al kind E27 bulbs",Yes,Yes,Recommended,Yes,No,No,Yes,,,,,,2.7,,,,,,,,,e27 black pendant lamp holder,silicone lamp holder,pendant lamp holder,"b22, floor lamp, table lamp, led bulb, shade only, e14",0.31,0.14,"black pendant lamp holder, e27 black pendant lamp holder, silicone pendant lamp holder, e27 pendant lamp holder round cable, pendant lamp holder 1m cable, e27 pendant lamp holder uk, pendant lamp holder, e27 pendant lamp holder, black pendant light holder, silicone lamp holder",,,,,,,,,,,,,,,,,,,,,,,,,,,,,,,
PHHN1PBRCO,https://sin1.contabostorage.com/4ad62276cb6d4a83bfb1b8a91b839703:newom/newom/newom/img/product_images/2444.jpg,,Lighting Accessory,Pendant Lamp Holder,LEDSone,E27 Copper Pendant Lamp Holder with 1m Round Cable,E27,Yes,1.0,0.0,M40,,Edison Screw,Yes,M10,20 mm,Yes,No,-,Smooth,Metal,PVC,PVC,Brass,Copper,100.0,50.0,Round,Black,PVC,Smooth,3 Core,1m,Yes,"Live,Neatural,Earth",0.75 mm²,-,-,-,-,-,-,50mm,900mm,,,Metal,PVC/Rubber Insulated,60W,220-240V,"Yes
Depend on The Switch & Bulb",50Hz,IP20,Hardwired,Pendant,Yes,Minimal,Easy,~25min,Terminal Block,Universal,"Lamp Holder, Shade Ring, Lock Nut, Cable",No,Yes,"Screwdriver,Cable Cutter",~40-42mm,Yes,"A60 
ST64 
G95
G80 & Al kind E27 bulbs",Yes,Yes,Recommended,Yes,No,No,Yes,,,,,,2.7,,,,,,,,,e27 copper pendant lamp holder,brass lamp holder,pendant lamp holder,"b22, floor lamp, table lamp, led bulb, shade only, e14",0.31,0.14,"copper pendant lamp holder, e27 copper pendant lamp holder, brass pendant lamp holder, e27 pendant lamp holder round cable, pendant lamp holder 1m cable, e27 pendant lamp holder uk, pendant lamp holder, e27 pendant lamp holder, copper pendant light holder, brass lamp holder",,,,,,,,,,,,,,,,,,,,,,,,,,,,,,,
PHMU1PBRGS,https://sin1.contabostorage.com/4ad62276cb6d4a83bfb1b8a91b839703:newom/newom/newom/img/product_images/2454.jpg,,Lighting Accessory,Pendant Lamp Holder,LEDSone,E27 Pendant Lamp Holder with 1m Round Cable,E27,Yes,1.0,0.0,M40,,Edison Screw,Yes,M10,20 mm,Yes,No,-,Smooth,Metal,PVC,PVC,Mateeblack With Gold Edge Line,Black,70.0,40.0,Round,Black,PVC,Smooth,3 Core,1m,Yes,"Live,Neatural,Earth",0.75 mm²,-,-,-,-,-,-,50mm,900mm,,,Metal,PVC/Rubber Insulated,60W,220-240V,"Yes
Depend on The Switch & Bulb",50Hz,IP20,Hardwired,Pendant,Yes,Minimal,Easy,~25min,Terminal Block,Universal,"Lamp Holder, Shade Ring, Lock Nut, Cable",No,Yes,"Screwdriver,Cable Cutter",~40-42mm,Yes,"A60 
ST64 
G95
G80 & Al kind E27 bulbs",Yes,Yes,Recommended,Yes,No,No,Yes,,,,,,2.7,,,,,,,,,e27 black pendant lamp holder,mateeblack with gold edge line lamp holder,pendant lamp holder,"b22, floor lamp, table lamp, led bulb, shade only, e14",0.31,0.14,"black pendant lamp holder, e27 black pendant lamp holder, mateeblack with gold edge line pendant lamp holder, e27 pendant lamp holder round cable, pendant lamp holder 1m cable, e27 pendant lamp holder uk, pendant lamp holder, e27 pendant lamp holder, black pendant light holder, mateeblack with gold edge line lamp holder",,,,,,,,,,,,,,,,,,,,,,,,,,,,,,,
PHHN1PBRGD,https://sin1.contabostorage.com/4ad62276cb6d4a83bfb1b8a91b839703:newom/newom/newom/img/product_images/839.jpg,,Lighting Accessory,Pendant Lamp Holder,LEDSone,E27 Pendant Lamp Holder with 1m Round Cable,E27,Yes,1.0,0.0,M40,,Edison Screw,Yes,M10,20 mm,Yes,No,-,Smooth,Metal,PVC,PVC,Gold / Metallic,Gold,70.0,40.0,Round,Black,PVC,Smooth,3 Core,1m,Yes,"Live,Neatural,Earth",0.75 mm²,-,-,-,-,-,-,50mm,900mm,,,Metal,PVC/Rubber Insulated,60W,220-240V,"Yes
Depend on The Switch & Bulb",50Hz,IP20,Hardwired,Pendant,Yes,Minimal,Easy,~25min,Terminal Block,Universal,"Lamp Holder, Shade Ring, Lock Nut, Cable",No,Yes,"Screwdriver,Cable Cutter",~40-42mm,Yes,"A60 
ST64 
G95
G80 & Al kind E27 bulbs",Yes,Yes,Recommended,Yes,No,No,Yes,,,,,,2.7,,,,,,,,,e27 gold pendant lamp holder,gold / metallic lamp holder,pendant lamp holder,"b22, floor lamp, table lamp, led bulb, shade only, e14",0.31,0.14,"gold pendant lamp holder, e27 gold pendant lamp holder, gold / metallic pendant lamp holder, e27 pendant lamp holder round cable, pendant lamp holder 1m cable, e27 pendant lamp holder uk, pendant lamp holder, e27 pendant lamp holder, gold pendant light holder, gold / metallic lamp holder",,,,,,,,,,,,,,,,,,,,,,,,,,,,,,,
PHMU1PBRFG,https://sin1.contabostorage.com/4ad62276cb6d4a83bfb1b8a91b839703:newom/newom/newom/img/product_images/2544.jpg,,Lighting Accessory,Pendant Lamp Holder,LEDSone,E27 Pendant Lamp Holder with 1m Round Cable,E27,Yes,1.0,0.0,M40,,Edison Screw,Yes,M10,20 mm,Yes,No,-,Smooth,Metal,PVC,PVC,French Gold (Rose Gold Tone),French Gold,70.0,40.0,Round,Black,PVC,Smooth,3 Core,1m,Yes,"Live,Neatural,Earth",0.75 mm²,-,-,-,-,-,-,50mm,900mm,,,Metal,PVC/Rubber Insulated,60W,220-240V,"Yes
Depend on The Switch & Bulb",50Hz,IP20,Hardwired,Pendant,Yes,Minimal,Easy,~25min,Terminal Block,Universal,"Lamp Holder, Shade Ring, Lock Nut, Cable",No,Yes,"Screwdriver,Cable Cutter",~40-42mm,Yes,"A60 
ST64 
G95
G80 & Al kind E27 bulbs",Yes,Yes,Recommended,Yes,No,No,Yes,,,,,,2.7,,,,,,,,,e27 french gold pendant lamp holder,french gold (rose gold tone) lamp holder,pendant lamp holder,"b22, floor lamp, table lamp, led bulb, shade only, e14",0.31,0.14,"french gold pendant lamp holder, e27 french gold pendant lamp holder, french gold (rose gold tone) pendant lamp holder, e27 pendant lamp holder round cable, pendant lamp holder 1m cable, e27 pendant lamp holder uk, pendant lamp holder, e27 pendant lamp holder, french gold pendant light holder, french gold (rose gold tone) lamp holder",,,,,,,,,,,,,,,,,,,,,,,,,,,,,,,
PHMU1PBRCO,https://sin1.contabostorage.com/4ad62276cb6d4a83bfb1b8a91b839703:newom/newom/newom/img/product_images/2542.jpg,,Lighting Accessory,Pendant Lamp Holder,LEDSone,E27 Copper Pendant Lamp Holder with 1m Round Cable,E27,Yes,1.0,0.0,M40,,Edison Screw,Yes,M10,20 mm,Yes,No,-,Smooth,Metal,PVC,PVC,Brass,Copper,70.0,40.0,Round,Black,PVC,Smooth,3 Core,1m,Yes,"Live,Neatural,Earth",0.75 mm²,-,-,-,-,-,-,50mm,900mm,,,Metal,PVC/Rubber Insulated,60W,220-240V,"Yes
Depend on The Switch & Bulb",50Hz,IP20,Hardwired,Pendant,Yes,Minimal,Easy,~25min,Terminal Block,Universal,"Lamp Holder, Shade Ring, Lock Nut, Cable",No,Yes,"Screwdriver,Cable Cutter",~40-42mm,Yes,"A60 
ST64 
G95
G80 & Al kind E27 bulbs",Yes,Yes,Recommended,Yes,No,No,Yes,,,,,,2.7,,,,,,,,,e27 copper pendant lamp holder,brass lamp holder,pendant lamp holder,"b22, floor lamp, table lamp, led bulb, shade only, e14",0.31,0.14,"copper pendant lamp holder, e27 copper pendant lamp holder, brass pendant lamp holder, e27 pendant lamp holder round cable, pendant lamp holder 1m cable, e27 pendant lamp holder uk, pendant lamp holder, e27 pendant lamp holder, copper pendant light holder, brass lamp holder",,,,,,,,,,,,,,,,,,,,,,,,,,,,,,,
PHMU1PBRCH,https://sin1.contabostorage.com/4ad62276cb6d4a83bfb1b8a91b839703:newom/newom/newom/img/product_images/2541.jpg,,Lighting Accessory,Pendant Lamp Holder,LEDSone,E27 Chrome Pendant Lamp Holder with 1m Braided Cable,E27,Yes,1.0,0.0,M40,,Edison Screw,Yes,M10,20 mm,Yes,No,-,Smooth,Metal,PVC,PVC,Polished Chrome,Silver,70.0,40.0,Round,Black,PVC,Smooth,3 Core,1m,Yes,"Live,Neatural,Earth",0.75 mm²,-,-,-,-,-,-,50mm,900mm,,,Metal,PVC/Rubber Insulated,60W,220-240V,"Yes
Depend on The Switch & Bulb",50Hz,IP20,Hardwired,Pendant,Yes,Minimal,Easy,~25min,Terminal Block,Universal,"Lamp Holder, Shade Ring, Lock Nut, Cable",No,Yes,"Screwdriver,Cable Cutter",~40-42mm,Yes,"A60 
ST64 
G95
G80 & Al kind E27 bulbs",Yes,Yes,Recommended,Yes,No,No,Yes,,,,,,2.7,,,,,,,,,e27 silver pendant lamp holder,polished chrome lamp holder,pendant lamp holder,"b22, floor lamp, table lamp, led bulb, shade only, e14",0.31,0.14,"silver pendant lamp holder, e27 silver pendant lamp holder, polished chrome pendant lamp holder, e27 pendant lamp holder round cable, pendant lamp holder 1m cable, e27 pendant lamp holder uk, pendant lamp holder, e27 pendant lamp holder, silver pendant light holder, polished chrome lamp holder",,,,,,,,,,,,,,,,,,,,,,,,,,,,,,,
PHMU1PBRGB,https://sin1.contabostorage.com/4ad62276cb6d4a83bfb1b8a91b839703:newom/newom/newom/img/product_images/2540.jpg,,Lighting Accessory,Pendant Lamp Holder,LEDSone,E27 Green BrassPendant Lamp Holder with 1m Round PVC Cable,E27,Yes,1.0,0.0,M40,,Edison Screw,Yes,M10,20 mm,Yes,No,-,Smooth,Metal,PVC,PVC,Brass,Green Brass,70.0,40.0,Round,Black,PVC,Smooth,3 Core,1m,Yes,"Live,Neatural,Earth",0.75 mm²,-,-,-,-,-,-,50mm,900mm,,,Metal,PVC/Rubber Insulated,60W,220-240V,"Yes
Depend on The Switch & Bulb",50Hz,IP20,Hardwired,Pendant,Yes,Minimal,Easy,~25min,Terminal Block,Universal,"Lamp Holder, Shade Ring, Lock Nut, Cable",No,Yes,"Screwdriver,Cable Cutter",~40-42mm,Yes,"A60 
ST64 
G95
G80 & Al kind E27 bulbs",Yes,Yes,Recommended,Yes,No,No,Yes,,,,,,2.7,,,,,,,,,e27 green brass pendant lamp holder,brass lamp holder,pendant lamp holder,"b22, floor lamp, table lamp, led bulb, shade only, e14",0.31,0.14,"green brass pendant lamp holder, e27 green brass pendant lamp holder, brass pendant lamp holder, e27 pendant lamp holder round cable, pendant lamp holder 1m cable, e27 pendant lamp holder uk, pendant lamp holder, e27 pendant lamp holder, green brass pendant light holder, brass lamp holder",,,,,,,,,,,,,,,,,,,,,,,,,,,,,,,
PHSH1PWRWH,https://sin1.contabostorage.com/4ad62276cb6d4a83bfb1b8a91b839703:newom/newom/newom/img/product_images/2536.jpg,,Lighting Accessory,Pendant Lamp Holder,LEDSone,E27 Pendant Lamp Holder with 1m Round Cable,E27,Yes,1.0,0.0,M40,,Edison Screw,Yes,M10,20 mm,Yes,No,-,Smooth,Metal,PVC,PVC,Painetd White,White,70.0,40.0,Round,White,PVC,Smooth,3 Core,1m,Yes,"Live,Neatural,Earth",0.75 mm²,-,-,-,-,-,-,50mm,900mm,,,Metal,PVC/Rubber Insulated,60W,220-240V,"Yes
Depend on The Switch & Bulb",50Hz,IP20,Hardwired,Pendant,Yes,Minimal,Easy,~25min,Terminal Block,Universal,"Lamp Holder, Shade Ring, Lock Nut, Cable",No,Yes,"Screwdriver,Cable Cutter",~40-42mm,Yes,"A60 
ST64 
G95
G80 & Al kind E27 bulbs",Yes,Yes,Recommended,Yes,No,No,Yes,,,,,,2.7,,,,,,,,,e27 white pendant lamp holder,painetd white lamp holder,pendant lamp holder,"b22, floor lamp, table lamp, led bulb, shade only, e14",0.31,0.14,"white pendant lamp holder, e27 white pendant lamp holder, painetd white pendant lamp holder, e27 pendant lamp holder round cable, pendant lamp holder 1m cable, e27 pendant lamp holder uk, pendant lamp holder, e27 pendant lamp holder, white pendant light holder, painetd white lamp holder",,,,,,,,,,,,,,,,,,,,,,,,,,,,,,,
PHFH1PBRGS,https://sin1.contabostorage.com/4ad62276cb6d4a83bfb1b8a91b839703:newom/newom/newom/img/product_images/2527.jpg,,Lighting Accessory,Pendant Lamp Holder,LEDSone,E27 Pendant Lamp Holder with 1m Round Cable,E27,Yes,1.0,0.0,M40,,Edison Screw,Yes,M10,20 mm,Yes,No,-,Smooth,Metal,PVC,PVC,Matte Black,Black,70.0,40.0,Round,Black,PVC,Smooth,3 Core,1m,Yes,"Live,Neatural,Earth",0.75 mm²,-,-,-,-,-,-,50mm,900mm,,,Metal,PVC/Rubber Insulated,60W,220-240V,"Yes
Depend on The Switch & Bulb",50Hz,IP20,Hardwired,Pendant,Yes,Minimal,Easy,~25min,Terminal Block,Universal,"Lamp Holder, Shade Ring, Lock Nut, Cable",No,Yes,"Screwdriver,Cable Cutter",~40-42mm,Yes,"A60 
ST64 
G95
G80 & Al kind E27 bulbs",Yes,Yes,Recommended,Yes,No,No,Yes,,,,,,2.7,,,,,,,,,e27 black pendant lamp holder,matte black lamp holder,pendant lamp holder,"b22, floor lamp, table lamp, led bulb, shade only, e14",0.31,0.14,"black pendant lamp holder, e27 black pendant lamp holder, matte black pendant lamp holder, e27 pendant lamp holder round cable, pendant lamp holder 1m cable, e27 pendant lamp holder uk, pendant lamp holder, e27 pendant lamp holder, black pendant light holder, matte black lamp holder",,,,,,,,,,,,,,,,,,,,,,,,,,,,,,,
PHMU1PBRYB,https://sin1.contabostorage.com/4ad62276cb6d4a83bfb1b8a91b839703:newom/newom/newom/img/product_images/1437.jpg,,Lighting Accessory,Pendant Lamp Holder,LEDSone,E27 Yellow Brass Pendant Lamp Holder with 1m Twisted Cable,E27,Yes,1.0,0.0,M40,,Edison Screw,Yes,M10,20 mm,Yes,No,-,Smooth,Metal,PVC,PVC,Brass,Yellow Brass,70.0,40.0,Round,Black,PVC,Smooth,3 Core,1m,Yes,"Live,Neatural,Earth",0.75 mm²,-,-,-,-,-,-,50mm,900mm,,,Metal,PVC/Rubber Insulated,60W,220-240V,"Yes
Depend on The Switch & Bulb",50Hz,IP20,Hardwired,Pendant,Yes,Minimal,Easy,~25min,Terminal Block,Universal,"Lamp Holder, Shade Ring, Lock Nut, Cable",No,Yes,"Screwdriver,Cable Cutter",~40-42mm,Yes,"A60 
ST64 
G95
G80 & Al kind E27 bulbs",Yes,Yes,Recommended,Yes,No,No,Yes,,,,,,2.7,,,,,,,,,e27 yellow brass pendant lamp holder,brass lamp holder,pendant lamp holder,"b22, floor lamp, table lamp, led bulb, shade only, e14",0.31,0.14,"yellow brass pendant lamp holder, e27 yellow brass pendant lamp holder, brass pendant lamp holder, e27 pendant lamp holder round cable, pendant lamp holder 1m cable, e27 pendant lamp holder uk, pendant lamp holder, e27 pendant lamp holder, yellow brass pendant light holder, brass lamp holder",,,,,,,,,,,,,,,,,,,,,,,,,,,,,,,
PHMU1PBRRO,https://sin1.contabostorage.com/4ad62276cb6d4a83bfb1b8a91b839703:newom/newom/newom/img/product_images/1436.jpg,,Lighting Accessory,Pendant Lamp Holder,LEDSone,E27 Pendant Lamp Holder with 1m Round Cable,E27,Yes,1.0,0.0,M40,,Edison Screw,Yes,M10,20 mm,Yes,No,-,Smooth,Metal,PVC,PVC,Rose Gold,Rose Gold,70.0,40.0,Round,Black,PVC,Smooth,3 Core,1m,Yes,"Live,Neatural,Earth",0.75 mm²,-,-,-,-,-,-,50mm,900mm,,,Metal,PVC/Rubber Insulated,60W,220-240V,"Yes
Depend on The Switch & Bulb",50Hz,IP20,Hardwired,Pendant,Yes,Minimal,Easy,~25min,Terminal Block,Universal,"Lamp Holder, Shade Ring, Lock Nut, Cable",No,Yes,"Screwdriver,Cable Cutter",~40-42mm,Yes,"A60 
ST64 
G95
G80 & Al kind E27 bulbs",Yes,Yes,Recommended,Yes,No,No,Yes,,,,,,2.7,,,,,,,,,e27 rose gold pendant lamp holder,pendant lamp holder round cable,lamp holder with cable,"b22, floor lamp, table lamp, led bulb, shade only, e14",0.31,0.14,"rose gold pendant lamp holder, e27 rose gold pendant lamp holder, e27 pendant lamp holder round cable, pendant lamp holder 1m cable, e27 pendant lamp holder uk, pendant lamp holder, e27 pendant lamp holder, rose gold pendant light holder, rose gold lamp holder, pendant lamp holder round cable",,,,,,,,,,,,,,,,,,,,,,,,,,,,,,,
PHMU1PBRSN,https://sin1.contabostorage.com/4ad62276cb6d4a83bfb1b8a91b839703:newom/newom/newom/img/product_images/1435.jpg,,Lighting Accessory,Pendant Lamp Holder,LEDSone,E27 Pendant Lamp Holder with 1m Round Cable,E27,Yes,1.0,0.0,M40,,Edison Screw,Yes,M10,20 mm,Yes,No,-,Smooth,Metal,PVC,PVC,Brass,Satinnickle,70.0,40.0,Round,Cear,PVC,Smooth,3 Core,1m,Yes,"Live,Neatural,Earth",0.75 mm²,-,-,-,-,-,-,50mm,900mm,,,Metal,PVC/Rubber Insulated,60W,220-240V,"Yes
Depend on The Switch & Bulb",50Hz,IP20,Hardwired,Pendant,Yes,Minimal,Easy,~25min,Terminal Block,Universal,"Lamp Holder, Shade Ring, Lock Nut, Cable",No,Yes,"Screwdriver,Cable Cutter",~40-42mm,Yes,"A60 
ST64 
G95
G80 & Al kind E27 bulbs",Yes,Yes,Recommended,Yes,No,No,Yes,,,,,,2.7,,,,,,,,,e27 satinnickle pendant lamp holder,brass lamp holder,pendant lamp holder,"b22, floor lamp, table lamp, led bulb, shade only, e14",0.31,0.14,"satinnickle pendant lamp holder, e27 satinnickle pendant lamp holder, brass pendant lamp holder, e27 pendant lamp holder round cable, pendant lamp holder 1m cable, e27 pendant lamp holder uk, pendant lamp holder, e27 pendant lamp holder, satinnickle pendant light holder, brass lamp holder",,,,,,,,,,,,,,,,,,,,,,,,,,,,,,,
PHCHPCRYB,https://sin1.contabostorage.com/4ad62276cb6d4a83bfb1b8a91b839703:newom/newom/newom/img/product_images/1280.jpg,,Lighting Accessory,Pendant Lamp Holder,LEDSone,E27 Yellow Brass Pendant Lamp Holder with 1m Twisted Cable,E27,Yes,1.0,0.0,M40,,Edison Screw,Yes,M10,20 mm,Yes,No,-,Smooth,Metal,PVC,PVC,Brass,Yellow Brass,95.0,58.0,Round,Black,PVC,Smooth,3 Core,1m,Yes,"Live,Neatural,Earth",0.75 mm²,-,-,-,-,-,-,50mm,900mm,,,Metal,PVC/Rubber Insulated,60W,220-240V,"Yes
Depend on The Switch & Bulb",50Hz,IP20,Hardwired,Pendant,Yes,Minimal,Easy,~25min,Terminal Block,Universal,"Lamp Holder, Shade Ring, Lock Nut, Cable",No,Yes,"Screwdriver,Cable Cutter",~40-42mm,Yes,"A60 
ST64 
G95
G80 & Al kind E27 bulbs",Yes,Yes,Recommended,Yes,No,No,Yes,,,,,,2.7,,,,,,,,,e27 yellow brass pendant lamp holder,brass lamp holder,pendant lamp holder,"b22, floor lamp, table lamp, led bulb, shade only, e14",0.31,0.14,"yellow brass pendant lamp holder, e27 yellow brass pendant lamp holder, brass pendant lamp holder, e27 pendant lamp holder round cable, pendant lamp holder 1m cable, e27 pendant lamp holder uk, pendant lamp holder, e27 pendant lamp holder, yellow brass pendant light holder, brass lamp holder",,,,,,,,,,,,,,,,,,,,,,,,,,,,,,,
PHCHPCRSN,https://sin1.contabostorage.com/4ad62276cb6d4a83bfb1b8a91b839703:newom/newom/newom/img/product_images/1277.jpg,,Lighting Accessory,Pendant Lamp Holder,LEDSone,1m Clear PVC Cable Pendant Light Holder,E27,Yes,1.0,0.0,M40,,Edison Screw,Yes,M10,20 mm,Yes,No,-,Smooth,Metal,PVC,PVC,Brass,Satinnickle,95.0,58.0,Round,Black,PVC,Smooth,3 Core,1m,Yes,"Live,Neatural,Earth",0.75 mm²,-,-,-,-,-,-,50mm,900mm,,,Metal,PVC/Rubber Insulated,60W,220-240V,"Yes
Depend on The Switch & Bulb",50Hz,IP20,Hardwired,Pendant,Yes,Minimal,Easy,~25min,Terminal Block,Universal,"Lamp Holder, Shade Ring, Lock Nut, Cable",No,Yes,"Screwdriver,Cable Cutter",~40-42mm,Yes,"A60 
ST64 
G95
G80 & Al kind E27 bulbs",Yes,Yes,Recommended,Yes,No,No,Yes,,,,,,2.7,,,,,,,,,e27 satinnickle pendant lamp holder,brass lamp holder,pendant lamp holder,"b22, floor lamp, table lamp, led bulb, shade only, e14",0.31,0.14,"satinnickle pendant lamp holder, e27 satinnickle pendant lamp holder, brass pendant lamp holder, e27 pendant lamp holder round cable, pendant lamp holder 1m cable, e27 pendant lamp holder uk, pendant lamp holder, e27 pendant lamp holder, satinnickle pendant light holder, brass lamp holder",,,,,,,,,,,,,,,,,,,,,,,,,,,,,,,
PHCHPCRCH,https://sin1.contabostorage.com/4ad62276cb6d4a83bfb1b8a91b839703:newom/newom/newom/img/product_images/1276.jpg,,Lighting Accessory,Pendant Lamp Holder,LEDSone,E27 Chrome Pendant Lamp Holder with 1m Braided Cable,E27,Yes,1.0,0.0,M40,,Edison Screw,Yes,M10,20 mm,Yes,No,-,Smooth,Metal,PVC,PVC,Polished Chrome,Silver,95.0,58.0,Round,Black,PVC,Smooth,3 Core,1m,Yes,"Live,Neatural,Earth",0.75 mm²,-,-,-,-,-,-,50mm,900mm,,,Metal,PVC/Rubber Insulated,60W,220-240V,"Yes
Depend on The Switch & Bulb",50Hz,IP20,Hardwired,Pendant,Yes,Minimal,Easy,~25min,Terminal Block,Universal,"Lamp Holder, Shade Ring, Lock Nut, Cable",No,Yes,"Screwdriver,Cable Cutter",~40-42mm,Yes,"A60 
ST64 
G95
G80 & Al kind E27 bulbs",Yes,Yes,Recommended,Yes,No,No,Yes,,,,,,2.7,,,,,,,,,e27 silver pendant lamp holder,polished chrome lamp holder,pendant lamp holder,"b22, floor lamp, table lamp, led bulb, shade only, e14",0.31,0.14,"silver pendant lamp holder, e27 silver pendant lamp holder, polished chrome pendant lamp holder, e27 pendant lamp holder round cable, pendant lamp holder 1m cable, e27 pendant lamp holder uk, pendant lamp holder, e27 pendant lamp holder, silver pendant light holder, polished chrome lamp holder",,,,,,,,,,,,,,,,,,,,,,,,,,,,,,,
PHCHPBRRO,https://sin1.contabostorage.com/4ad62276cb6d4a83bfb1b8a91b839703:newom/newom/newom/img/product_images/1275.jpg,,Lighting Accessory,Pendant Lamp Holder,LEDSone,E27 Pendant Lamp Holder with 1m Round Cable,E27,Yes,1.0,0.0,M40,,Edison Screw,Yes,M10,20 mm,Yes,No,-,Smooth,Metal,PVC,PVC,Rose Gold,Rose Gold,95.0,58.0,Round,Black,PVC,Smooth,3 Core,1m,Yes,"Live,Neatural,Earth",0.75 mm²,-,-,-,-,-,-,50mm,900mm,,,Metal,PVC/Rubber Insulated,60W,220-240V,"Yes
Depend on The Switch & Bulb",50Hz,IP20,Hardwired,Pendant,Yes,Minimal,Easy,~25min,Terminal Block,Universal,"Lamp Holder, Shade Ring, Lock Nut, Cable",No,Yes,"Screwdriver,Cable Cutter",~40-42mm,Yes,"A60 
ST64 
G95
G80 & Al kind E27 bulbs",Yes,Yes,Recommended,Yes,No,No,Yes,,,,,,2.7,,,,,,,,,e27 rose gold pendant lamp holder,pendant lamp holder round cable,lamp holder with cable,"b22, floor lamp, table lamp, led bulb, shade only, e14",0.31,0.14,"rose gold pendant lamp holder, e27 rose gold pendant lamp holder, e27 pendant lamp holder round cable, pendant lamp holder 1m cable, e27 pendant lamp holder uk, pendant lamp holder, e27 pendant lamp holder, rose gold pendant light holder, rose gold lamp holder, pendant lamp holder round cable",,,,,,,,,,,,,,,,,,,,,,,,,,,,,,,
PHCHPBRGB,https://sin1.contabostorage.com/4ad62276cb6d4a83bfb1b8a91b839703:newom/newom/newom/img/product_images/1274.jpg,,Lighting Accessory,Pendant Lamp Holder,LEDSone,E27 Green BrassPendant Lamp Holder with 1m Round PVC Cable,E27,Yes,1.0,0.0,M40,,Edison Screw,Yes,M10,20 mm,Yes,No,-,Smooth,Metal,PVC,PVC,Brass,Green Brass,95.0,58.0,Round,Black,PVC,Smooth,3 Core,1m,Yes,"Live,Neatural,Earth",0.75 mm²,-,-,-,-,-,-,50mm,900mm,,,Metal,PVC/Rubber Insulated,60W,220-240V,"Yes
Depend on The Switch & Bulb",50Hz,IP20,Hardwired,Pendant,Yes,Minimal,Easy,~25min,Terminal Block,Universal,"Lamp Holder, Shade Ring, Lock Nut, Cable",No,Yes,"Screwdriver,Cable Cutter",~40-42mm,Yes,"A60 
ST64 
G95
G80 & Al kind E27 bulbs",Yes,Yes,Recommended,Yes,No,No,Yes,,,,,,2.7,,,,,,,,,e27 green brass pendant lamp holder,brass lamp holder,pendant lamp holder,"b22, floor lamp, table lamp, led bulb, shade only, e14",0.31,0.14,"green brass pendant lamp holder, e27 green brass pendant lamp holder, brass pendant lamp holder, e27 pendant lamp holder round cable, pendant lamp holder 1m cable, e27 pendant lamp holder uk, pendant lamp holder, e27 pendant lamp holder, green brass pendant light holder, brass lamp holder",,,,,,,,,,,,,,,,,,,,,,,,,,,,,,,
PHCHPBRCO,https://sin1.contabostorage.com/4ad62276cb6d4a83bfb1b8a91b839703:newom/newom/newom/img/product_images/1273.jpg,,Lighting Accessory,Pendant Lamp Holder,LEDSone,E27 Copper Pendant Lamp Holder with 1m Round Cable,E27,Yes,1.0,0.0,M40,,Edison Screw,Yes,M10,20 mm,Yes,No,-,Smooth,Metal,PVC,PVC,Brass,Copper,95.0,58.0,Round,Black,PVC,Smooth,3 Core,1m,Yes,"Live,Neatural,Earth",0.75 mm²,-,-,-,-,-,-,50mm,900mm,,,Metal,PVC/Rubber Insulated,60W,220-240V,"Yes
Depend on The Switch & Bulb",50Hz,IP20,Hardwired,Pendant,Yes,Minimal,Easy,~25min,Terminal Block,Universal,"Lamp Holder, Shade Ring, Lock Nut, Cable",No,Yes,"Screwdriver,Cable Cutter",~40-42mm,Yes,"A60 
ST64 
G95
G80 & Al kind E27 bulbs",Yes,Yes,Recommended,Yes,No,No,Yes,,,,,,2.7,,,,,,,,,e27 copper pendant lamp holder,brass lamp holder,pendant lamp holder,"b22, floor lamp, table lamp, led bulb, shade only, e14",0.31,0.14,"copper pendant lamp holder, e27 copper pendant lamp holder, brass pendant lamp holder, e27 pendant lamp holder round cable, pendant lamp holder 1m cable, e27 pendant lamp holder uk, pendant lamp holder, e27 pendant lamp holder, copper pendant light holder, brass lamp holder",,,,,,,,,,,,,,,,,,,,,,,,,,,,,,,
PHCH1BRRCO,https://sin1.contabostorage.com/4ad62276cb6d4a83bfb1b8a91b839703:newom/newom/newom/img/product_images/1231.jpg,,Lighting Accessory,Pendant Lamp Holder,LEDSone,E27 Copper Pendant Lamp Holder with 1m Round Cable,E27,Yes,1.0,0.0,M40,,Edison Screw,Yes,M10,20 mm,Yes,No,-,Smooth,Metal,PVC,PVC,Brass,Copper,95.0,58.0,Round,Brown,Fabric (PVC Inner Insulation),Braided,3 Core,1m,Yes,"Live,Neatural,Earth",0.75 mm²,-,-,-,-,-,-,50mm,900mm,,,Metal,Fabric Braided,60W,220-240V,"Yes
Depend on The Switch & Bulb",50Hz,IP20,Hardwired,Pendant,Yes,Minimal,Easy,~25min,Terminal Block,Universal,"Lamp Holder, Shade Ring, Lock Nut, Cable",No,Yes,"Screwdriver,Cable Cutter",~40-42mm,Yes,"A60 
ST64 
G95
G80 & Al kind E27 bulbs",Yes,Yes,Recommended,Yes,No,No,Yes,,,,,,2.7,,,,,,,,,e27 copper pendant lamp holder,brass lamp holder,pendant lamp holder,"b22, floor lamp, table lamp, led bulb, shade only, e14",0.31,0.14,"copper pendant lamp holder, e27 copper pendant lamp holder, brass pendant lamp holder, e27 pendant lamp holder round cable, pendant lamp holder 1m cable, e27 pendant lamp holder uk, pendant lamp holder, e27 pendant lamp holder, copper pendant light holder, brass lamp holder",,,,,,,,,,,,,,,,,,,,,,,,,,,,,,,
PHCH1PBRGC,https://sin1.contabostorage.com/4ad62276cb6d4a83bfb1b8a91b839703:newom/newom/newom/img/product_images/1195.jpg,,Lighting Accessory,Pendant Lamp Holder,LEDSone,E27 Pendant Lamp Holder with 1m Round Cable,E27,Yes,1.0,0.0,M40,,Edison Screw,Yes,M10,20 mm,Yes,No,-,Smooth,Metal,PVC,PVC,Oxidized,Greens,95.0,58.0,Round,Black,PVC,Smooth,3 Core,1m,Yes,"Live,Neatural,Earth",0.75 mm²,-,-,-,-,-,-,50mm,900mm,,,Metal,PVC/Rubber Insulated,60W,220-240V,"Yes
Depend on The Switch & Bulb",50Hz,IP20,Hardwired,Pendant,Yes,Minimal,Easy,~25min,Terminal Block,Universal,"Lamp Holder, Shade Ring, Lock Nut, Cable",No,Yes,"Screwdriver,Cable Cutter",~40-42mm,Yes,"A60 
ST64 
G95
G80 & Al kind E27 bulbs",Yes,Yes,Recommended,Yes,No,No,Yes,,,,,,2.7,,,,,,,,,e27 greens pendant lamp holder,oxidized lamp holder,pendant lamp holder,"b22, floor lamp, table lamp, led bulb, shade only, e14",0.31,0.14,"greens pendant lamp holder, e27 greens pendant lamp holder, oxidized pendant lamp holder, e27 pendant lamp holder round cable, pendant lamp holder 1m cable, e27 pendant lamp holder uk, pendant lamp holder, e27 pendant lamp holder, greens pendant light holder, oxidized lamp holder",,,,,,,,,,,,,,,,,,,,,,,,,,,,,,,
PHCH1PBRCY,https://sin1.contabostorage.com/4ad62276cb6d4a83bfb1b8a91b839703:newom/newom/newom/img/product_images/1194.jpg,,Lighting Accessory,Pendant Lamp Holder,LEDSone,E27 Pendant Lamp Holder with 1m Round Cable,E27,Yes,1.0,0.0,M40,,Edison Screw,Yes,M10,20 mm,Yes,No,-,Smooth,Metal,PVC,PVC,Rust,Browns,95.0,58.0,Round,Black,PVC,Smooth,3 Core,1m,Yes,"Live,Neatural,Earth",0.75 mm²,-,-,-,-,-,-,50mm,900mm,,,Metal,PVC/Rubber Insulated,60W,220-240V,"Yes
Depend on The Switch & Bulb",50Hz,IP20,Hardwired,Pendant,Yes,Minimal,Easy,~25min,Terminal Block,Universal,"Lamp Holder, Shade Ring, Lock Nut, Cable",No,Yes,"Screwdriver,Cable Cutter",~40-42mm,Yes,"A60 
ST64 
G95
G80 & Al kind E27 bulbs",Yes,Yes,Recommended,Yes,No,No,Yes,,,,,,2.7,,,,,,,,,e27 browns pendant lamp holder,rust lamp holder,pendant lamp holder,"b22, floor lamp, table lamp, led bulb, shade only, e14",0.31,0.14,"browns pendant lamp holder, e27 browns pendant lamp holder, rust pendant lamp holder, e27 pendant lamp holder round cable, pendant lamp holder 1m cable, e27 pendant lamp holder uk, pendant lamp holder, e27 pendant lamp holder, browns pendant light holder, rust lamp holder",,,,,,,,,,,,,,,,,,,,,,,,,,,,,,,
PHCH1PBRAA,https://sin1.contabostorage.com/4ad62276cb6d4a83bfb1b8a91b839703:newom/newom/newom/img/product_images/1193.jpg,,Lighting Accessory,Pendant Lamp Holder,LEDSone,E27 Pendant Lamp Holder with 1m Round Cable,E27,Yes,1.0,0.0,M40,,Edison Screw,Yes,M10,20 mm,Yes,No,-,Smooth,Metal,PVC,PVC,Splatter,Multicolour,95.0,58.0,Round,Black,PVC,Smooth,3 Core,1m,Yes,"Live,Neatural,Earth",0.75 mm²,-,-,-,-,-,-,50mm,900mm,,,Metal,PVC/Rubber Insulated,60W,220-240V,"Yes
Depend on The Switch & Bulb",50Hz,IP20,Hardwired,Pendant,Yes,Minimal,Easy,~25min,Terminal Block,Universal,"Lamp Holder, Shade Ring, Lock Nut, Cable",No,Yes,"Screwdriver,Cable Cutter",~40-42mm,Yes,"A60 
ST64 
G95
G80 & Al kind E27 bulbs",Yes,Yes,Recommended,Yes,No,No,Yes,,,,,,2.7,,,,,,,,,e27 multicolour pendant lamp holder,splatter lamp holder,pendant lamp holder,"b22, floor lamp, table lamp, led bulb, shade only, e14",0.31,0.14,"multicolour pendant lamp holder, e27 multicolour pendant lamp holder, splatter pendant lamp holder, e27 pendant lamp holder round cable, pendant lamp holder 1m cable, e27 pendant lamp holder uk, pendant lamp holder, e27 pendant lamp holder, multicolour pendant light holder, splatter lamp holder",,,,,,,,,,,,,,,,,,,,,,,,,,,,,,,
PHCH1BMRBM,https://sin1.contabostorage.com/4ad62276cb6d4a83bfb1b8a91b839703:newom/newom/newom/img/product_images/735.jpg,,Lighting Accessory,Pendant Lamp Holder,LEDSone,E27 Pendant Lamp Holder with 1m Round Cable,E27,Yes,1.0,0.0,M40,,Edison Screw,Yes,M10,20 mm,Yes,No,-,Smooth,Metal,PVC,PVC,Matte Black,Black,80.0,50.0,Round,Black,PVC,Smooth,3 Core,1m,Yes,"Live,Neatural,Earth",0.75 mm²,-,-,-,-,-,-,50mm,900mm,,,Metal,PVC/Rubber Insulated,60W,220-240V,"Yes
Depend on The Switch & Bulb",50Hz,IP20,Hardwired,Pendant,Yes,Minimal,Easy,~25min,Terminal Block,Universal,"Lamp Holder, Shade Ring, Lock Nut, Cable",No,Yes,"Screwdriver,Cable Cutter",~40-42mm,Yes,"A60 
ST64 
G95
G80 & Al kind E27 bulbs",Yes,Yes,Recommended,Yes,No,No,Yes,,,,,,2.7,,,,,,,,,e27 black pendant lamp holder,matte black lamp holder,pendant lamp holder,"b22, floor lamp, table lamp, led bulb, shade only, e14",0.31,0.14,"black pendant lamp holder, e27 black pendant lamp holder, matte black pendant lamp holder, e27 pendant lamp holder round cable, pendant lamp holder 1m cable, e27 pendant lamp holder uk, pendant lamp holder, e27 pendant lamp holder, black pendant light holder, matte black lamp holder",,,,,,,,,,,,,,,,,,,,,,,,,,,,,,,
PHCH2BMRBM,https://sin1.contabostorage.com/4ad62276cb6d4a83bfb1b8a91b839703:newom/newom/newom/img/product_images/3124.jpg,,Lighting Accessory,Pendant Lamp Holder,LEDSone,E27 Pendant Lamp Holder with 1m Round Cable,E27,Yes,1.0,0.0,M40,,Edison Screw,Yes,M10,20 mm,Yes,No,-,Smooth,Metal,PVC,PVC,Matte Black,Black,80.0,50.0,Round,Black,PVC,Smooth,3 Core,1m,Yes,"Live,Neatural,Earth",0.75 mm²,-,-,-,-,-,-,50mm,900mm,,,Metal,PVC/Rubber Insulated,60W,220-240V,"Yes
Depend on The Switch & Bulb",50Hz,IP20,Hardwired,Pendant,Yes,Minimal,Easy,~25min,Terminal Block,Universal,"Lamp Holder, Shade Ring, Lock Nut, Cable",No,Yes,"Screwdriver,Cable Cutter",~40-42mm,Yes,"A60 
ST64 
G95
G80 & Al kind E27 bulbs",Yes,Yes,Recommended,Yes,No,No,Yes,,,,,,2.7,,,,,,,,,e27 black pendant lamp holder,matte black lamp holder,pendant lamp holder,"b22, floor lamp, table lamp, led bulb, shade only, e14",0.31,0.14,"black pendant lamp holder, e27 black pendant lamp holder, matte black pendant lamp holder, e27 pendant lamp holder round cable, pendant lamp holder 1m cable, e27 pendant lamp holder uk, pendant lamp holder, e27 pendant lamp holder, black pendant light holder, matte black lamp holder",,,,,,,,,,,,,,,,,,,,,,,,,,,,,,,
PHCH1PBRBB,https://sin1.contabostorage.com/4ad62276cb6d4a83bfb1b8a91b839703:newom/newom/newom/img/product_images/1923.jpg,,Lighting Accessory,Pendant Lamp Holder,LEDSone,E27 Pendant Lamp Holder with 1m Round Cable,E27,Yes,1.0,0.0,M40,,Edison Screw,Yes,M10,20 mm,Yes,No,-,Smooth,Metal,PVC,PVC,Brass,Brushed Brass,80.0,50.0,Round,Black,PVC,Smooth,3 Core,1m,Yes,"Live,Neatural,Earth",0.75 mm²,-,-,-,-,-,-,50mm,900mm,,,Metal,PVC/Rubber Insulated,60W,220-240V,"Yes
Depend on The Switch & Bulb",50Hz,IP20,Hardwired,Pendant,Yes,Minimal,Easy,~25min,Terminal Block,Universal,"Lamp Holder, Shade Ring, Lock Nut, Cable",No,Yes,"Screwdriver,Cable Cutter",~40-42mm,Yes,"A60 
ST64 
G95
G80 & Al kind E27 bulbs",Yes,Yes,Recommended,Yes,No,No,Yes,,,,,,2.7,,,,,,,,,e27 brushed brass pendant lamp holder,brass lamp holder,pendant lamp holder,"b22, floor lamp, table lamp, led bulb, shade only, e14",0.31,0.14,"brushed brass pendant lamp holder, e27 brushed brass pendant lamp holder, brass pendant lamp holder, e27 pendant lamp holder round cable, pendant lamp holder 1m cable, e27 pendant lamp holder uk, pendant lamp holder, e27 pendant lamp holder, brushed brass pendant light holder, brass lamp holder",,,,,,,,,,,,,,,,,,,,,,,,,,,,,,,
PHCH1PBRRR,https://sin1.contabostorage.com/4ad62276cb6d4a83bfb1b8a91b839703:newom/newom/newom/img/product_images/1234.jpg,,Lighting Accessory,Pendant Lamp Holder,LEDSone,E27 Pendant Lamp Holder with 1m Round Cable,E27,Yes,1.0,0.0,M40,,Edison Screw,Yes,M10,20 mm,Yes,No,-,Smooth,Metal,PVC,PVC,Rustic Red,Red,80.0,50.0,Round,Black,PVC,Smooth,3 Core,1m,Yes,"Live,Neatural,Earth",0.75 mm²,-,-,-,-,-,-,50mm,900mm,,,Metal,PVC/Rubber Insulated,60W,220-240V,"Yes
Depend on The Switch & Bulb",50Hz,IP20,Hardwired,Pendant,Yes,Minimal,Easy,~25min,Terminal Block,Universal,"Lamp Holder, Shade Ring, Lock Nut, Cable",No,Yes,"Screwdriver,Cable Cutter",~40-42mm,Yes,"A60 
ST64 
G95
G80 & Al kind E27 bulbs",Yes,Yes,Recommended,Yes,No,No,Yes,,,,,,2.7,,,,,,,,,e27 red pendant lamp holder,rustic red lamp holder,pendant lamp holder,"b22, floor lamp, table lamp, led bulb, shade only, e14",0.31,0.14,"red pendant lamp holder, e27 red pendant lamp holder, rustic red pendant lamp holder, e27 pendant lamp holder round cable, pendant lamp holder 1m cable, e27 pendant lamp holder uk, pendant lamp holder, e27 pendant lamp holder, red pendant light holder, rustic red lamp holder",,,,,,,,,,,,,,,,,,,,,,,,,,,,,,,
PHCH1PBRBC,https://sin1.contabostorage.com/4ad62276cb6d4a83bfb1b8a91b839703:newom/newom/newom/img/product_images/1233.jpg,,Lighting Accessory,Pendant Lamp Holder,LEDSone,E27 Pendant Lamp Holder with 1m Round Cable,E27,Yes,1.0,0.0,M40,,Edison Screw,Yes,M10,20 mm,Yes,No,-,Smooth,Metal,PVC,PVC,Brass,Brushed Copper,80.0,50.0,Round,Black,PVC,Smooth,3 Core,1m,Yes,"Live,Neatural,Earth",0.75 mm²,-,-,-,-,-,-,50mm,900mm,,,Metal,PVC/Rubber Insulated,60W,220-240V,"Yes
Depend on The Switch & Bulb",50Hz,IP20,Hardwired,Pendant,Yes,Minimal,Easy,~25min,Terminal Block,Universal,"Lamp Holder, Shade Ring, Lock Nut, Cable",No,Yes,"Screwdriver,Cable Cutter",~40-42mm,Yes,"A60 
ST64 
G95
G80 & Al kind E27 bulbs",Yes,Yes,Recommended,Yes,No,No,Yes,,,,,,2.7,,,,,,,,,e27 brushed copper pendant lamp holder,brass lamp holder,pendant lamp holder,"b22, floor lamp, table lamp, led bulb, shade only, e14",0.31,0.14,"brushed copper pendant lamp holder, e27 brushed copper pendant lamp holder, brass pendant lamp holder, e27 pendant lamp holder round cable, pendant lamp holder 1m cable, e27 pendant lamp holder uk, pendant lamp holder, e27 pendant lamp holder, brushed copper pendant light holder, brass lamp holder",,,,,,,,,,,,,,,,,,,,,,,,,,,,,,,
PHCH1PBRBS,https://sin1.contabostorage.com/4ad62276cb6d4a83bfb1b8a91b839703:newom/newom/newom/img/product_images/1232.jpg,,Lighting Accessory,Pendant Lamp Holder,LEDSone,E27 Pendant Lamp Holder with 1m Round Cable,E27,Yes,1.0,0.0,M40,,Edison Screw,Yes,M10,20 mm,Yes,No,-,Smooth,Metal,PVC,PVC,Brushed Silver,Silver,80.0,50.0,Round,Black,PVC,Smooth,3 Core,1m,Yes,"Live,Neatural,Earth",0.75 mm²,-,-,-,-,-,-,50mm,900mm,,,Metal,PVC/Rubber Insulated,60W,220-240V,"Yes
Depend on The Switch & Bulb",50Hz,IP20,Hardwired,Pendant,Yes,Minimal,Easy,~25min,Terminal Block,Universal,"Lamp Holder, Shade Ring, Lock Nut, Cable",No,Yes,"Screwdriver,Cable Cutter",~40-42mm,Yes,"A60 
ST64 
G95
G80 & Al kind E27 bulbs",Yes,Yes,Recommended,Yes,No,No,Yes,,,,,,2.7,,,,,,,,,e27 silver pendant lamp holder,brushed silver lamp holder,pendant lamp holder,"b22, floor lamp, table lamp, led bulb, shade only, e14",0.31,0.14,"silver pendant lamp holder, e27 silver pendant lamp holder, brushed silver pendant lamp holder, e27 pendant lamp holder round cable, pendant lamp holder 1m cable, e27 pendant lamp holder uk, pendant lamp holder, e27 pendant lamp holder, silver pendant light holder, brushed silver lamp holder",,,,,,,,,,,,,,,,,,,,,,,,,,,,,,,
PHHC1BMRYB,https://sin1.contabostorage.com/4ad62276cb6d4a83bfb1b8a91b839703:newom/newom/newom/img/product_images/5064.jpg,,Lighting Accessory,Pendant Lamp Holder,LEDSone,E27 Yellow Brass Pendant Lamp Holder with 1m Twisted Cable,E27,Yes,1.0,0.0,M40,,Edison Screw,Yes,M10,20 mm,Yes,No,-,Smooth,Metal,PVC,PVC,Brass,Yellow Brass,113.0,50.0,Round,Black,PVC,Smooth,3 Core,1m,Yes,"Live,Neatural,Earth",0.75 mm²,-,-,-,-,-,-,50mm,900mm,,,Metal,PVC/Rubber Insulated,60W,220-240V,"Yes
Depend on The Switch & Bulb",50Hz,IP20,Hardwired,Pendant,Yes,Minimal,Easy,~25min,Terminal Block,Universal,"Lamp Holder, Shade Ring, Lock Nut, Cable",No,Yes,"Screwdriver,Cable Cutter",~40-42mm,Yes,"A60 
ST64 
G95
G80 & Al kind E27 bulbs",Yes,Yes,Recommended,Yes,No,No,Yes,,,,,,2.7,,,,,,,,,e27 yellow brass pendant lamp holder,brass lamp holder,pendant lamp holder,"b22, floor lamp, table lamp, led bulb, shade only, e14",0.31,0.14,"yellow brass pendant lamp holder, e27 yellow brass pendant lamp holder, brass pendant lamp holder, e27 pendant lamp holder round cable, pendant lamp holder 1m cable, e27 pendant lamp holder uk, pendant lamp holder, e27 pendant lamp holder, yellow brass pendant light holder, brass lamp holder",,,,,,,,,,,,,,,,,,,,,,,,,,,,,,,
PHHC1BMRBM,https://sin1.contabostorage.com/4ad62276cb6d4a83bfb1b8a91b839703:newom/newom/newom/img/product_images/5063.jpg,,Lighting Accessory,Pendant Lamp Holder,LEDSone,E27 Pendant Lamp Holder with 1m Round Cable,E27,Yes,1.0,0.0,M40,,Edison Screw,Yes,M10,20 mm,Yes,No,-,Smooth,Metal,PVC,PVC,Matte Black,Black,113.0,50.0,Round,Black,PVC,Smooth,3 Core,1m,Yes,"Live,Neatural,Earth",0.75 mm²,-,-,-,-,-,-,50mm,900mm,,,Metal,PVC/Rubber Insulated,60W,220-240V,"Yes
Depend on The Switch & Bulb",50Hz,IP20,Hardwired,Pendant,Yes,Minimal,Easy,~25min,Terminal Block,Universal,"Lamp Holder, Shade Ring, Lock Nut, Cable",No,Yes,"Screwdriver,Cable Cutter",~40-42mm,Yes,"A60 
ST64 
G95
G80 & Al kind E27 bulbs",Yes,Yes,Recommended,Yes,No,No,Yes,,,,,,2.7,,,,,,,,,e27 black pendant lamp holder,matte black lamp holder,pendant lamp holder,"b22, floor lamp, table lamp, led bulb, shade only, e14",0.31,0.14,"black pendant lamp holder, e27 black pendant lamp holder, matte black pendant lamp holder, e27 pendant lamp holder round cable, pendant lamp holder 1m cable, e27 pendant lamp holder uk, pendant lamp holder, e27 pendant lamp holder, black pendant light holder, matte black lamp holder",,,,,,,,,,,,,,,,,,,,,,,,,,,,,,,
PHHF1PBRBS,https://sin1.contabostorage.com/4ad62276cb6d4a83bfb1b8a91b839703:newom/newom/newom/img/product_images/37137.jpg,,Lighting Accessory,Pendant Lamp Holder,LEDSone,E27 Pendant Lamp Holder with 1m Round Cable,E27,Yes,1.0,0.0,M40,,Edison Screw,Yes,M10,20 mm,Yes,No,-,Smooth,Metal,PVC,PVC,Brushed Silver,Silver,,,Round,Black,PVC,Smooth,3 Core,1m,Yes,"Live,Neatural,Earth",0.75 mm²,-,-,-,-,-,-,50mm,900mm,,,Metal,PVC/Rubber Insulated,60W,220-240V,"Yes
Depend on The Switch & Bulb",50Hz,IP20,Hardwired,Pendant,Yes,Minimal,Easy,~25min,Terminal Block,Universal,"Lamp Holder, Shade Ring, Lock Nut, Cable",No,Yes,"Screwdriver,Cable Cutter",~40-42mm,Yes,"A60 
ST64 
G95
G80 & Al kind E27 bulbs",Yes,Yes,Recommended,Yes,No,No,Yes,,,,,,2.7,,,,,,,,,e27 silver pendant lamp holder,brushed silver lamp holder,pendant lamp holder,"b22, floor lamp, table lamp, led bulb, shade only, e14",0.31,0.14,"silver pendant lamp holder, e27 silver pendant lamp holder, brushed silver pendant lamp holder, e27 pendant lamp holder round cable, pendant lamp holder 1m cable, e27 pendant lamp holder uk, pendant lamp holder, e27 pendant lamp holder, silver pendant light holder, brushed silver lamp holder",,,,,,,,,,,,,,,,,,,,,,,,,,,,,,,
PHHF1PBRBC,https://sin1.contabostorage.com/4ad62276cb6d4a83bfb1b8a91b839703:newom/newom/newom/img/product_images/37136.jpg,,Lighting Accessory,Pendant Lamp Holder,LEDSone,E27 Pendant Lamp Holder with 1m Round Cable,E27,Yes,1.0,0.0,M40,,Edison Screw,Yes,M10,20 mm,Yes,No,-,Smooth,Metal,PVC,PVC,Brass,Brushed Copper,,,Round,Black,PVC,Smooth,3 Core,1m,Yes,"Live,Neatural,Earth",0.75 mm²,-,-,-,-,-,-,50mm,900mm,,,Metal,PVC/Rubber Insulated,60W,220-240V,"Yes
Depend on The Switch & Bulb",50Hz,IP20,Hardwired,Pendant,Yes,Minimal,Easy,~25min,Terminal Block,Universal,"Lamp Holder, Shade Ring, Lock Nut, Cable",No,Yes,"Screwdriver,Cable Cutter",~40-42mm,Yes,"A60 
ST64 
G95
G80 & Al kind E27 bulbs",Yes,Yes,Recommended,Yes,No,No,Yes,,,,,,2.7,,,,,,,,,e27 brushed copper pendant lamp holder,brass lamp holder,pendant lamp holder,"b22, floor lamp, table lamp, led bulb, shade only, e14",0.31,0.14,"brushed copper pendant lamp holder, e27 brushed copper pendant lamp holder, brass pendant lamp holder, e27 pendant lamp holder round cable, pendant lamp holder 1m cable, e27 pendant lamp holder uk, pendant lamp holder, e27 pendant lamp holder, brushed copper pendant light holder, brass lamp holder",,,,,,,,,,,,,,,,,,,,,,,,,,,,,,,
PHHF1PBRBM,https://sin1.contabostorage.com/4ad62276cb6d4a83bfb1b8a91b839703:newom/newom/newom/img/product_images/37135.jpg,,Lighting Accessory,Pendant Lamp Holder,LEDSone,E27 Pendant Lamp Holder with 1m Round Cable,E27,Yes,1.0,0.0,M40,,Edison Screw,Yes,M10,20 mm,Yes,No,-,Smooth,Metal,PVC,PVC,Matte Black,Black,,,Round,Black,PVC,Smooth,3 Core,1m,Yes,"Live,Neatural,Earth",0.75 mm²,-,-,-,-,-,-,50mm,900mm,,,Metal,PVC/Rubber Insulated,60W,220-240V,"Yes
Depend on The Switch & Bulb",50Hz,IP20,Hardwired,Pendant,Yes,Minimal,Easy,~25min,Terminal Block,Universal,"Lamp Holder, Shade Ring, Lock Nut, Cable",No,Yes,"Screwdriver,Cable Cutter",~40-42mm,Yes,"A60 
ST64 
G95
G80 & Al kind E27 bulbs",Yes,Yes,Recommended,Yes,No,No,Yes,,,,,,2.7,,,,,,,,,e27 black pendant lamp holder,matte black lamp holder,pendant lamp holder,"b22, floor lamp, table lamp, led bulb, shade only, e14",0.31,0.14,"black pendant lamp holder, e27 black pendant lamp holder, matte black pendant lamp holder, e27 pendant lamp holder round cable, pendant lamp holder 1m cable, e27 pendant lamp holder uk, pendant lamp holder, e27 pendant lamp holder, black pendant light holder, matte black lamp holder",,,,,,,,,,,,,,,,,,,,,,,,,,,,,,,
PHCN1PBRYB,https://sin1.contabostorage.com/4ad62276cb6d4a83bfb1b8a91b839703:newom/newom/newom/img/product_images/789.jpg,,Lighting Accessory,Pendant Lamp Holder,LEDSone,E27 Yellow Brass Pendant Lamp Holder with 1m Twisted Cable,E27,Yes,1.0,0.0,M40,,Edison Screw,Yes,M10,20 mm,Yes,No,-,Smooth,Metal,PVC,PVC,Brass,Yellow Brass,80.0,60.0,Round,Black,PVC,Smooth,3 Core,1m,Yes,"Live,Neatural,Earth",0.75 mm²,-,-,-,-,-,-,50mm,900mm,,,Metal,PVC/Rubber Insulated,60W,220-240V,"Yes
Depend on The Switch & Bulb",50Hz,IP20,Hardwired,Pendant,Yes,Minimal,Easy,~25min,Terminal Block,Universal,"Lamp Holder, Shade Ring, Lock Nut, Cable",No,Yes,"Screwdriver,Cable Cutter",~40-42mm,Yes,"A60 
ST64 
G95
G80 & Al kind E27 bulbs",Yes,Yes,Recommended,Yes,No,No,Yes,,,,,,2.7,,,,,,,,,e27 yellow brass pendant lamp holder,brass lamp holder,pendant lamp holder,"b22, floor lamp, table lamp, led bulb, shade only, e14",0.31,0.14,"yellow brass pendant lamp holder, e27 yellow brass pendant lamp holder, brass pendant lamp holder, e27 pendant lamp holder round cable, pendant lamp holder 1m cable, e27 pendant lamp holder uk, pendant lamp holder, e27 pendant lamp holder, yellow brass pendant light holder, brass lamp holder",,,,,,,,,,,,,,,,,,,,,,,,,,,,,,,
PHCN1PBRCO,https://sin1.contabostorage.com/4ad62276cb6d4a83bfb1b8a91b839703:newom/newom/newom/img/product_images/788.jpg,,Lighting Accessory,Pendant Lamp Holder,LEDSone,E27 Copper Pendant Lamp Holder with 1m Round Cable,E27,Yes,1.0,0.0,M40,,Edison Screw,Yes,M10,20 mm,Yes,No,-,Smooth,Metal,PVC,PVC,Brass,Copper,80.0,60.0,Round,Black,PVC,Smooth,3 Core,1m,Yes,"Live,Neatural,Earth",0.75 mm²,-,-,-,-,-,-,50mm,900mm,,,Metal,PVC/Rubber Insulated,60W,220-240V,"Yes
Depend on The Switch & Bulb",50Hz,IP20,Hardwired,Pendant,Yes,Minimal,Easy,~25min,Terminal Block,Universal,"Lamp Holder, Shade Ring, Lock Nut, Cable",No,Yes,"Screwdriver,Cable Cutter",~40-42mm,Yes,"A60 
ST64 
G95
G80 & Al kind E27 bulbs",Yes,Yes,Recommended,Yes,No,No,Yes,,,,,,2.7,,,,,,,,,e27 copper pendant lamp holder,brass lamp holder,pendant lamp holder,"b22, floor lamp, table lamp, led bulb, shade only, e14",0.31,0.14,"copper pendant lamp holder, e27 copper pendant lamp holder, brass pendant lamp holder, e27 pendant lamp holder round cable, pendant lamp holder 1m cable, e27 pendant lamp holder uk, pendant lamp holder, e27 pendant lamp holder, copper pendant light holder, brass lamp holder",,,,,,,,,,,,,,,,,,,,,,,,,,,,,,,
PHCN1PWRWH,https://sin1.contabostorage.com/4ad62276cb6d4a83bfb1b8a91b839703:newom/newom/newom/img/product_images/787.jpg,,Lighting Accessory,Pendant Lamp Holder,LEDSone,E27 Pendant Lamp Holder with 1m Round Cable,E27,Yes,1.0,0.0,M40,,Edison Screw,Yes,M10,20 mm,Yes,No,-,Smooth,Metal,PVC,PVC,Painetd White,White,80.0,60.0,Round,White,PVC,Smooth,3 Core,1m,Yes,"Live,Neatural,Earth",0.75 mm²,-,-,-,-,-,-,50mm,900mm,,,Metal,PVC/Rubber Insulated,60W,220-240V,"Yes
Depend on The Switch & Bulb",50Hz,IP20,Hardwired,Pendant,Yes,Minimal,Easy,~25min,Terminal Block,Universal,"Lamp Holder, Shade Ring, Lock Nut, Cable",No,Yes,"Screwdriver,Cable Cutter",~40-42mm,Yes,"A60 
ST64 
G95
G80 & Al kind E27 bulbs",Yes,Yes,Recommended,Yes,No,No,Yes,,,,,,2.7,,,,,,,,,e27 white pendant lamp holder,painetd white lamp holder,pendant lamp holder,"b22, floor lamp, table lamp, led bulb, shade only, e14",0.31,0.14,"white pendant lamp holder, e27 white pendant lamp holder, painetd white pendant lamp holder, e27 pendant lamp holder round cable, pendant lamp holder 1m cable, e27 pendant lamp holder uk, pendant lamp holder, e27 pendant lamp holder, white pendant light holder, painetd white lamp holder",,,,,,,,,,,,,,,,,,,,,,,,,,,,,,,
PHCN1PCRSN,https://sin1.contabostorage.com/4ad62276cb6d4a83bfb1b8a91b839703:newom/newom/newom/img/product_images/786.jpg,,Lighting Accessory,Pendant Lamp Holder,LEDSone,E27 Pendant Lamp Holder with 1m Round Cable,E27,Yes,1.0,0.0,M40,,Edison Screw,Yes,M10,20 mm,Yes,No,-,Smooth,Metal,PVC,PVC,Brass,Satinnickle,80.0,60.0,Round,White,PVC,Smooth,3 Core,1m,Yes,"Live,Neatural,Earth",0.75 mm²,-,-,-,-,-,-,50mm,900mm,,,Metal,PVC/Rubber Insulated,60W,220-240V,"Yes
Depend on The Switch & Bulb",50Hz,IP20,Hardwired,Pendant,Yes,Minimal,Easy,~25min,Terminal Block,Universal,"Lamp Holder, Shade Ring, Lock Nut, Cable",No,Yes,"Screwdriver,Cable Cutter",~40-42mm,Yes,"A60 
ST64 
G95
G80 & Al kind E27 bulbs",Yes,Yes,Recommended,Yes,No,No,Yes,,,,,,2.7,,,,,,,,,e27 satinnickle pendant lamp holder,brass lamp holder,pendant lamp holder,"b22, floor lamp, table lamp, led bulb, shade only, e14",0.31,0.14,"satinnickle pendant lamp holder, e27 satinnickle pendant lamp holder, brass pendant lamp holder, e27 pendant lamp holder round cable, pendant lamp holder 1m cable, e27 pendant lamp holder uk, pendant lamp holder, e27 pendant lamp holder, satinnickle pendant light holder, brass lamp holder",,,,,,,,,,,,,,,,,,,,,,,,,,,,,,,
PHCN1PBRRO,https://sin1.contabostorage.com/4ad62276cb6d4a83bfb1b8a91b839703:newom/newom/newom/img/product_images/785.jpg,,Lighting Accessory,Pendant Lamp Holder,LEDSone,E27 Pendant Lamp Holder with 1m Round Cable,E27,Yes,1.0,0.0,M40,,Edison Screw,Yes,M10,20 mm,Yes,No,-,Smooth,Metal,PVC,PVC,Rose Gold,Rose Gold,80.0,60.0,Round,Black,PVC,Smooth,3 Core,1m,Yes,"Live,Neatural,Earth",0.75 mm²,-,-,-,-,-,-,50mm,900mm,,,Metal,PVC/Rubber Insulated,60W,220-240V,"Yes
Depend on The Switch & Bulb",50Hz,IP20,Hardwired,Pendant,Yes,Minimal,Easy,~25min,Terminal Block,Universal,"Lamp Holder, Shade Ring, Lock Nut, Cable",No,Yes,"Screwdriver,Cable Cutter",~40-42mm,Yes,"A60 
ST64 
G95
G80 & Al kind E27 bulbs",Yes,Yes,Recommended,Yes,No,No,Yes,,,,,,2.7,,,,,,,,,e27 rose gold pendant lamp holder,pendant lamp holder round cable,lamp holder with cable,"b22, floor lamp, table lamp, led bulb, shade only, e14",0.31,0.14,"rose gold pendant lamp holder, e27 rose gold pendant lamp holder, e27 pendant lamp holder round cable, pendant lamp holder 1m cable, e27 pendant lamp holder uk, pendant lamp holder, e27 pendant lamp holder, rose gold pendant light holder, rose gold lamp holder, pendant lamp holder round cable",,,,,,,,,,,,,,,,,,,,,,,,,,,,,,,
PHCN1PBRBM,https://sin1.contabostorage.com/4ad62276cb6d4a83bfb1b8a91b839703:newom/newom/newom/img/product_images/46.jpg,,Lighting Accessory,Pendant Lamp Holder,LEDSone,E27 Pendant Lamp Holder with 1m Round Cable,E27,Yes,1.0,0.0,M40,,Edison Screw,Yes,M10,20 mm,Yes,No,-,Smooth,Metal,PVC,PVC,Matte Black,Black,80.0,60.0,Round,Black,PVC,Smooth,3 Core,1m,Yes,"Live,Neatural,Earth",0.75 mm²,-,-,-,-,-,-,50mm,900mm,,,Metal,PVC/Rubber Insulated,60W,220-240V,"Yes
Depend on The Switch & Bulb",50Hz,IP20,Hardwired,Pendant,Yes,Minimal,Easy,~25min,Terminal Block,Universal,"Lamp Holder, Shade Ring, Lock Nut, Cable",No,Yes,"Screwdriver,Cable Cutter",~40-42mm,Yes,"A60 
ST64 
G95
G80 & Al kind E27 bulbs",Yes,Yes,Recommended,Yes,No,No,Yes,,,,,,2.7,,,,,,,,,e27 black pendant lamp holder,matte black lamp holder,pendant lamp holder,"b22, floor lamp, table lamp, led bulb, shade only, e14",0.31,0.14,"black pendant lamp holder, e27 black pendant lamp holder, matte black pendant lamp holder, e27 pendant lamp holder round cable, pendant lamp holder 1m cable, e27 pendant lamp holder uk, pendant lamp holder, e27 pendant lamp holder, black pendant light holder, matte black lamp holder",,,,,,,,,,,,,,,,,,,,,,,,,,,,,,,
PHDO1PWRWH,https://sin1.contabostorage.com/4ad62276cb6d4a83bfb1b8a91b839703:newom/newom/newom/img/product_images/2991.jpg,,Lighting Accessory,Pendant Lamp Holder,LEDSone,E27 Pendant Lamp Holder with 1m Round Cable,E27,Yes,1.0,0.0,M40,,Edison Screw,Yes,M10,20 mm,Yes,No,-,Smooth,Metal,PVC,PVC,Painetd White,White,,,Round,White,PVC,Smooth,3 Core,1m,Yes,"Live,Neatural,Earth",0.75 mm²,-,-,-,-,-,-,50mm,900mm,,,Metal,PVC/Rubber Insulated,60W,220-240V,"Yes
Depend on The Switch & Bulb",50Hz,IP20,Hardwired,Pendant,Yes,Minimal,Easy,~25min,Terminal Block,Universal,"Lamp Holder, Shade Ring, Lock Nut, Cable",No,Yes,"Screwdriver,Cable Cutter",~40-42mm,Yes,"A60 
ST64 
G95
G80 & Al kind E27 bulbs",Yes,Yes,Recommended,Yes,No,No,Yes,,,,,,2.7,,,,,,,,,e27 white pendant lamp holder,painetd white lamp holder,pendant lamp holder,"b22, floor lamp, table lamp, led bulb, shade only, e14",0.31,0.14,"white pendant lamp holder, e27 white pendant lamp holder, painetd white pendant lamp holder, e27 pendant lamp holder round cable, pendant lamp holder 1m cable, e27 pendant lamp holder uk, pendant lamp holder, e27 pendant lamp holder, white pendant light holder, painetd white lamp holder",,,,,,,,,,,,,,,,,,,,,,,,,,,,,,,
PHDO1PBRBM,https://sin1.contabostorage.com/4ad62276cb6d4a83bfb1b8a91b839703:newom/newom/newom/img/product_images/1952.jpg,,Lighting Accessory,Pendant Lamp Holder,LEDSone,E27 Pendant Lamp Holder with 1m Round Cable,E27,Yes,1.0,0.0,M40,,Edison Screw,Yes,M10,20 mm,Yes,No,-,Smooth,Metal,PVC,PVC,Matte Black,Black,,,Round,Black,PVC,Smooth,3 Core,1m,Yes,"Live,Neatural,Earth",0.75 mm²,-,-,-,-,-,-,50mm,900mm,,,Metal,PVC/Rubber Insulated,60W,220-240V,"Yes
Depend on The Switch & Bulb",50Hz,IP20,Hardwired,Pendant,Yes,Minimal,Easy,~25min,Terminal Block,Universal,"Lamp Holder, Shade Ring, Lock Nut, Cable",No,Yes,"Screwdriver,Cable Cutter",~40-42mm,Yes,"A60 
ST64 
G95
G80 & Al kind E27 bulbs",Yes,Yes,Recommended,Yes,No,No,Yes,,,,,,2.7,,,,,,,,,e27 black pendant lamp holder,matte black lamp holder,pendant lamp holder,"b22, floor lamp, table lamp, led bulb, shade only, e14",0.31,0.14,"black pendant lamp holder, e27 black pendant lamp holder, matte black pendant lamp holder, e27 pendant lamp holder round cable, pendant lamp holder 1m cable, e27 pendant lamp holder uk, pendant lamp holder, e27 pendant lamp holder, black pendant light holder, matte black lamp holder",,,,,,,,,,,,,,,,,,,,,,,,,,,,,,,
PHBA1BMRBM,https://sin1.contabostorage.com/4ad62276cb6d4a83bfb1b8a91b839703:newom/newom/newom/img/product_images/1292.jpg,,Lighting Accessory,Pendant Lamp Holder,LEDSone,E27 Pendant Lamp Holder with 1m Round Cable,E27,Yes,1.0,0.0,M40,,Edison Screw,Yes,M10,20 mm,Yes,No,-,Smooth,Metal,PVC,PVC,Matte Black,Black,,,Round,Black,PVC,Smooth,3 Core,1m,Yes,"Live,Neatural,Earth",0.75 mm²,-,-,-,-,-,-,50mm,900mm,,,Metal,PVC/Rubber Insulated,60W,220-240V,"Yes
Depend on The Switch & Bulb",50Hz,IP20,Hardwired,Pendant,Yes,Minimal,Easy,~25min,Terminal Block,Universal,"Lamp Holder, Shade Ring, Lock Nut, Cable",No,Yes,"Screwdriver,Cable Cutter",~40-42mm,Yes,"A60 
ST64 
G95
G80 & Al kind E27 bulbs",Yes,Yes,Recommended,Yes,No,No,Yes,,,,,,2.7,,,,,,,,,e27 black pendant lamp holder,matte black lamp holder,pendant lamp holder,"b22, floor lamp, table lamp, led bulb, shade only, e14",0.31,0.14,"black pendant lamp holder, e27 black pendant lamp holder, matte black pendant lamp holder, e27 pendant lamp holder round cable, pendant lamp holder 1m cable, e27 pendant lamp holder uk, pendant lamp holder, e27 pendant lamp holder, black pendant light holder, matte black lamp holder",,,,,,,,,,,,,,,,,,,,,,,,,,,,,,,
PHRYWP2RBM,https://sin1.contabostorage.com/4ad62276cb6d4a83bfb1b8a91b839703:newom/newom/newom/img/product_images/3856.jpg,,Lighting Accessory,Pendant Lamp Holder,LEDSone,E27 Pendant Lamp Holder with 1m Round Cable,E27,Yes,1.0,0.0,M40,,Edison Screw,Yes,M10,20 mm,Yes,No,-,Smooth,Metal,PVC,PVC,Matte Black,Black,,,Round,Black,PVC,Smooth,2 Core,1m,Yes,"Live,Neatural,Earth",0.75 mm²,-,-,-,-,-,-,50mm,900mm,,,Metal,PVC/Rubber Insulated,60W,220-240V,"Yes
Depend on The Switch & Bulb",50Hz,IP44,Hardwired,Pendant,Yes,Minimal,Easy,~25min,Terminal Block,Universal,"Lamp Holder, Shade Ring, Lock Nut, Cable",No,Yes,"Screwdriver,Cable Cutter",~40-42mm,Yes,"A60 
ST64 
G95
G80 & Al kind E27 bulbs",Yes,Yes,Recommended,Yes,Yes,No,Yes,,,,,,2.7,,,,,,,,,e27 black pendant lamp holder,matte black lamp holder,pendant lamp holder,"b22, floor lamp, table lamp, led bulb, shade only, e14",0.31,0.14,"black pendant lamp holder, e27 black pendant lamp holder, matte black pendant lamp holder, e27 pendant lamp holder round cable, pendant lamp holder 1m cable, e27 pendant lamp holder uk, pendant lamp holder, e27 pendant lamp holder, black pendant light holder, matte black lamp holder",,,,,,,,,,,,,,,,,,,,,,,,,,,,,,,
PHRYWP1RBM,https://sin1.contabostorage.com/4ad62276cb6d4a83bfb1b8a91b839703:newom/newom/newom/img/product_images/1893.jpg,,Lighting Accessory,Pendant Lamp Holder,LEDSone,E27 Pendant Lamp Holder with 1m Round Cable,E27,Yes,1.0,0.0,M40,,Edison Screw,Yes,M10,20 mm,Yes,No,-,Smooth,Metal,PVC,PVC,Matte Black,Black,,,Round,Black,PVC,Smooth,2 Core,1m,Yes,"Live,Neatural,Earth",0.75 mm²,-,-,-,-,-,-,50mm,900mm,,,Metal,PVC/Rubber Insulated,60W,220-240V,"Yes
Depend on The Switch & Bulb",50Hz,IP45,Hardwired,Pendant,Yes,Minimal,Easy,~25min,Terminal Block,Universal,"Lamp Holder, Shade Ring, Lock Nut, Cable",No,Yes,"Screwdriver,Cable Cutter",~40-42mm,Yes,"A60 
ST64 
G95
G80 & Al kind E27 bulbs",Yes,Yes,Recommended,Yes,Yes,No,Yes,,,,,,2.7,,,,,,,,,e27 black pendant lamp holder,matte black lamp holder,pendant lamp holder,"b22, floor lamp, table lamp, led bulb, shade only, e14",0.31,0.14,"black pendant lamp holder, e27 black pendant lamp holder, matte black pendant lamp holder, e27 pendant lamp holder round cable, pendant lamp holder 1m cable, e27 pendant lamp holder uk, pendant lamp holder, e27 pendant lamp holder, black pendant light holder, matte black lamp holder",,,,,,,,,,,,,,,,,,,,,,,,,,,,,,,
PHTC1PBRBM,https://sin1.contabostorage.com/4ad62276cb6d4a83bfb1b8a91b839703:newom/newom/newom/img/product_images/41029.jpg,,Lighting Accessory,Pendant Lamp Holder,LEDSone,E27 Pendant Lamp Holder with 1m Round Cable,E27,Yes,1.0,0.0,M40,,Edison Screw,Yes,M10,20 mm,Yes,No,-,Smooth,Metal,Metal,Ceramic,Matte Black,Black,,,Round,Black,PVC,Smooth,3 Core,1m,Yes,"Live,Neatural,Earth",0.75 mm²,-,-,-,-,-,-,50mm,900mm,,,Metal,PVC/Rubber Insulated,60W,220-240V,"Yes
Depend on The Switch & Bulb",50Hz,IP20,Hardwired,Pendant,Yes,Minimal,Easy,~25min,Terminal Block,Universal,"Lamp Holder, Shade Ring, Lock Nut, Cable",No,Yes,"Screwdriver,Cable Cutter",~40-42mm,Yes,"A60 
ST64 
G95
G80 & Al kind E27 bulbs",Yes,Yes,Recommended,Yes,No,No,Yes,,,,,,2.7,,,,,,,,,e27 black pendant lamp holder,matte black lamp holder,pendant lamp holder,"b22, floor lamp, table lamp, led bulb, shade only, e14",0.31,0.14,"black pendant lamp holder, e27 black pendant lamp holder, matte black pendant lamp holder, e27 pendant lamp holder round cable, pendant lamp holder 1m cable, e27 pendant lamp holder uk, pendant lamp holder, e27 pendant lamp holder, black pendant light holder, matte black lamp holder",,,,,,,,,,,,,,,,,,,,,,,,,,,,,,,
PHTC1PGRGD,https://sin1.contabostorage.com/4ad62276cb6d4a83bfb1b8a91b839703:newom/newom/newom/img/product_images/41028.jpg,,Lighting Accessory,Pendant Lamp Holder,LEDSone,E27 Pendant Lamp Holder with 1m Round Cable,E27,Yes,1.0,0.0,M40,,Edison Screw,Yes,M10,20 mm,Yes,No,-,Smooth,Metal,Metal,Ceramic,Gold / Metallic,Gold,,,Round,yellow,PVC,Smooth,3 Core,1m,Yes,"Live,Neatural,Earth",0.75 mm²,-,-,-,-,-,-,50mm,900mm,,,Metal,PVC/Rubber Insulated,60W,220-240V,"Yes
Depend on The Switch & Bulb",50Hz,IP20,Hardwired,Pendant,Yes,Minimal,Easy,~25min,Terminal Block,Universal,"Lamp Holder, Shade Ring, Lock Nut, Cable",No,Yes,"Screwdriver,Cable Cutter",~40-42mm,Yes,"A60 
ST64 
G95
G80 & Al kind E27 bulbs",Yes,Yes,Recommended,Yes,No,No,Yes,,,,,,2.7,,,,,,,,,e27 gold pendant lamp holder,gold / metallic lamp holder,pendant lamp holder,"b22, floor lamp, table lamp, led bulb, shade only, e14",0.31,0.14,"gold pendant lamp holder, e27 gold pendant lamp holder, gold / metallic pendant lamp holder, e27 pendant lamp holder round cable, pendant lamp holder 1m cable, e27 pendant lamp holder uk, pendant lamp holder, e27 pendant lamp holder, gold pendant light holder, gold / metallic lamp holder",,,,,,,,,,,,,,,,,,,,,,,,,,,,,,,
PHTC1PCRCH,https://sin1.contabostorage.com/4ad62276cb6d4a83bfb1b8a91b839703:newom/newom/newom/img/product_images/41027.jpg,,Lighting Accessory,Pendant Lamp Holder,LEDSone,E27 Chrome Pendant Lamp Holder with 1m Braided Cable,E27,Yes,1.0,0.0,M40,,Edison Screw,Yes,M10,20 mm,Yes,No,-,Smooth,Metal,Metal,Ceramic,Polished Chrome,Silver,,,Round,Yellow,PVC,Smooth,3 Core,1m,Yes,"Live,Neatural,Earth",0.75 mm²,-,-,-,-,-,-,50mm,900mm,,,Metal,PVC/Rubber Insulated,60W,220-240V,"Yes
Depend on The Switch & Bulb",50Hz,IP20,Hardwired,Pendant,Yes,Minimal,Easy,~25min,Terminal Block,Universal,"Lamp Holder, Shade Ring, Lock Nut, Cable",No,Yes,"Screwdriver,Cable Cutter",~40-42mm,Yes,"A60 
ST64 
G95
G80 & Al kind E27 bulbs",Yes,Yes,Recommended,Yes,No,No,Yes,,,,,,2.7,,,,,,,,,e27 silver pendant lamp holder,polished chrome lamp holder,pendant lamp holder,"b22, floor lamp, table lamp, led bulb, shade only, e14",0.31,0.14,"silver pendant lamp holder, e27 silver pendant lamp holder, polished chrome pendant lamp holder, e27 pendant lamp holder round cable, pendant lamp holder 1m cable, e27 pendant lamp holder uk, pendant lamp holder, e27 pendant lamp holder, silver pendant light holder, polished chrome lamp holder",,,,,,,,,,,,,,,,,,,,,,,,,,,,,,,
PHCGF1BMRBM,https://sin1.contabostorage.com/4ad62276cb6d4a83bfb1b8a91b839703:newom/newom/newom/img/product_images/40419.jpg,,Lighting Accessory,Pendant Lamp Holder,LEDSone,,E27,Yes,1.0,0.0,M40,,Edison Screw,Yes,M10,20 mm,Yes,No,-,Smooth,Metal  + Glass,PVC,PVC,Matte Black,Black,,,Round,Black,PVC,Smooth,3 Core,1m,Yes,"Live,Neatural,Earth",0.75 mm²,-,-,-,-,-,-,50mm,900mm,,,Metal,PVC/Rubber Insulated,60W,220-240V,"Yes
Depend on The Switch & Bulb",50Hz,IP20,Hardwired,Pendant,Yes,Minimal,Easy,~25min,Terminal Block,Universal,"Lamp Holder, Shade Ring, Lock Nut, Cable",No,Yes,"Screwdriver,Cable Cutter",~40-42mm,Yes,"A60 
ST64 
G95
G80 & Al kind E27 bulbs",Yes,Yes,Recommended,Yes,No,No,Yes,,,,,,2.7,,,,,,,,,e27 black pendant lamp holder,matte black lamp holder,pendant lamp holder,"b22, floor lamp, table lamp, led bulb, shade only, e14",0.31,0.14,"black pendant lamp holder, e27 black pendant lamp holder, matte black pendant lamp holder, e27 pendant lamp holder round cable, pendant lamp holder 1m cable, e27 pendant lamp holder uk, pendant lamp holder, e27 pendant lamp holder, black pendant light holder, matte black lamp holder",,,,,,,,,,,,,,,,,,,,,,,,,,,,,,,
PHCW1PBRWO,https://sin1.contabostorage.com/4ad62276cb6d4a83bfb1b8a91b839703:newom/newom/newom/img/product_images/1508.jpg,,Lighting Accessory,Pendant Lamp Holder,LEDSone,,E27,Yes,1.0,0.0,M40,,Edison Screw,Yes,M10,20 mm,Yes,No,-,Smooth,Wood,PVC,PVC,Matte,Browns,,,Round,Brown,Fabric,Smooth,3 Core,1m,Yes,"Live,Neatural,Earth",0.75 mm²,-,-,-,-,-,-,50mm,900mm,,,Metal,Fabric Braided,60W,220-240V,"Yes
Depend on The Switch & Bulb",50Hz,IP20,Hardwired,Pendant,Yes,Minimal,Easy,~25min,Terminal Block,Universal,"Lamp Holder, Shade Ring, Lock Nut, Cable",No,Yes,"Screwdriver,Cable Cutter",~40-42mm,Yes,"A60 
ST64 
G95
G80 & Al kind E27 bulbs",Yes,Yes,Recommended,Yes,No,No,Yes,,,,,,2.7,,,,,,,,,e27 browns pendant lamp holder,matte lamp holder,pendant lamp holder,"b22, floor lamp, table lamp, led bulb, shade only, e14",0.31,0.14,"browns pendant lamp holder, e27 browns pendant lamp holder, matte pendant lamp holder, e27 pendant lamp holder round cable, pendant lamp holder 1m cable, e27 pendant lamp holder uk, pendant lamp holder, e27 pendant lamp holder, browns pendant light holder, matte lamp holder",,,,,,,,,,,,,,,,,,,,,,,,,,,,,,,
PHOP1PBRBM,https://sin1.contabostorage.com/4ad62276cb6d4a83bfb1b8a91b839703:newom/newom/newom/img/product_images/1257.jpg,,Lighting Accessory,Pendant Lamp Holder,LEDSone,,E27,Yes,1.0,0.0,M40,,Edison Screw,Yes,M10,20 mm,Yes,No,-,Smooth,Metal,PVC,PVC,Matte Black,Black,100.0,,Round,Black,PVC,Smooth,3 Core,1m,Yes,"Live,Neatural,Earth",0.75 mm²,-,-,-,-,-,-,50mm,900mm,,,Metal,Fabric Braided,60W,220-240V,"Yes
Depend on The Switch & Bulb",50Hz,IP20,Hardwired,Pendant,Yes,Minimal,Easy,~25min,Terminal Block,Universal,"Lamp Holder, Shade Ring, Lock Nut, Cable",No,Yes,"Screwdriver,Cable Cutter",~40-42mm,Yes,"A60 
ST64 
G95
G80 & Al kind E27 bulbs",Yes,Yes,Recommended,Yes,No,No,Yes,,,,,,2.7,,,,,,,,,e27 black pendant lamp holder,matte black lamp holder,pendant lamp holder,"b22, floor lamp, table lamp, led bulb, shade only, e14",0.31,0.14,"black pendant lamp holder, e27 black pendant lamp holder, matte black pendant lamp holder, e27 pendant lamp holder round cable, pendant lamp holder 1m cable, e27 pendant lamp holder uk, pendant lamp holder, e27 pendant lamp holder, black pendant light holder, matte black lamp holder",,,,,,,,,,,,,,,,,,,,,,,,,,,,,,,
PHHS1PWRWH,https://sin1.contabostorage.com/4ad62276cb6d4a83bfb1b8a91b839703:newom/newom/newom/img/product_images/2310.jpg,,Lighting Accessory,Pendant Lamp Holder,LEDSone,,E27,Yes,1.0,0.0,M40,,Edison Screw,Yes,M10,20 mm,Yes,No,-,Smooth,Metal,PVC,PVC,Painetd White,White,100.0,,Round,White,PVC,Smooth,3 Core,1m,Yes,"Live,Neatural,Earth",0.75 mm²,-,-,-,-,-,-,50mm,900mm,,,Metal,Fabric Braided,60W,220-240V,"Yes
Depend on The Switch & Bulb",50Hz,IP20,Hardwired,Pendant,Yes,Minimal,Easy,~25min,Terminal Block,Universal,"Lamp Holder, Shade Ring, Lock Nut, Cable",No,Yes,"Screwdriver,Cable Cutter",~40-42mm,Yes,"A60 
ST64 
G95
G80 & Al kind E27 bulbs",Yes,Yes,Recommended,Yes,No,No,Yes,,,,,,2.7,,,,,,,,,e27 white pendant lamp holder,painetd white lamp holder,pendant lamp holder,"b22, floor lamp, table lamp, led bulb, shade only, e14",0.31,0.14,"white pendant lamp holder, e27 white pendant lamp holder, painetd white pendant lamp holder, e27 pendant lamp holder round cable, pendant lamp holder 1m cable, e27 pendant lamp holder uk, pendant lamp holder, e27 pendant lamp holder, white pendant light holder, painetd white lamp holder",,,,,,,,,,,,,,,,,,,,,,,,,,,,,,,
PHHS1PWRRE,https://sin1.contabostorage.com/4ad62276cb6d4a83bfb1b8a91b839703:newom/newom/newom/img/product_images/2309.jpg,,Lighting Accessory,Pendant Lamp Holder,LEDSone,,E27,Yes,1.0,0.0,M40,,Edison Screw,Yes,M10,20 mm,Yes,No,-,Smooth,Metal,PVC,PVC,Gloss Plastic Finish,Red,100.0,,Round,White,PVC,Smooth,3 Core,1m,Yes,"Live,Neatural,Earth",0.75 mm²,-,-,-,-,-,-,50mm,900mm,,,Metal,Fabric Braided,60W,220-240V,"Yes
Depend on The Switch & Bulb",50Hz,IP20,Hardwired,Pendant,Yes,Minimal,Easy,~25min,Terminal Block,Universal,"Lamp Holder, Shade Ring, Lock Nut, Cable",No,Yes,"Screwdriver,Cable Cutter",~40-42mm,Yes,"A60 
ST64 
G95
G80 & Al kind E27 bulbs",Yes,Yes,Recommended,Yes,No,No,Yes,,,,,,2.7,,,,,,,,,e27 red pendant lamp holder,gloss plastic finish lamp holder,pendant lamp holder,"b22, floor lamp, table lamp, led bulb, shade only, e14",0.31,0.14,"red pendant lamp holder, e27 red pendant lamp holder, gloss plastic finish pendant lamp holder, e27 pendant lamp holder round cable, pendant lamp holder 1m cable, e27 pendant lamp holder uk, pendant lamp holder, e27 pendant lamp holder, red pendant light holder, gloss plastic finish lamp holder",,,,,,,,,,,,,,,,,,,,,,,,,,,,,,,
PHHS1PWROR,https://sin1.contabostorage.com/4ad62276cb6d4a83bfb1b8a91b839703:newom/newom/newom/img/product_images/2308.jpg,,Lighting Accessory,Pendant Lamp Holder,LEDSone,,E27,Yes,1.0,0.0,M40,,Edison Screw,Yes,M10,20 mm,Yes,No,-,Smooth,Metal,PVC,PVC,Glossy painted,Orange,100.0,,Round,White,PVC,Smooth,3 Core,1m,Yes,"Live,Neatural,Earth",0.75 mm²,-,-,-,-,-,-,50mm,900mm,,,Metal,Fabric Braided,60W,220-240V,"Yes
Depend on The Switch & Bulb",50Hz,IP20,Hardwired,Pendant,Yes,Minimal,Easy,~25min,Terminal Block,Universal,"Lamp Holder, Shade Ring, Lock Nut, Cable",No,Yes,"Screwdriver,Cable Cutter",~40-42mm,Yes,"A60 
ST64 
G95
G80 & Al kind E27 bulbs",Yes,Yes,Recommended,Yes,No,No,Yes,,,,,,2.7,,,,,,,,,e27 orange pendant lamp holder,glossy painted lamp holder,pendant lamp holder,"b22, floor lamp, table lamp, led bulb, shade only, e14",0.31,0.14,"orange pendant lamp holder, e27 orange pendant lamp holder, glossy painted pendant lamp holder, e27 pendant lamp holder round cable, pendant lamp holder 1m cable, e27 pendant lamp holder uk, pendant lamp holder, e27 pendant lamp holder, orange pendant light holder, glossy painted lamp holder",,,,,,,,,,,,,,,,,,,,,,,,,,,,,,,
PHHS1PWRBT,https://sin1.contabostorage.com/4ad62276cb6d4a83bfb1b8a91b839703:newom/newom/newom/img/product_images/2307.jpg,,Lighting Accessory,Pendant Lamp Holder,LEDSone,,E27,Yes,1.0,0.0,M40,,Edison Screw,Yes,M10,20 mm,Yes,No,-,Smooth,Metal,PVC,PVC,Glossy painted,Blue,100.0,,Round,White,PVC,Smooth,3 Core,1m,Yes,"Live,Neatural,Earth",0.75 mm²,-,-,-,-,-,-,50mm,900mm,,,Metal,Fabric Braided,60W,220-240V,"Yes
Depend on The Switch & Bulb",50Hz,IP20,Hardwired,Pendant,Yes,Minimal,Easy,~25min,Terminal Block,Universal,"Lamp Holder, Shade Ring, Lock Nut, Cable",No,Yes,"Screwdriver,Cable Cutter",~40-42mm,Yes,"A60 
ST64 
G95
G80 & Al kind E27 bulbs",Yes,Yes,Recommended,Yes,No,No,Yes,,,,,,2.7,,,,,,,,,e27 blue pendant lamp holder,glossy painted lamp holder,pendant lamp holder,"b22, floor lamp, table lamp, led bulb, shade only, e14",0.31,0.14,"blue pendant lamp holder, e27 blue pendant lamp holder, glossy painted pendant lamp holder, e27 pendant lamp holder round cable, pendant lamp holder 1m cable, e27 pendant lamp holder uk, pendant lamp holder, e27 pendant lamp holder, blue pendant light holder, glossy painted lamp holder",,,,,,,,,,,,,,,,,,,,,,,,,,,,,,,
PHHS1PWRBL,https://sin1.contabostorage.com/4ad62276cb6d4a83bfb1b8a91b839703:newom/newom/newom/img/product_images/2306.jpg,,Lighting Accessory,Pendant Lamp Holder,LEDSone,,E27,Yes,1.0,0.0,M40,,Edison Screw,Yes,M10,20 mm,Yes,No,-,Smooth,Metal,PVC,PVC,Glossy painted,Blue,100.0,,Round,White,PVC,Smooth,3 Core,1m,Yes,"Live,Neatural,Earth",0.75 mm²,-,-,-,-,-,-,50mm,900mm,,,Metal,Fabric Braided,60W,220-240V,"Yes
Depend on The Switch & Bulb",50Hz,IP20,Hardwired,Pendant,Yes,Minimal,Easy,~25min,Terminal Block,Universal,"Lamp Holder, Shade Ring, Lock Nut, Cable",No,Yes,"Screwdriver,Cable Cutter",~40-42mm,Yes,"A60 
ST64 
G95
G80 & Al kind E27 bulbs",Yes,Yes,Recommended,Yes,No,No,Yes,,,,,,2.7,,,,,,,,,e27 blue pendant lamp holder,glossy painted lamp holder,pendant lamp holder,"b22, floor lamp, table lamp, led bulb, shade only, e14",0.31,0.14,"blue pendant lamp holder, e27 blue pendant lamp holder, glossy painted pendant lamp holder, e27 pendant lamp holder round cable, pendant lamp holder 1m cable, e27 pendant lamp holder uk, pendant lamp holder, e27 pendant lamp holder, blue pendant light holder, glossy painted lamp holder",,,,,,,,,,,,,,,,,,,,,,,,,,,,,,,
PHHS1PBRBM,https://sin1.contabostorage.com/4ad62276cb6d4a83bfb1b8a91b839703:newom/newom/newom/img/product_images/2305.jpg,,Lighting Accessory,Pendant Lamp Holder,LEDSone,,E27,Yes,1.0,0.0,M40,,Edison Screw,Yes,M10,20 mm,Yes,No,-,Smooth,Metal,PVC,PVC,Matte Black,Black,100.0,,Round,Black,PVC,Smooth,3 Core,1m,Yes,"Live,Neatural,Earth",0.75 mm²,-,-,-,-,-,-,50mm,900mm,,,Metal,Fabric Braided,60W,220-240V,"Yes
Depend on The Switch & Bulb",50Hz,IP20,Hardwired,Pendant,Yes,Minimal,Easy,~25min,Terminal Block,Universal,"Lamp Holder, Shade Ring, Lock Nut, Cable",No,Yes,"Screwdriver,Cable Cutter",~40-42mm,Yes,"A60 
ST64 
G95
G80 & Al kind E27 bulbs",Yes,Yes,Recommended,Yes,No,No,Yes,,,,,,2.7,,,,,,,,,e27 black pendant lamp holder,matte black lamp holder,pendant lamp holder,"b22, floor lamp, table lamp, led bulb, shade only, e14",0.31,0.14,"black pendant lamp holder, e27 black pendant lamp holder, matte black pendant lamp holder, e27 pendant lamp holder round cable, pendant lamp holder 1m cable, e27 pendant lamp holder uk, pendant lamp holder, e27 pendant lamp holder, black pendant light holder, matte black lamp holder",,,,,,,,,,,,,,,,,,,,,,,,,,,,,,,
PHHS1PWRYE,https://sin1.contabostorage.com/4ad62276cb6d4a83bfb1b8a91b839703:newom/newom/newom/img/product_images/2304.jpg,,Lighting Accessory,Pendant Lamp Holder,LEDSone,,E27,Yes,1.0,0.0,M40,,Edison Screw,Yes,M10,20 mm,Yes,No,-,Smooth,Metal,PVC,PVC,Glossy painted,Yellow,100.0,,Round,White,PVC,Smooth,3 Core,1m,Yes,"Live,Neatural,Earth",0.75 mm²,-,-,-,-,-,-,50mm,900mm,,,Metal,Fabric Braided,60W,220-240V,"Yes
Depend on The Switch & Bulb",50Hz,IP20,Hardwired,Pendant,Yes,Minimal,Easy,~25min,Terminal Block,Universal,"Lamp Holder, Shade Ring, Lock Nut, Cable",No,Yes,"Screwdriver,Cable Cutter",~40-42mm,Yes,"A60 
ST64 
G95
G80 & Al kind E27 bulbs",Yes,Yes,Recommended,Yes,No,No,Yes,,,,,,2.7,,,,,,,,,e27 yellow pendant lamp holder,glossy painted lamp holder,pendant lamp holder,"b22, floor lamp, table lamp, led bulb, shade only, e14",0.31,0.14,"yellow pendant lamp holder, e27 yellow pendant lamp holder, glossy painted pendant lamp holder, e27 pendant lamp holder round cable, pendant lamp holder 1m cable, e27 pendant lamp holder uk, pendant lamp holder, e27 pendant lamp holder, yellow pendant light holder, glossy painted lamp holder",,,,,,,,,,,,,,,,,,,,,,,,,,,,,,,
PHHS1PWRGY,https://sin1.contabostorage.com/4ad62276cb6d4a83bfb1b8a91b839703:newom/newom/newom/img/product_images/2303.jpg,,Lighting Accessory,Pendant Lamp Holder,LEDSone,,E27,Yes,1.0,0.0,M40,,Edison Screw,Yes,M10,20 mm,Yes,No,-,Smooth,Metal,PVC,PVC,Matte Gray,Grey,100.0,,Round,White,PVC,Smooth,3 Core,1m,Yes,"Live,Neatural,Earth",0.75 mm²,-,-,-,-,-,-,50mm,900mm,,,Metal,Fabric Braided,60W,220-240V,"Yes
Depend on The Switch & Bulb",50Hz,IP20,Hardwired,Pendant,Yes,Minimal,Easy,~25min,Terminal Block,Universal,"Lamp Holder, Shade Ring, Lock Nut, Cable",No,Yes,"Screwdriver,Cable Cutter",~40-42mm,Yes,"A60 
ST64 
G95
G80 & Al kind E27 bulbs",Yes,Yes,Recommended,Yes,No,No,Yes,,,,,,2.7,,,,,,,,,e27 grey pendant lamp holder,matte gray lamp holder,pendant lamp holder,"b22, floor lamp, table lamp, led bulb, shade only, e14",0.31,0.14,"grey pendant lamp holder, e27 grey pendant lamp holder, matte gray pendant lamp holder, e27 pendant lamp holder round cable, pendant lamp holder 1m cable, e27 pendant lamp holder uk, pendant lamp holder, e27 pendant lamp holder, grey pendant light holder, matte gray lamp holder",,,,,,,,,,,,,,,,,,,,,,,,,,,,,,,
PHOP1PBRBB,https://sin1.contabostorage.com/4ad62276cb6d4a83bfb1b8a91b839703:newom/newom/newom/img/product_images/2291.jpg,,Lighting Accessory,Pendant Lamp Holder,LEDSone,,E27,Yes,1.0,0.0,M40,,Edison Screw,Yes,M10,20 mm,Yes,No,-,Smooth,Metal,PVC,PVC,Brass,Brushed Brass,100.0,,Round,Black,PVC,Smooth,3 Core,1m,Yes,"Live,Neatural,Earth",0.75 mm²,-,-,-,-,-,-,50mm,900mm,,,Metal,Fabric Braided,60W,220-240V,"Yes
Depend on The Switch & Bulb",50Hz,IP20,Hardwired,Pendant,Yes,Minimal,Easy,~25min,Terminal Block,Universal,"Lamp Holder, Shade Ring, Lock Nut, Cable",No,Yes,"Screwdriver,Cable Cutter",~40-42mm,Yes,"A60 
ST64 
G95
G80 & Al kind E27 bulbs",Yes,Yes,Recommended,Yes,No,No,Yes,,,,,,2.7,,,,,,,,,e27 brushed brass pendant lamp holder,brass lamp holder,pendant lamp holder,"b22, floor lamp, table lamp, led bulb, shade only, e14",0.31,0.14,"brushed brass pendant lamp holder, e27 brushed brass pendant lamp holder, brass pendant lamp holder, e27 pendant lamp holder round cable, pendant lamp holder 1m cable, e27 pendant lamp holder uk, pendant lamp holder, e27 pendant lamp holder, brushed brass pendant light holder, brass lamp holder",,,,,,,,,,,,,,,,,,,,,,,,,,,,,,,
PHOP1PBRBC,https://sin1.contabostorage.com/4ad62276cb6d4a83bfb1b8a91b839703:newom/newom/newom/img/product_images/1362.jpg,,Lighting Accessory,Pendant Lamp Holder,LEDSone,,E27,Yes,1.0,0.0,M40,,Edison Screw,Yes,M10,20 mm,Yes,No,-,Smooth,Metal,PVC,PVC,Brass,Brushed Copper,100.0,,Round,Black,PVC,Smooth,3 Core,1m,Yes,"Live,Neatural,Earth",0.75 mm²,-,-,-,-,-,-,50mm,900mm,,,Metal,Fabric Braided,60W,220-240V,"Yes
Depend on The Switch & Bulb",50Hz,IP20,Hardwired,Pendant,Yes,Minimal,Easy,~25min,Terminal Block,Universal,"Lamp Holder, Shade Ring, Lock Nut, Cable",No,Yes,"Screwdriver,Cable Cutter",~40-42mm,Yes,"A60 
ST64 
G95
G80 & Al kind E27 bulbs",Yes,Yes,Recommended,Yes,No,No,Yes,,,,,,2.7,,,,,,,,,e27 brushed copper pendant lamp holder,brass lamp holder,pendant lamp holder,"b22, floor lamp, table lamp, led bulb, shade only, e14",0.31,0.14,"brushed copper pendant lamp holder, e27 brushed copper pendant lamp holder, brass pendant lamp holder, e27 pendant lamp holder round cable, pendant lamp holder 1m cable, e27 pendant lamp holder uk, pendant lamp holder, e27 pendant lamp holder, brushed copper pendant light holder, brass lamp holder",,,,,,,,,,,,,,,,,,,,,,,,,,,,,,,
PHOP1PBRRR,https://sin1.contabostorage.com/4ad62276cb6d4a83bfb1b8a91b839703:newom/newom/newom/img/product_images/1357.jpg,,Lighting Accessory,Pendant Lamp Holder,LEDSone,,E27,Yes,1.0,0.0,M40,,Edison Screw,Yes,M10,20 mm,Yes,No,-,Smooth,Metal,PVC,PVC,Rustic Red,Red,100.0,,Round,Black,PVC,Smooth,3 Core,1m,Yes,"Live,Neatural,Earth",0.75 mm²,-,-,-,-,-,-,50mm,900mm,,,Metal,Fabric Braided,60W,220-240V,"Yes
Depend on The Switch & Bulb",50Hz,IP20,Hardwired,Pendant,Yes,Minimal,Easy,~25min,Terminal Block,Universal,"Lamp Holder, Shade Ring, Lock Nut, Cable",No,Yes,"Screwdriver,Cable Cutter",~40-42mm,Yes,"A60 
ST64 
G95
G80 & Al kind E27 bulbs",Yes,Yes,Recommended,Yes,No,No,Yes,,,,,,2.7,,,,,,,,,e27 red pendant lamp holder,rustic red lamp holder,pendant lamp holder,"b22, floor lamp, table lamp, led bulb, shade only, e14",0.31,0.14,"red pendant lamp holder, e27 red pendant lamp holder, rustic red pendant lamp holder, e27 pendant lamp holder round cable, pendant lamp holder 1m cable, e27 pendant lamp holder uk, pendant lamp holder, e27 pendant lamp holder, red pendant light holder, rustic red lamp holder",,,,,,,,,,,,,,,,,,,,,,,,,,,,,,,
PHOP1PBRBS,https://sin1.contabostorage.com/4ad62276cb6d4a83bfb1b8a91b839703:newom/newom/newom/img/product_images/1356.jpg,,Lighting Accessory,Pendant Lamp Holder,LEDSone,,E27,Yes,1.0,0.0,M40,,Edison Screw,Yes,M10,20 mm,Yes,No,-,Smooth,Metal,PVC,PVC,Brushed Silver,Silver,100.0,,Round,Black,PVC,Smooth,3 Core,1m,Yes,"Live,Neatural,Earth",0.75 mm²,-,-,-,-,-,-,50mm,900mm,,,Metal,Fabric Braided,60W,220-240V,"Yes
Depend on The Switch & Bulb",50Hz,IP20,Hardwired,Pendant,Yes,Minimal,Easy,~25min,Terminal Block,Universal,"Lamp Holder, Shade Ring, Lock Nut, Cable",No,Yes,"Screwdriver,Cable Cutter",~40-42mm,Yes,"A60 
ST64 
G95
G80 & Al kind E27 bulbs",Yes,Yes,Recommended,Yes,No,No,Yes,,,,,,2.7,,,,,,,,,e27 silver pendant lamp holder,brushed silver lamp holder,pendant lamp holder,"b22, floor lamp, table lamp, led bulb, shade only, e14",0.31,0.14,"silver pendant lamp holder, e27 silver pendant lamp holder, brushed silver pendant lamp holder, e27 pendant lamp holder round cable, pendant lamp holder 1m cable, e27 pendant lamp holder uk, pendant lamp holder, e27 pendant lamp holder, silver pendant light holder, brushed silver lamp holder",,,,,,,,,,,,,,,,,,,,,,,,,,,,,,,
PHHS1PBRBS,https://sin1.contabostorage.com/4ad62276cb6d4a83bfb1b8a91b839703:newom/newom/newom/img/product_images/2313.jpg,,Lighting Accessory,Pendant Lamp Holder,LEDSone,,E27,Yes,1.0,0.0,M40,,Edison Screw,Yes,M10,20 mm,Yes,No,-,Smooth,Metal,PVC,PVC,Brushed Silver,Silver,100.0,,Round,Black,PVC,Smooth,3 Core,1m,Yes,"Live,Neatural,Earth",0.75 mm²,-,-,-,-,-,-,50mm,900mm,,,Metal,Fabric Braided,60W,220-240V,"Yes
Depend on The Switch & Bulb",50Hz,IP20,Hardwired,Pendant,Yes,Minimal,Easy,~25min,Terminal Block,Universal,"Lamp Holder, Shade Ring, Lock Nut, Cable",No,Yes,"Screwdriver,Cable Cutter",~40-42mm,Yes,"A60 
ST64 
G95
G80 & Al kind E27 bulbs",Yes,Yes,Recommended,Yes,No,No,Yes,,,,,,2.7,,,,,,,,,e27 silver pendant lamp holder,brushed silver lamp holder,pendant lamp holder,"b22, floor lamp, table lamp, led bulb, shade only, e14",0.31,0.14,"silver pendant lamp holder, e27 silver pendant lamp holder, brushed silver pendant lamp holder, e27 pendant lamp holder round cable, pendant lamp holder 1m cable, e27 pendant lamp holder uk, pendant lamp holder, e27 pendant lamp holder, silver pendant light holder, brushed silver lamp holder",,,,,,,,,,,,,,,,,,,,,,,,,,,,,,,
PHHS1PBRRR,https://sin1.contabostorage.com/4ad62276cb6d4a83bfb1b8a91b839703:newom/newom/newom/img/product_images/2312.jpg,,Lighting Accessory,Pendant Lamp Holder,LEDSone,,E27,Yes,1.0,0.0,M40,,Edison Screw,Yes,M10,20 mm,Yes,No,-,Smooth,Metal,PVC,PVC,Rustic Red,Red,100.0,,Round,Black,PVC,Smooth,3 Core,1m,Yes,"Live,Neatural,Earth",0.75 mm²,-,-,-,-,-,-,50mm,900mm,,,Metal,Fabric Braided,60W,220-240V,"Yes
Depend on The Switch & Bulb",50Hz,IP20,Hardwired,Pendant,Yes,Minimal,Easy,~25min,Terminal Block,Universal,"Lamp Holder, Shade Ring, Lock Nut, Cable",No,Yes,"Screwdriver,Cable Cutter",~40-42mm,Yes,"A60 
ST64 
G95
G80 & Al kind E27 bulbs",Yes,Yes,Recommended,Yes,No,No,Yes,,,,,,2.7,,,,,,,,,e27 red pendant lamp holder,rustic red lamp holder,pendant lamp holder,"b22, floor lamp, table lamp, led bulb, shade only, e14",0.31,0.14,"red pendant lamp holder, e27 red pendant lamp holder, rustic red pendant lamp holder, e27 pendant lamp holder round cable, pendant lamp holder 1m cable, e27 pendant lamp holder uk, pendant lamp holder, e27 pendant lamp holder, red pendant light holder, rustic red lamp holder",,,,,,,,,,,,,,,,,,,,,,,,,,,,,,,
PHHS1PBRBC,https://sin1.contabostorage.com/4ad62276cb6d4a83bfb1b8a91b839703:newom/newom/newom/img/product_images/2311.jpg,,Lighting Accessory,Pendant Lamp Holder,LEDSone,,E27,Yes,1.0,0.0,M40,,Edison Screw,Yes,M10,20 mm,Yes,No,-,Smooth,Metal,PVC,PVC,Brass,Brushed Copper,100.0,,Round,Black,PVC,Smooth,3 Core,1m,Yes,"Live,Neatural,Earth",0.75 mm²,-,-,-,-,-,-,50mm,900mm,,,Metal,Fabric Braided,60W,220-240V,"Yes
Depend on The Switch & Bulb",50Hz,IP20,Hardwired,Pendant,Yes,Minimal,Easy,~25min,Terminal Block,Universal,"Lamp Holder, Shade Ring, Lock Nut, Cable",No,Yes,"Screwdriver,Cable Cutter",~40-42mm,Yes,"A60 
ST64 
G95
G80 & Al kind E27 bulbs",Yes,Yes,Recommended,Yes,No,No,Yes,,,,,,2.7,,,,,,,,,e27 brushed copper pendant lamp holder,brass lamp holder,pendant lamp holder,"b22, floor lamp, table lamp, led bulb, shade only, e14",0.31,0.14,"brushed copper pendant lamp holder, e27 brushed copper pendant lamp holder, brass pendant lamp holder, e27 pendant lamp holder round cable, pendant lamp holder 1m cable, e27 pendant lamp holder uk, pendant lamp holder, e27 pendant lamp holder, brushed copper pendant light holder, brass lamp holder",,,,,,,,,,,,,,,,,,,,,,,,,,,,,,,
PHMH1HERCO,https://sin1.contabostorage.com/4ad62276cb6d4a83bfb1b8a91b839703:newom/newom/newom/img/product_images/2523.jpg,,Lighting Accessory,Pendant Lamp Holder,LEDSone,E27 Copper Pendant Lamp Holder with 1m Round Cable,E27,-,-,-,-,,Edison Screw,No,M10,20 mm,Yes,No,-,Smooth,Metal,-,Ceramic,Brass,Copper,56.0,59.0,Round,Natural Hemp,Hemp,Hemp,3 Core,1m,Yes,"Live,Neatural,Earth",0.75 mm²,-,-,-,-,-,-,50mm,900mm,,,Metal,Fabric Braided,60W,220-240V,"Yes
Depend on The Switch & Bulb",50Hz,IP20,Hardwired,Pendant,Yes,Minimal,Easy,~25min,Terminal Block,Universal,"Lamp Holder, Lock Nut, Cable",No,Yes,"Screwdriver,Cable Cutter",-,-,"A60 
ST64 
G95
G80 & Al kind E27 bulbs",Yes,Yes,Recommended,Yes,No,No,Yes,,,,,,2.7,,,,,,,,,e27 copper pendant lamp holder,brass lamp holder,pendant lamp holder,"b22, floor lamp, table lamp, led bulb, shade only, e14",0.31,0.14,"copper pendant lamp holder, e27 copper pendant lamp holder, brass pendant lamp holder, e27 pendant lamp holder round cable, pendant lamp holder 1m cable, e27 pendant lamp holder uk, pendant lamp holder, e27 pendant lamp holder, copper pendant light holder, brass lamp holder",,,,,,,,,,,,,,,,,,,,,,,,,,,,,,,
PHMH1HERYB,https://sin1.contabostorage.com/4ad62276cb6d4a83bfb1b8a91b839703:newom/newom/newom/img/product_images/2514.jpg,,Lighting Accessory,Pendant Lamp Holder,LEDSone,E27 Yellow Brass Pendant Lamp Holder with 1m Twisted Cable,E27,-,-,-,-,,Edison Screw,No,M10,20 mm,Yes,No,-,Smooth,Metal,-,Ceramic,Brass,Yellow Brass,56.0,59.0,Round,Natural Hemp,Hemp,Hemp,3 Core,1m,Yes,"Live,Neatural,Earth",0.75 mm²,-,-,-,-,-,-,50mm,900mm,,,Metal,Fabric Braided,60W,220-240V,"Yes
Depend on The Switch & Bulb",50Hz,IP20,Hardwired,Pendant,Yes,Minimal,Easy,~25min,Terminal Block,Universal,"Lamp Holder, Shade Ring, Lock Nut, Cable",No,Yes,"Screwdriver,Cable Cutter",-,-,"A60 
ST64 
G95
G80 & Al kind E27 bulbs",Yes,Yes,Recommended,Yes,No,No,Yes,,,,,,2.7,,,,,,,,,e27 yellow brass pendant lamp holder,brass lamp holder,pendant lamp holder,"b22, floor lamp, table lamp, led bulb, shade only, e14",0.31,0.14,"yellow brass pendant lamp holder, e27 yellow brass pendant lamp holder, brass pendant lamp holder, e27 pendant lamp holder round cable, pendant lamp holder 1m cable, e27 pendant lamp holder uk, pendant lamp holder, e27 pendant lamp holder, yellow brass pendant light holder, brass lamp holder",,,,,,,,,,,,,,,,,,,,,,,,,,,,,,,
PHBK1PCRSN,https://sin1.contabostorage.com/4ad62276cb6d4a83bfb1b8a91b839703:newom/newom/newom/img/product_images/3092.jpg,,Lighting Accessory,Pendant Lamp Holder,LEDSone,,E27,-,-,-,-,,Edison Screw,No,M10,20 mm,Yes,No,-,Smooth,Metal,-,Ceramic,Brass,Satinnickle,90.0,42.0,Round,Cear,PVC,Smooth,3 Core,1m,Yes,"Live,Neatural,Earth",0.75 mm²,-,-,-,-,-,-,50mm,900mm,,,Metal,PVC/Rubber Insulated,60W,220-240V,"Yes
Depend on The Switch & Bulb",50Hz,IP20,Hardwired,Pendant,Yes,Minimal,Easy,~25min,Terminal Block,Universal,"Lamp Holder, Shade Ring, Lock Nut, Cable",No,Yes,"Screwdriver,Cable Cutter",-,-,"A60 
ST64 
G95
G80 & Al kind E27 bulbs",Yes,Yes,Recommended,Yes,No,No,Yes,,,,,,2.7,,,,,,,,,e27 satinnickle pendant lamp holder,brass lamp holder,pendant lamp holder,"b22, floor lamp, table lamp, led bulb, shade only, e14",0.31,0.14,"satinnickle pendant lamp holder, e27 satinnickle pendant lamp holder, brass pendant lamp holder, e27 pendant lamp holder round cable, pendant lamp holder 1m cable, e27 pendant lamp holder uk, pendant lamp holder, e27 pendant lamp holder, satinnickle pendant light holder, brass lamp holder",,,,,,,,,,,,,,,,,,,,,,,,,,,,,,,
PHBK1PBRBA,https://sin1.contabostorage.com/4ad62276cb6d4a83bfb1b8a91b839703:newom/newom/newom/img/product_images/3090.jpg,,Lighting Accessory,Pendant Lamp Holder,LEDSone,,E27,-,-,-,-,,Edison Screw,No,M10,20 mm,Yes,No,-,Smooth,Metal,-,Ceramic,Mate Black,Black,90.0,42.0,Round,Black,PVC,Smooth,3 Core,1m,Yes,"Live,Neatural,Earth",0.75 mm²,-,-,-,-,-,-,50mm,900mm,,,Metal,PVC/Rubber Insulated,60W,220-240V,"Yes
Depend on The Switch & Bulb",50Hz,IP20,Hardwired,Pendant,Yes,Minimal,Easy,~25min,Terminal Block,Universal,"Lamp Holder, Shade Ring, Lock Nut, Cable",No,Yes,"Screwdriver,Cable Cutter",-,-,"A60 
ST64 
G95
G80 & Al kind E27 bulbs",Yes,Yes,Recommended,Yes,No,No,Yes,,,,,,2.7,,,,,,,,,e27 black pendant lamp holder,mate black lamp holder,pendant lamp holder,"b22, floor lamp, table lamp, led bulb, shade only, e14",0.31,0.14,"black pendant lamp holder, e27 black pendant lamp holder, mate black pendant lamp holder, e27 pendant lamp holder round cable, pendant lamp holder 1m cable, e27 pendant lamp holder uk, pendant lamp holder, e27 pendant lamp holder, black pendant light holder, mate black lamp holder",,,,,,,,,,,,,,,,,,,,,,,,,,,,,,,
PHBK1PCRCH,https://sin1.contabostorage.com/4ad62276cb6d4a83bfb1b8a91b839703:newom/newom/newom/img/product_images/3089.jpg,,Lighting Accessory,Pendant Lamp Holder,LEDSone,E27 Chrome Pendant Lamp Holder with 1m Braided Cable,E27,-,-,-,-,,Edison Screw,No,M10,20 mm,Yes,No,-,Smooth,Metal,-,Ceramic,Polished Chrome,Silver,90.0,42.0,Round,Cear,PVC,Smooth,3 Core,1m,Yes,"Live,Neatural,Earth",0.75 mm²,-,-,-,-,-,-,50mm,900mm,,,Metal,PVC/Rubber Insulated,60W,220-240V,"Yes
Depend on The Switch & Bulb",50Hz,IP20,Hardwired,Pendant,Yes,Minimal,Easy,~25min,Terminal Block,Universal,"Lamp Holder, Shade Ring, Lock Nut, Cable",No,Yes,"Screwdriver,Cable Cutter",-,-,"A60 
ST64 
G95
G80 & Al kind E27 bulbs",Yes,Yes,Recommended,Yes,No,No,Yes,,,,,,2.7,,,,,,,,,e27 silver pendant lamp holder,polished chrome lamp holder,pendant lamp holder,"b22, floor lamp, table lamp, led bulb, shade only, e14",0.31,0.14,"silver pendant lamp holder, e27 silver pendant lamp holder, polished chrome pendant lamp holder, e27 pendant lamp holder round cable, pendant lamp holder 1m cable, e27 pendant lamp holder uk, pendant lamp holder, e27 pendant lamp holder, silver pendant light holder, polished chrome lamp holder",,,,,,,,,,,,,,,,,,,,,,,,,,,,,,,
PHBK1PBRRO,https://sin1.contabostorage.com/4ad62276cb6d4a83bfb1b8a91b839703:newom/newom/newom/img/product_images/3088.jpg,,Lighting Accessory,Pendant Lamp Holder,LEDSone,,E27,-,-,-,-,,Edison Screw,No,M10,20 mm,Yes,No,-,Smooth,Metal,-,Ceramic,Rose Gold,Rose Gold,90.0,42.0,Round,Black,PVC,Smooth,3 Core,1m,Yes,"Live,Neatural,Earth",0.75 mm²,-,-,-,-,-,-,50mm,900mm,,,Metal,PVC/Rubber Insulated,60W,220-240V,"Yes
Depend on The Switch & Bulb",50Hz,IP20,Hardwired,Pendant,Yes,Minimal,Easy,~25min,Terminal Block,Universal,"Lamp Holder, Shade Ring, Lock Nut, Cable",No,Yes,"Screwdriver,Cable Cutter",-,-,"A60 
ST64 
G95
G80 & Al kind E27 bulbs",Yes,Yes,Recommended,Yes,No,No,Yes,,,,,,2.7,,,,,,,,,e27 rose gold pendant lamp holder,pendant lamp holder round cable,lamp holder with cable,"b22, floor lamp, table lamp, led bulb, shade only, e14",0.31,0.14,"rose gold pendant lamp holder, e27 rose gold pendant lamp holder, e27 pendant lamp holder round cable, pendant lamp holder 1m cable, e27 pendant lamp holder uk, pendant lamp holder, e27 pendant lamp holder, rose gold pendant light holder, rose gold lamp holder, pendant lamp holder round cable",,,,,,,,,,,,,,,,,,,,,,,,,,,,,,,
PHBK1PBRFG,https://sin1.contabostorage.com/4ad62276cb6d4a83bfb1b8a91b839703:newom/newom/newom/img/product_images/3087.jpg,,Lighting Accessory,Pendant Lamp Holder,LEDSone,,E27,-,-,-,-,,Edison Screw,No,M10,20 mm,Yes,No,-,Smooth,Metal,-,Ceramic,French Gold (Rose Gold Tone),French Gold,90.0,42.0,Round,Black,PVC,Smooth,3 Core,1m,Yes,"Live,Neatural,Earth",0.75 mm²,-,-,-,-,-,-,50mm,900mm,,,Metal,PVC/Rubber Insulated,60W,220-240V,"Yes
Depend on The Switch & Bulb",50Hz,IP20,Hardwired,Pendant,Yes,Minimal,Easy,~25min,Terminal Block,Universal,"Lamp Holder, Shade Ring, Lock Nut, Cable",No,Yes,"Screwdriver,Cable Cutter",-,-,"A60 
ST64 
G95
G80 & Al kind E27 bulbs",Yes,Yes,Recommended,Yes,No,No,Yes,,,,,,2.7,,,,,,,,,e27 french gold pendant lamp holder,french gold (rose gold tone) lamp holder,pendant lamp holder,"b22, floor lamp, table lamp, led bulb, shade only, e14",0.31,0.14,"french gold pendant lamp holder, e27 french gold pendant lamp holder, french gold (rose gold tone) pendant lamp holder, e27 pendant lamp holder round cable, pendant lamp holder 1m cable, e27 pendant lamp holder uk, pendant lamp holder, e27 pendant lamp holder, french gold pendant light holder, french gold (rose gold tone) lamp holder",,,,,,,,,,,,,,,,,,,,,,,,,,,,,,,
PHBK1PBRCO,https://sin1.contabostorage.com/4ad62276cb6d4a83bfb1b8a91b839703:newom/newom/newom/img/product_images/3086.jpg,,Lighting Accessory,Pendant Lamp Holder,LEDSone,E27 Copper Pendant Lamp Holder with 1m Round Cable,E27,-,-,-,-,,Edison Screw,No,M10,20 mm,Yes,No,-,Smooth,Metal,-,Ceramic,Brass,Copper,90.0,42.0,Round,Black,PVC,Smooth,3 Core,1m,Yes,"Live,Neatural,Earth",0.75 mm²,-,-,-,-,-,-,50mm,900mm,,,Metal,PVC/Rubber Insulated,60W,220-240V,"Yes
Depend on The Switch & Bulb",50Hz,IP20,Hardwired,Pendant,Yes,Minimal,Easy,~25min,Terminal Block,Universal,"Lamp Holder, Shade Ring, Lock Nut, Cable",No,Yes,"Screwdriver,Cable Cutter",-,-,"A60 
ST64 
G95
G80 & Al kind E27 bulbs",Yes,Yes,Recommended,Yes,No,No,Yes,,,,,,2.7,,,,,,,,,e27 copper pendant lamp holder,brass lamp holder,pendant lamp holder,"b22, floor lamp, table lamp, led bulb, shade only, e14",0.31,0.14,"copper pendant lamp holder, e27 copper pendant lamp holder, brass pendant lamp holder, e27 pendant lamp holder round cable, pendant lamp holder 1m cable, e27 pendant lamp holder uk, pendant lamp holder, e27 pendant lamp holder, copper pendant light holder, brass lamp holder",,,,,,,,,,,,,,,,,,,,,,,,,,,,,,,
PHBK1PWRWH,https://sin1.contabostorage.com/4ad62276cb6d4a83bfb1b8a91b839703:newom/newom/newom/img/product_images/3085.jpg,,Lighting Accessory,Pendant Lamp Holder,LEDSone,,E27,-,-,-,-,,Edison Screw,No,M10,20 mm,Yes,No,-,Smooth,Metal,-,Ceramic,Painetd White,White,90.0,42.0,Round,White,PVC,Smooth,3 Core,1m,Yes,"Live,Neatural,Earth",0.75 mm²,-,-,-,-,-,-,50mm,900mm,,,Metal,PVC/Rubber Insulated,60W,220-240V,"Yes
Depend on The Switch & Bulb",50Hz,IP20,Hardwired,Pendant,Yes,Minimal,Easy,~25min,Terminal Block,Universal,"Lamp Holder, Shade Ring, Lock Nut, Cable",No,Yes,"Screwdriver,Cable Cutter",-,-,"A60 
ST64 
G95
G80 & Al kind E27 bulbs",Yes,Yes,Recommended,Yes,No,No,Yes,,,,,,2.7,,,,,,,,,e27 white pendant lamp holder,painetd white lamp holder,pendant lamp holder,"b22, floor lamp, table lamp, led bulb, shade only, e14",0.31,0.14,"white pendant lamp holder, e27 white pendant lamp holder, painetd white pendant lamp holder, e27 pendant lamp holder round cable, pendant lamp holder 1m cable, e27 pendant lamp holder uk, pendant lamp holder, e27 pendant lamp holder, white pendant light holder, painetd white lamp holder",,,,,,,,,,,,,,,,,,,,,,,,,,,,,,,
PHCN1GDRYB,https://sin1.contabostorage.com/4ad62276cb6d4a83bfb1b8a91b839703:newom/newom/newom/img/product_images/1707.jpg,,Lighting Accessory,Pendant Lamp Holder,LEDSone,E27 Yellow Brass Pendant Lamp Holder with 1m Twisted Cable,E27,-,-,-,-,,Edison Screw,No,M10,20 mm,Yes,No,-,Smooth,Metal,-,Ceramic,Brass,Yellow Brass,100.0,42.0,Round,Yellow,Fabric Braided,Braided,3 Core,1m,Yes,"Live,Neatural,Earth",0.75 mm²,-,-,-,-,-,-,50mm,900mm,,,Metal,Fabric Braided,60W,220-240V,"Yes
Depend on The Switch & Bulb",50Hz,IP20,Hardwired,Pendant,Yes,Minimal,Easy,~25min,Terminal Block,Universal,"Lamp Holder, Shade Ring, Lock Nut, Cable",No,Yes,"Screwdriver,Cable Cutter",-,-,"A60 
ST64 
G95
G80 & Al kind E27 bulbs",Yes,Yes,Recommended,Yes,No,No,Yes,,,,,,2.7,,,,,,,,,e27 yellow brass pendant lamp holder,brass lamp holder,pendant lamp holder,"b22, floor lamp, table lamp, led bulb, shade only, e14",0.31,0.14,"yellow brass pendant lamp holder, e27 yellow brass pendant lamp holder, brass pendant lamp holder, e27 pendant lamp holder round cable, pendant lamp holder 1m cable, e27 pendant lamp holder uk, pendant lamp holder, e27 pendant lamp holder, yellow brass pendant light holder, brass lamp holder",,,,,,,,,,,,,,,,,,,,,,,,,,,,,,,
PHCN1AGRGB,https://sin1.contabostorage.com/4ad62276cb6d4a83bfb1b8a91b839703:newom/newom/newom/img/product_images/1706.jpg,,Lighting Accessory,Pendant Lamp Holder,LEDSone,E27 Green BrassPendant Lamp Holder with 1m Round Braided Cable,E27,-,-,-,-,,Edison Screw,No,M10,20 mm,Yes,No,-,Smooth,Metal,-,Ceramic,Brass,Green Brass,100.0,42.0,Round,Green,Fabric Braided,Braided,3 Core,1m,Yes,"Live,Neatural,Earth",0.75 mm²,-,-,-,-,-,-,50mm,900mm,,,Metal,Fabric Braided,60W,220-240V,"Yes
Depend on The Switch & Bulb",50Hz,IP20,Hardwired,Pendant,Yes,Minimal,Easy,~25min,Terminal Block,Universal,"Lamp Holder, Shade Ring, Lock Nut, Cable",No,Yes,"Screwdriver,Cable Cutter",-,-,"A60 
ST64 
G95
G80 & Al kind E27 bulbs",Yes,Yes,Recommended,Yes,No,No,Yes,,,,,,2.7,,,,,,,,,e27 green brass pendant lamp holder,brass lamp holder,pendant lamp holder,"b22, floor lamp, table lamp, led bulb, shade only, e14",0.31,0.14,"green brass pendant lamp holder, e27 green brass pendant lamp holder, brass pendant lamp holder, e27 pendant lamp holder round cable, pendant lamp holder 1m cable, e27 pendant lamp holder uk, pendant lamp holder, e27 pendant lamp holder, green brass pendant light holder, brass lamp holder",,,,,,,,,,,,,,,,,,,,,,,,,,,,,,,
PHQL1AGRGB,https://sin1.contabostorage.com/4ad62276cb6d4a83bfb1b8a91b839703:newom/newom/newom/img/product_images/2630.jpg,,Lighting Accessory,Pendant Lamp Holder,LEDSone,E27 Green BrassPendant Lamp Holder with 1m Round Braided Cable,E27,-,-,-,-,,Edison Screw,No,M10,20 mm,Yes,No,-,Smooth,Metal,-,Ceramic,Brass,Green Brass,80.0,43.0,Round,Gold,Fabric Braided,Braided,3 Core,1m,Yes,"Live,Neatural,Earth",0.75 mm²,-,-,-,-,-,-,50mm,900mm,,,Metal,Fabric Braided,60W,220-240V,"Yes
Depend on The Switch & Bulb",50Hz,IP20,Hardwired,Pendant,Yes,Minimal,Easy,~25min,Terminal Block,Universal,"Lamp Holder, Shade Ring, Lock Nut, Cable",No,Yes,"Screwdriver,Cable Cutter",-,-,"A60 
ST64 
G95
G80 & Al kind E27 bulbs",Yes,Yes,Recommended,Yes,No,No,Yes,,,,,,2.7,,,,,,,,,e27 green brass pendant lamp holder,brass lamp holder,pendant lamp holder,"b22, floor lamp, table lamp, led bulb, shade only, e14",0.31,0.14,"green brass pendant lamp holder, e27 green brass pendant lamp holder, brass pendant lamp holder, e27 pendant lamp holder round cable, pendant lamp holder 1m cable, e27 pendant lamp holder uk, pendant lamp holder, e27 pendant lamp holder, green brass pendant light holder, brass lamp holder",,,,,,,,,,,,,,,,,,,,,,,,,,,,,,,
PHQL1BRRCO,https://sin1.contabostorage.com/4ad62276cb6d4a83bfb1b8a91b839703:newom/newom/newom/img/product_images/2629.jpg,,Lighting Accessory,Pendant Lamp Holder,LEDSone,E27 Copper Pendant Lamp Holder with 1m Round Cable,E27,-,-,-,-,,Edison Screw,No,M10,20 mm,Yes,No,-,Smooth,Metal,-,Ceramic,Brass,Copper,80.0,43.0,Round,Copper,Fabric Braided,Braided,3 Core,1m,Yes,"Live,Neatural,Earth",0.75 mm²,-,-,-,-,-,-,50mm,900mm,,,Metal,Fabric Braided,60W,220-240V,"Yes
Depend on The Switch & Bulb",50Hz,IP20,Hardwired,Pendant,Yes,Minimal,Easy,~25min,Terminal Block,Universal,"Lamp Holder, Shade Ring, Lock Nut, Cable",No,Yes,"Screwdriver,Cable Cutter",-,-,"A60 
ST64 
G95
G80 & Al kind E27 bulbs",Yes,Yes,Recommended,Yes,No,No,Yes,,,,,,2.7,,,,,,,,,e27 copper pendant lamp holder,brass lamp holder,pendant lamp holder,"b22, floor lamp, table lamp, led bulb, shade only, e14",0.31,0.14,"copper pendant lamp holder, e27 copper pendant lamp holder, brass pendant lamp holder, e27 pendant lamp holder round cable, pendant lamp holder 1m cable, e27 pendant lamp holder uk, pendant lamp holder, e27 pendant lamp holder, copper pendant light holder, brass lamp holder",,,,,,,,,,,,,,,,,,,,,,,,,,,,,,,
PHQL1GDRYB,https://sin1.contabostorage.com/4ad62276cb6d4a83bfb1b8a91b839703:newom/newom/newom/img/product_images/2565.jpg,,Lighting Accessory,Pendant Lamp Holder,LEDSone,E27 Yellow Brass Pendant Lamp Holder with 1m Twisted Cable,E27,-,-,-,-,,Edison Screw,No,M10,20 mm,Yes,No,-,Smooth,Metal,-,Ceramic,Brass,Yellow Brass,80.0,43.0,Round,Yellow,Fabric Braided,Braided,3 Core,1m,Yes,"Live,Neatural,Earth",0.75 mm²,-,-,-,-,-,-,50mm,900mm,,,Metal,Fabric Braided,60W,220-240V,"Yes
Depend on The Switch & Bulb",50Hz,IP20,Hardwired,Pendant,Yes,Minimal,Easy,~25min,Terminal Block,Universal,"Lamp Holder, Shade Ring, Lock Nut, Cable",No,Yes,"Screwdriver,Cable Cutter",-,-,"A60 
ST64 
G95
G80 & Al kind E27 bulbs",Yes,Yes,Recommended,Yes,No,No,Yes,,,,,,2.7,,,,,,,,,e27 yellow brass pendant lamp holder,brass lamp holder,pendant lamp holder,"b22, floor lamp, table lamp, led bulb, shade only, e14",0.31,0.14,"yellow brass pendant lamp holder, e27 yellow brass pendant lamp holder, brass pendant lamp holder, e27 pendant lamp holder round cable, pendant lamp holder 1m cable, e27 pendant lamp holder uk, pendant lamp holder, e27 pendant lamp holder, yellow brass pendant light holder, brass lamp holder",,,,,,,,,,,,,,,,,,,,,,,,,,,,,,,
PHQL1BMRBM,https://sin1.contabostorage.com/4ad62276cb6d4a83bfb1b8a91b839703:newom/newom/newom/img/product_images/2548.jpg,,Lighting Accessory,Pendant Lamp Holder,LEDSone,,E27,-,-,-,-,,Edison Screw,No,M10,20 mm,Yes,No,-,Smooth,Metal,-,Ceramic,Matte Black,Black,75.0,39.0,Round,Black,Fabric Braided,Twisted,3 Core,1m,Yes,"Live,Neatural,Earth",0.75 mm²,-,-,-,-,-,-,50mm,900mm,,,Metal,Fabric Braided,60W,220-240V,"Yes
Depend on The Switch & Bulb",50Hz,IP20,Hardwired,Pendant,Yes,Minimal,Easy,~25min,Terminal Block,Universal,"Lamp Holder, Shade Ring, Lock Nut, Cable",No,Yes,"Screwdriver,Cable Cutter",-,-,"A60 
ST64 
G95
G80 & Al kind E27 bulbs",Yes,Yes,Recommended,Yes,No,No,Yes,,,,,,2.7,,,,,,,,,e27 black pendant lamp holder,matte black lamp holder,pendant lamp holder,"b22, floor lamp, table lamp, led bulb, shade only, e14",0.31,0.14,"black pendant lamp holder, e27 black pendant lamp holder, matte black pendant lamp holder, e27 pendant lamp holder round cable, pendant lamp holder 1m cable, e27 pendant lamp holder uk, pendant lamp holder, e27 pendant lamp holder, black pendant light holder, matte black lamp holder",,,,,,,,,,,,,,,,,,,,,,,,,,,,,,,
PHLH1AGTGB,https://sin1.contabostorage.com/4ad62276cb6d4a83bfb1b8a91b839703:newom/newom/newom/img/product_images/859.jpg,,Lighting Accessory,Pendant Lamp Holder,LEDSone,E27 Green BrassPendant Lamp Holder with 1m Twisted Green Braided Cable,E27,-,-,-,-,,Edison Screw,No,M10,20 mm,Yes,No,-,Smooth,Metal,-,Ceramic,Brass,Green Brass,75.0,39.0,Twisted,Green,Fabric Braided,Twisted Braided,3 Core,1m,Yes,"Live,Neatural,Earth",0.75 mm²,-,-,-,-,-,-,50mm,900mm,,,Metal,Fabric Braided,60W,220-240V,"Yes
Depend on The Switch & Bulb",50Hz,IP20,Hardwired,Pendant,Yes,Minimal,Easy,~25min,Terminal Block,Universal,"Lamp Holder, Shade Ring, Lock Nut, Cable",No,Yes,"Screwdriver,Cable Cutter",-,-,"A60 
ST64 
G95
G80 & Al kind E27 bulbs",Yes,Yes,Recommended,Yes,No,No,Yes,,,,,,2.7,,,,,,,,,e27 green brass pendant lamp holder,brass lamp holder,pendant lamp holder,"b22, floor lamp, table lamp, led bulb, shade only, e14",0.31,0.14,"green brass pendant lamp holder, e27 green brass pendant lamp holder, brass pendant lamp holder, e27 pendant lamp holder twisted cable, pendant lamp holder 1m cable, e27 pendant lamp holder uk, pendant lamp holder, e27 pendant lamp holder, green brass pendant light holder, brass lamp holder",,,,,,,,,,,,,,,,,,,,,,,,,,,,,,,
PHRG1AGRGB,https://sin1.contabostorage.com/4ad62276cb6d4a83bfb1b8a91b839703:newom/newom/newom/img/product_images/856.jpg,,Lighting Accessory,Pendant Lamp Holder,LEDSone,E27 Green BrassPendant Lamp Holder with 1m Round Braided Cable,E27,-,-,-,-,,Edison Screw,No,M10,20 mm,Yes,No,-,Grooved,Metal,-,Ceramic,Brass,Green Brass,78.0,42.0,Round,Green,Fabric Braided,Braided,3 Core,1m,Yes,"Live,Neatural,Earth",0.75 mm²,-,-,-,-,-,-,50mm,900mm,,,Metal,Fabric Braided,60W,220-240V,"Yes
Depend on The Switch & Bulb",50Hz,IP20,Hardwired,Pendant,Yes,Minimal,Easy,~25min,Terminal Block,Universal,"Lamp Holder, Shade Ring, Lock Nut, Cable",No,Yes,"Screwdriver,Cable Cutter",-,-,"A60 
ST64 
G95
G80 & Al kind E27 bulbs",Yes,Yes,Recommended,Yes,No,No,Yes,,,,,,2.7,,,,,,,,,e27 green brass pendant lamp holder,brass lamp holder,pendant lamp holder,"b22, floor lamp, table lamp, led bulb, shade only, e14",0.31,0.14,"green brass pendant lamp holder, e27 green brass pendant lamp holder, brass pendant lamp holder, e27 pendant lamp holder round cable, pendant lamp holder 1m cable, e27 pendant lamp holder uk, pendant lamp holder, e27 pendant lamp holder, green brass pendant light holder, brass lamp holder",,,,,,,,,,,,,,,,,,,,,,,,,,,,,,,
PHRG1GDRYB,https://sin1.contabostorage.com/4ad62276cb6d4a83bfb1b8a91b839703:newom/newom/newom/img/product_images/855.jpg,,Lighting Accessory,Pendant Lamp Holder,LEDSone,E27 Yellow Brass Pendant Lamp Holder with 1m Twisted Cable,E27,-,-,-,-,,Edison Screw,No,M10,20 mm,Yes,No,-,Grooved,Metal,-,Ceramic,Brass,Yellow Brass,78.0,42.0,Round,Gold,Fabric Braided,Braided,3 Core,1m,Yes,"Live,Neatural,Earth",0.75 mm²,-,-,-,-,-,-,50mm,900mm,,,Metal,Fabric Braided,60W,220-240V,"Yes
Depend on The Switch & Bulb",50Hz,IP20,Hardwired,Pendant,Yes,Minimal,Easy,~25min,Terminal Block,Universal,"Lamp Holder, Shade Ring, Lock Nut, Cable",No,Yes,"Screwdriver,Cable Cutter",-,-,"A60 
ST64 
G95
G80 & Al kind E27 bulbs",Yes,Yes,Recommended,Yes,No,No,Yes,,,,,,2.7,,,,,,,,,e27 yellow brass pendant lamp holder,brass lamp holder,pendant lamp holder,"b22, floor lamp, table lamp, led bulb, shade only, e14",0.31,0.14,"yellow brass pendant lamp holder, e27 yellow brass pendant lamp holder, brass pendant lamp holder, e27 pendant lamp holder round cable, pendant lamp holder 1m cable, e27 pendant lamp holder uk, pendant lamp holder, e27 pendant lamp holder, yellow brass pendant light holder, brass lamp holder",,,,,,,,,,,,,,,,,,,,,,,,,,,,,,,
PHRN2PCROR,https://sin1.contabostorage.com/4ad62276cb6d4a83bfb1b8a91b839703:newom/newom/newom/img/product_images/3217.jpg,,Lighting Accessory,Pendant Lamp Holder,LEDSone,E27 Orange Silicone Pendant Lamp Holder with Fabric Cable,E27,-,-,-,-,,Edison Screw,No,M10,20 mm,Yes,No,-,Smooth Bottle Shape,Silicone,-,PVC,Glossy painted,Red,100.0,50.0,Round,Orange,Fabric Braided,Braided,2 Core,2m,Yes,"Live,Neatural,Earth",0.75 mm²,-,-,-,-,-,-,50mm,900mm,,,Metal,Fabric Braided,60W,220-240V,"Yes
Depend on The Switch & Bulb",50Hz,IP20,Hardwired,Pendant,Yes,Minimal,Easy,~25min,Terminal Block,Universal,"Lamp Holder, Shade Ring, Lock Nut, Cable",No,Yes,"Screwdriver,Cable Cutter",-,-,"A60 
ST64 
G95
G80 & Al kind E27 bulbs",Yes,Yes,Recommended,Yes,No,No,Yes,,,,,,2.7,,,,,,,,,e27 red pendant lamp holder,glossy painted lamp holder,pendant lamp holder,"b22, floor lamp, table lamp, led bulb, shade only, e14",0.31,0.14,"red pendant lamp holder, e27 red pendant lamp holder, glossy painted pendant lamp holder, e27 pendant lamp holder round cable, pendant lamp holder 2m cable, e27 pendant lamp holder uk, pendant lamp holder, e27 pendant lamp holder, red pendant light holder, glossy painted lamp holder",,,,,,,,,,,,,,,,,,,,,,,,,,,,,,,
PHRN1PCROR,https://sin1.contabostorage.com/4ad62276cb6d4a83bfb1b8a91b839703:newom/newom/newom/img/product_images/3216.jpg,,Lighting Accessory,Pendant Lamp Holder,LEDSone,E27 Orange Silicone Pendant Lamp Holder with Fabric Cable,E27,-,-,-,-,,Edison Screw,No,M10,20 mm,Yes,No,-,Smooth Bottle Shape,Silicone,-,PVC,Glossy painted,Red,100.0,50.0,Round,Orange,Fabric Braided,Braided,2 Core,1m,Yes,"Live,Neatural,Earth",0.75 mm²,-,-,-,-,-,-,50mm,900mm,,,Metal,Fabric Braided,60W,220-240V,"Yes
Depend on The Switch & Bulb",50Hz,IP20,Hardwired,Pendant,Yes,Minimal,Easy,~25min,Terminal Block,Universal,"Lamp Holder, Shade Ring, Lock Nut, Cable",No,Yes,"Screwdriver,Cable Cutter",-,-,"A60 
ST64 
G95
G80 & Al kind E27 bulbs",Yes,Yes,Recommended,Yes,No,No,Yes,,,,,,2.7,,,,,,,,,e27 red pendant lamp holder,glossy painted lamp holder,pendant lamp holder,"b22, floor lamp, table lamp, led bulb, shade only, e14",0.31,0.14,"red pendant lamp holder, e27 red pendant lamp holder, glossy painted pendant lamp holder, e27 pendant lamp holder round cable, pendant lamp holder 1m cable, e27 pendant lamp holder uk, pendant lamp holder, e27 pendant lamp holder, red pendant light holder, glossy painted lamp holder",,,,,,,,,,,,,,,,,,,,,,,,,,,,,,,
PHRN2PCRBM,https://sin1.contabostorage.com/4ad62276cb6d4a83bfb1b8a91b839703:newom/newom/newom/img/product_images/3215.jpg,,Lighting Accessory,Pendant Lamp Holder,LEDSone,E27 Black Silicone Pendant Lamp Holder with Fabric Cable,E27,-,-,-,-,,Edison Screw,No,M10,20 mm,Yes,No,-,Smooth Bottle Shape,Silicone,-,PVC,Matte Black,Black,100.0,50.0,Round,Black,Fabric Braided,Braided,2 Core,2m,Yes,"Live,Neatural,Earth",0.75 mm²,-,-,-,-,-,-,50mm,900mm,,,Metal,Fabric Braided,60W,220-240V,"Yes
Depend on The Switch & Bulb",50Hz,IP20,Hardwired,Pendant,Yes,Minimal,Easy,~25min,Terminal Block,Universal,"Lamp Holder, Shade Ring, Lock Nut, Cable",No,Yes,"Screwdriver,Cable Cutter",-,-,"A60 
ST64 
G95
G80 & Al kind E27 bulbs",Yes,Yes,Recommended,Yes,No,No,Yes,,,,,,2.7,,,,,,,,,e27 black pendant lamp holder,matte black lamp holder,pendant lamp holder,"b22, floor lamp, table lamp, led bulb, shade only, e14",0.31,0.14,"black pendant lamp holder, e27 black pendant lamp holder, matte black pendant lamp holder, e27 pendant lamp holder round cable, pendant lamp holder 2m cable, e27 pendant lamp holder uk, pendant lamp holder, e27 pendant lamp holder, black pendant light holder, matte black lamp holder",,,,,,,,,,,,,,,,,,,,,,,,,,,,,,,
PHRN1PCRBM,https://sin1.contabostorage.com/4ad62276cb6d4a83bfb1b8a91b839703:newom/newom/newom/img/product_images/3214.jpg,,Lighting Accessory,Pendant Lamp Holder,LEDSone,E27 Black Silicone Pendant Lamp Holder with Fabric Cable,E27,-,-,-,-,,Edison Screw,No,M10,20 mm,Yes,No,-,Smooth Bottle Shape,Silicone,-,PVC,Matte Black,Black,100.0,50.0,Round,Black,Fabric Braided,Braided,2 Core,1m,Yes,"Live,Neatural,Earth",0.75 mm²,-,-,-,-,-,-,50mm,900mm,,,Metal,Fabric Braided,60W,220-240V,"Yes
Depend on The Switch & Bulb",50Hz,IP20,Hardwired,Pendant,Yes,Minimal,Easy,~25min,Terminal Block,Universal,"Lamp Holder, Shade Ring, Lock Nut, Cable",No,Yes,"Screwdriver,Cable Cutter",-,-,"A60 
ST64 
G95
G80 & Al kind E27 bulbs",Yes,Yes,Recommended,Yes,No,No,Yes,,,,,,2.7,,,,,,,,,e27 black pendant lamp holder,matte black lamp holder,pendant lamp holder,"b22, floor lamp, table lamp, led bulb, shade only, e14",0.31,0.14,"black pendant lamp holder, e27 black pendant lamp holder, matte black pendant lamp holder, e27 pendant lamp holder round cable, pendant lamp holder 1m cable, e27 pendant lamp holder uk, pendant lamp holder, e27 pendant lamp holder, black pendant light holder, matte black lamp holder",,,,,,,,,,,,,,,,,,,,,,,,,,,,,,,
PHRN1PCRLG,https://sin1.contabostorage.com/4ad62276cb6d4a83bfb1b8a91b839703:newom/newom/newom/img/product_images/2723.jpg,,Lighting Accessory,Pendant Lamp Holder,LEDSone,E27 Lime green Silicone Pendant Lamp Holder with Fabric Cable,E27,-,-,-,-,,Edison Screw,No,M10,20 mm,Yes,No,-,Smooth Bottle Shape,Silicone,-,PVC,Silicone Red,Red,100.0,50.0,Round,Green,Fabric Braided,Braided,2 Core,1m,Yes,"Live,Neatural,Earth",0.75 mm²,-,-,-,-,-,-,50mm,900mm,,,Metal,Fabric Braided,60W,220-240V,"Yes
Depend on The Switch & Bulb",50Hz,IP20,Hardwired,Pendant,Yes,Minimal,Easy,~25min,Terminal Block,Universal,"Lamp Holder, Shade Ring, Lock Nut, Cable",No,Yes,"Screwdriver,Cable Cutter",-,-,"A60 
ST64 
G95
G80 & Al kind E27 bulbs",Yes,Yes,Recommended,Yes,No,No,Yes,,,,,,2.7,,,,,,,,,e27 red pendant lamp holder,silicone red lamp holder,pendant lamp holder,"b22, floor lamp, table lamp, led bulb, shade only, e14",0.31,0.14,"red pendant lamp holder, e27 red pendant lamp holder, silicone red pendant lamp holder, e27 pendant lamp holder round cable, pendant lamp holder 1m cable, e27 pendant lamp holder uk, pendant lamp holder, e27 pendant lamp holder, red pendant light holder, silicone red lamp holder",,,,,,,,,,,,,,,,,,,,,,,,,,,,,,,
PHRN1PCRGY,https://sin1.contabostorage.com/4ad62276cb6d4a83bfb1b8a91b839703:newom/newom/newom/img/product_images/2722.jpg,,Lighting Accessory,Pendant Lamp Holder,LEDSone,E27 GraySilicone Pendant Lamp Holder with Fabric Cable,E27,-,-,-,-,,Edison Screw,No,M10,20 mm,Yes,No,-,Smooth Bottle Shape,Silicone,-,PVC,Matte Gray,Grey,100.0,50.0,Round,Gray,Fabric Braided,Braided,2 Core,1m,Yes,"Live,Neatural,Earth",0.75 mm²,-,-,-,-,-,-,50mm,900mm,,,Metal,Fabric Braided,60W,220-240V,"Yes
Depend on The Switch & Bulb",50Hz,IP20,Hardwired,Pendant,Yes,Minimal,Easy,~25min,Terminal Block,Universal,"Lamp Holder, Shade Ring, Lock Nut, Cable",No,Yes,"Screwdriver,Cable Cutter",-,-,"A60 
ST64 
G95
G80 & Al kind E27 bulbs",Yes,Yes,Recommended,Yes,No,No,Yes,,,,,,2.7,,,,,,,,,e27 grey pendant lamp holder,matte gray lamp holder,pendant lamp holder,"b22, floor lamp, table lamp, led bulb, shade only, e14",0.31,0.14,"grey pendant lamp holder, e27 grey pendant lamp holder, matte gray pendant lamp holder, e27 pendant lamp holder round cable, pendant lamp holder 1m cable, e27 pendant lamp holder uk, pendant lamp holder, e27 pendant lamp holder, grey pendant light holder, matte gray lamp holder",,,,,,,,,,,,,,,,,,,,,,,,,,,,,,,
PHRN1PCRBT,https://sin1.contabostorage.com/4ad62276cb6d4a83bfb1b8a91b839703:newom/newom/newom/img/product_images/2721.jpg,,Lighting Accessory,Pendant Lamp Holder,LEDSone,"E27 Blue Silicone 
Pendant Lamp 
Holder with Fabric Cable",E27,-,-,-,-,,Edison Screw,No,M10,20 mm,Yes,No,-,Smooth Bottle Shape,Silicone,-,PVC,Glossy painted,Red,100.0,50.0,Round,Blue,Fabric Braided,Braided,2 Core,1m,Yes,"Live,Neatural,Earth",0.75 mm²,-,-,-,-,-,-,50mm,900mm,,,Metal,Fabric Braided,60W,220-240V,"Yes
Depend on The Switch & Bulb",50Hz,IP20,Hardwired,Pendant,Yes,Minimal,Easy,~25min,Terminal Block,Universal,"Lamp Holder, Shade Ring, Lock Nut, Cable",No,Yes,"Screwdriver,Cable Cutter",-,-,"A60 
ST64 
G95
G80 & Al kind E27 bulbs",Yes,Yes,Recommended,Yes,No,No,Yes,,,,,,2.7,,,,,,,,,e27 red pendant lamp holder,glossy painted lamp holder,pendant lamp holder,"b22, floor lamp, table lamp, led bulb, shade only, e14",0.31,0.14,"red pendant lamp holder, e27 red pendant lamp holder, glossy painted pendant lamp holder, e27 pendant lamp holder round cable, pendant lamp holder 1m cable, e27 pendant lamp holder uk, pendant lamp holder, e27 pendant lamp holder, red pendant light holder, glossy painted lamp holder",,,,,,,,,,,,,,,,,,,,,,,,,,,,,,,
PHRN2PCRYE,https://sin1.contabostorage.com/4ad62276cb6d4a83bfb1b8a91b839703:newom/newom/newom/img/product_images/3544.jpg,,Lighting Accessory,Pendant Lamp Holder,LEDSone,E27 Yellow Silicone Pendant Lamp Holder with Fabric Cable,E27,-,-,-,-,,Edison Screw,No,M10,20 mm,Yes,No,-,Smooth Bottle Shape,Silicone,-,PVC,Glossy painted,Yellow,100.0,50.0,Round,Yellow,Fabric Braided,Braided,2 Core,2m,Yes,"Live,Neatural,Earth",0.75 mm²,-,-,-,-,-,-,50mm,900mm,,,Metal,Fabric Braided,60W,220-240V,"Yes
Depend on The Switch & Bulb",50Hz,IP20,Hardwired,Pendant,Yes,Minimal,Easy,~25min,Terminal Block,Universal,"Lamp Holder, Shade Ring, Lock Nut, Cable",No,Yes,"Screwdriver,Cable Cutter",-,-,"A60 
ST64 
G95
G80 & Al kind E27 bulbs",Yes,Yes,Recommended,Yes,No,No,Yes,,,,,,2.7,,,,,,,,,e27 yellow pendant lamp holder,glossy painted lamp holder,pendant lamp holder,"b22, floor lamp, table lamp, led bulb, shade only, e14",0.31,0.14,"yellow pendant lamp holder, e27 yellow pendant lamp holder, glossy painted pendant lamp holder, e27 pendant lamp holder round cable, pendant lamp holder 2m cable, e27 pendant lamp holder uk, pendant lamp holder, e27 pendant lamp holder, yellow pendant light holder, glossy painted lamp holder",,,,,,,,,,,,,,,,,,,,,,,,,,,,,,,
PHRN2PCRPI,https://sin1.contabostorage.com/4ad62276cb6d4a83bfb1b8a91b839703:newom/newom/newom/img/product_images/3543.jpg,,Lighting Accessory,Pendant Lamp Holder,LEDSone,E27 Pink Silicone Pendant Lamp Holder with Fabric Cable,E27,-,-,-,-,,Edison Screw,No,M10,20 mm,Yes,No,-,Smooth Bottle Shape,Silicone,-,PVC,Painted Pink,Red,100.0,50.0,Round,Pink,Fabric Braided,Braided,2 Core,2m,Yes,"Live,Neatural,Earth",0.75 mm²,-,-,-,-,-,-,50mm,900mm,,,Metal,Fabric Braided,60W,220-240V,"Yes
Depend on The Switch & Bulb",50Hz,IP20,Hardwired,Pendant,Yes,Minimal,Easy,~25min,Terminal Block,Universal,"Lamp Holder, Shade Ring, Lock Nut, Cable",No,Yes,"Screwdriver,Cable Cutter",-,-,"A60 
ST64 
G95
G80 & Al kind E27 bulbs",Yes,Yes,Recommended,Yes,No,No,Yes,,,,,,2.7,,,,,,,,,e27 red pendant lamp holder,painted pink lamp holder,pendant lamp holder,"b22, floor lamp, table lamp, led bulb, shade only, e14",0.31,0.14,"red pendant lamp holder, e27 red pendant lamp holder, painted pink pendant lamp holder, e27 pendant lamp holder round cable, pendant lamp holder 2m cable, e27 pendant lamp holder uk, pendant lamp holder, e27 pendant lamp holder, red pendant light holder, painted pink lamp holder",,,,,,,,,,,,,,,,,,,,,,,,,,,,,,,
PHRN2PCRWH,https://sin1.contabostorage.com/4ad62276cb6d4a83bfb1b8a91b839703:newom/newom/newom/img/product_images/3635.jpg,,Lighting Accessory,Pendant Lamp Holder,LEDSone,E27 Pink Silicone Pendant Lamp Holder with Fabric Cable,E27,-,-,-,-,,Edison Screw,No,M10,20 mm,Yes,No,-,Smooth Bottle Shape,Silicone,-,PVC,Painetd White,White,100.0,50.0,Round,White,Fabric Braided,Braided,2 Core,2m,Yes,"Live,Neatural,Earth",0.75 mm²,-,-,-,-,-,-,50mm,900mm,,,Metal,Fabric Braided,60W,220-240V,"Yes
Depend on The Switch & Bulb",50Hz,IP20,Hardwired,Pendant,Yes,Minimal,Easy,~25min,Terminal Block,Universal,"Lamp Holder, Shade Ring, Lock Nut, Cable",No,Yes,"Screwdriver,Cable Cutter",-,-,"A60 
ST64 
G95
G80 & Al kind E27 bulbs",Yes,Yes,Recommended,Yes,No,No,Yes,,,,,,2.7,,,,,,,,,e27 white pendant lamp holder,painetd white lamp holder,pendant lamp holder,"b22, floor lamp, table lamp, led bulb, shade only, e14",0.31,0.14,"white pendant lamp holder, e27 white pendant lamp holder, painetd white pendant lamp holder, e27 pendant lamp holder round cable, pendant lamp holder 2m cable, e27 pendant lamp holder uk, pendant lamp holder, e27 pendant lamp holder, white pendant light holder, painetd white lamp holder",,,,,,,,,,,,,,,,,,,,,,,,,,,,,,,
PHRN2PCRRE,https://sin1.contabostorage.com/4ad62276cb6d4a83bfb1b8a91b839703:newom/newom/newom/img/product_images/3634.jpg,,Lighting Accessory,Pendant Lamp Holder,LEDSone,E27 Red Silicone Pendant Lamp Holder with Fabric Cable,E27,-,-,-,-,,Edison Screw,No,M10,20 mm,Yes,No,-,Smooth Bottle Shape,Silicone,-,PVC,Gloss Plastic Finish,Red,100.0,50.0,Round,Red,Fabric Braided,Braided,2 Core,2m,Yes,"Live,Neatural,Earth",0.75 mm²,-,-,-,-,-,-,50mm,900mm,,,Metal,Fabric Braided,60W,220-240V,"Yes
Depend on The Switch & Bulb",50Hz,IP20,Hardwired,Pendant,Yes,Minimal,Easy,~25min,Terminal Block,Universal,"Lamp Holder, Shade Ring, Lock Nut, Cable",No,Yes,"Screwdriver,Cable Cutter",-,-,"A60 
ST64 
G95
G80 & Al kind E27 bulbs",Yes,Yes,Recommended,Yes,No,No,Yes,,,,,,2.7,,,,,,,,,e27 red pendant lamp holder,gloss plastic finish lamp holder,pendant lamp holder,"b22, floor lamp, table lamp, led bulb, shade only, e14",0.31,0.14,"red pendant lamp holder, e27 red pendant lamp holder, gloss plastic finish pendant lamp holder, e27 pendant lamp holder round cable, pendant lamp holder 2m cable, e27 pendant lamp holder uk, pendant lamp holder, e27 pendant lamp holder, red pendant light holder, gloss plastic finish lamp holder",,,,,,,,,,,,,,,,,,,,,,,,,,,,,,,
PHRN2PCRGY,https://sin1.contabostorage.com/4ad62276cb6d4a83bfb1b8a91b839703:newom/newom/newom/img/product_images/3632.jpg,,Lighting Accessory,Pendant Lamp Holder,LEDSone,E27 Grey Silicone Pendant Lamp Holder with Fabric Cable,E27,-,-,-,-,,Edison Screw,No,M10,20 mm,Yes,No,-,Smooth Bottle Shape,Silicone,-,PVC,Matte Gray,Grey,100.0,50.0,Round,Grey,Fabric Braided,Braided,2 Core,2m,Yes,"Live,Neatural,Earth",0.75 mm²,-,-,-,-,-,-,50mm,900mm,,,Metal,Fabric Braided,60W,220-240V,"Yes
Depend on The Switch & Bulb",50Hz,IP20,Hardwired,Pendant,Yes,Minimal,Easy,~25min,Terminal Block,Universal,"Lamp Holder, Shade Ring, Lock Nut, Cable",No,Yes,"Screwdriver,Cable Cutter",-,-,"A60 
ST64 
G95
G80 & Al kind E27 bulbs",Yes,Yes,Recommended,Yes,No,No,Yes,,,,,,2.7,,,,,,,,,e27 grey pendant lamp holder,matte gray lamp holder,pendant lamp holder,"b22, floor lamp, table lamp, led bulb, shade only, e14",0.31,0.14,"grey pendant lamp holder, e27 grey pendant lamp holder, matte gray pendant lamp holder, e27 pendant lamp holder round cable, pendant lamp holder 2m cable, e27 pendant lamp holder uk, pendant lamp holder, e27 pendant lamp holder, grey pendant light holder, matte gray lamp holder",,,,,,,,,,,,,,,,,,,,,,,,,,,,,,,
PHRN2PCRLG,https://sin1.contabostorage.com/4ad62276cb6d4a83bfb1b8a91b839703:newom/newom/newom/img/product_images/3631.jpg,,Lighting Accessory,Pendant Lamp Holder,LEDSone,E27 Lime Green Silicone Pendant Lamp Holder with Fabric Cable,E27,-,-,-,-,,Edison Screw,No,M10,20 mm,Yes,No,-,Smooth Bottle Shape,Silicone,-,PVC,Silicone Red,,100.0,50.0,Round,Green,Fabric Braided,Braided,2 Core,2m,Yes,"Live,Neatural,Earth",0.75 mm²,-,-,-,-,-,-,50mm,900mm,,,Metal,Fabric Braided,60W,220-240V,"Yes
Depend on The Switch & Bulb",50Hz,IP20,Hardwired,Pendant,Yes,Minimal,Easy,~25min,Terminal Block,Universal,"Lamp Holder, Shade Ring, Lock Nut, Cable",No,Yes,"Screwdriver,Cable Cutter",-,-,"A60 
ST64 
G95
G80 & Al kind E27 bulbs",Yes,Yes,Recommended,Yes,No,No,Yes,,,,,,2.7,,,,,,,,,e27 pendant lamp holder round cable,pendant lamp holder,pendant light fitting,"b22, floor lamp, table lamp, led bulb, shade only, e14",0.31,0.14,"silicone red pendant lamp holder, e27 pendant lamp holder round cable, pendant lamp holder 2m cable, e27 pendant lamp holder uk, pendant lamp holder, e27 pendant lamp holder, silicone red lamp holder, pendant lamp holder round cable, pendant light socket e27, lamp holder with cable",,,,,,,,,,,,,,,,,,,,,,,,,,,,,,,
PHRN1PCRYE,https://sin1.contabostorage.com/4ad62276cb6d4a83bfb1b8a91b839703:newom/newom/newom/img/product_images/3630.jpg,,Lighting Accessory,Pendant Lamp Holder,LEDSone,E27 Yellow Silicone Pendant Lamp Holder with Fabric Cable,E27,-,-,-,-,,Edison Screw,No,M10,20 mm,Yes,No,-,Smooth Bottle Shape,Silicone,-,PVC,Glossy painted,Yellow,100.0,50.0,Round,Yellow,Fabric Braided,Braided,2 Core,1m,Yes,"Live,Neatural,Earth",0.75 mm²,-,-,-,-,-,-,50mm,900mm,,,Metal,Fabric Braided,60W,220-240V,"Yes
Depend on The Switch & Bulb",50Hz,IP20,Hardwired,Pendant,Yes,Minimal,Easy,~25min,Terminal Block,Universal,"Lamp Holder, Shade Ring, Lock Nut, Cable",No,Yes,"Screwdriver,Cable Cutter",-,-,"A60 
ST64 
G95
G80 & Al kind E27 bulbs",Yes,Yes,Recommended,Yes,No,No,Yes,,,,,,2.7,,,,,,,,,e27 yellow pendant lamp holder,glossy painted lamp holder,pendant lamp holder,"b22, floor lamp, table lamp, led bulb, shade only, e14",0.31,0.14,"yellow pendant lamp holder, e27 yellow pendant lamp holder, glossy painted pendant lamp holder, e27 pendant lamp holder round cable, pendant lamp holder 1m cable, e27 pendant lamp holder uk, pendant lamp holder, e27 pendant lamp holder, yellow pendant light holder, glossy painted lamp holder",,,,,,,,,,,,,,,,,,,,,,,,,,,,,,,
PHRN1PCRWH,https://sin1.contabostorage.com/4ad62276cb6d4a83bfb1b8a91b839703:newom/newom/newom/img/product_images/3629.jpg,,Lighting Accessory,Pendant Lamp Holder,LEDSone,E27 White Silicone Pendant Lamp Holder with Fabric Cable,E27,-,-,-,-,,Edison Screw,No,M10,20 mm,Yes,No,-,Smooth Bottle Shape,Silicone,-,PVC,Painetd White,White,100.0,50.0,Round,white,Fabric Braided,Braided,2 Core,1m,Yes,"Live,Neatural,Earth",0.75 mm²,-,-,-,-,-,-,50mm,900mm,,,Metal,Fabric Braided,60W,220-240V,"Yes
Depend on The Switch & Bulb",50Hz,IP20,Hardwired,Pendant,Yes,Minimal,Easy,~25min,Terminal Block,Universal,"Lamp Holder, Shade Ring, Lock Nut, Cable",No,Yes,"Screwdriver,Cable Cutter",-,-,"A60 
ST64 
G95
G80 & Al kind E27 bulbs",Yes,Yes,Recommended,Yes,No,No,Yes,,,,,,2.7,,,,,,,,,e27 white pendant lamp holder,painetd white lamp holder,pendant lamp holder,"b22, floor lamp, table lamp, led bulb, shade only, e14",0.31,0.14,"white pendant lamp holder, e27 white pendant lamp holder, painetd white pendant lamp holder, e27 pendant lamp holder round cable, pendant lamp holder 1m cable, e27 pendant lamp holder uk, pendant lamp holder, e27 pendant lamp holder, white pendant light holder, painetd white lamp holder",,,,,,,,,,,,,,,,,,,,,,,,,,,,,,,
PHRN1PCRRE,https://sin1.contabostorage.com/4ad62276cb6d4a83bfb1b8a91b839703:newom/newom/newom/img/product_images/3628.jpg,,Lighting Accessory,Pendant Lamp Holder,LEDSone,E27 Red Silicone Pendant Lamp Holder with Fabric Cable,E27,-,-,-,-,,Edison Screw,No,M10,20 mm,Yes,No,-,Smooth Bottle Shape,Silicone,-,PVC,Gloss Plastic Finish,Silicone Red,100.0,50.0,Round,Red,Fabric Braided,Braided,2 Core,1m,Yes,"Live,Neatural,Earth",0.75 mm²,-,-,-,-,-,-,50mm,900mm,,,Metal,Fabric Braided,60W,220-240V,"Yes
Depend on The Switch & Bulb",50Hz,IP20,Hardwired,Pendant,Yes,Minimal,Easy,~25min,Terminal Block,Universal,"Lamp Holder, Shade Ring, Lock Nut, Cable",No,Yes,"Screwdriver,Cable Cutter",-,-,"A60 
ST64 
G95
G80 & Al kind E27 bulbs",Yes,Yes,Recommended,Yes,No,No,Yes,,,,,,2.7,,,,,,,,,e27 silicone red pendant lamp holder,gloss plastic finish lamp holder,pendant lamp holder,"b22, floor lamp, table lamp, led bulb, shade only, e14",0.31,0.14,"silicone red pendant lamp holder, e27 silicone red pendant lamp holder, gloss plastic finish pendant lamp holder, e27 pendant lamp holder round cable, pendant lamp holder 1m cable, e27 pendant lamp holder uk, pendant lamp holder, e27 pendant lamp holder, silicone red pendant light holder, gloss plastic finish lamp holder",,,,,,,,,,,,,,,,,,,,,,,,,,,,,,,
PHRNWP2RBM,https://sin1.contabostorage.com/4ad62276cb6d4a83bfb1b8a91b839703:newom/newom/newom/img/product_images/3553.jpg,,Lighting Accessory,Pendant Lamp Holder,LEDSone,,E27,-,-,-,-,,Edison Screw,No,M10,20 mm,Yes,No,-,Smooth,Metal,-,PVC,Matte Black,Black,60.0,40.0,Round,Black,PVC,Smooth,2 Core,2m,Yes,"Live,Neatural,Earth",0.75 mm²,-,-,-,-,-,-,50mm,900mm,,,Metal,PVC/Rubber Insulated,60W,220-240V,"Yes
Depend on The Switch & Bulb",50Hz,IP45,Hardwired,Pendant,Yes,Minimal,Easy,~25min,Terminal Block,Universal,"Lamp Holder, Shade Ring, Lock Nut, Cable",No,Yes,"Screwdriver,Cable Cutter",-,-,"A60 
ST64 
G95
G80 & Al kind E27 bulbs",Yes,Yes,Recommended,Yes,Yes,Yes,Yes,,,,,,2.7,,,,,,,,,e27 black pendant lamp holder,matte black lamp holder,pendant lamp holder,"b22, floor lamp, table lamp, led bulb, shade only, e14",0.31,0.14,"black pendant lamp holder, e27 black pendant lamp holder, matte black pendant lamp holder, e27 pendant lamp holder round cable, pendant lamp holder 2m cable, e27 pendant lamp holder uk, pendant lamp holder, e27 pendant lamp holder, black pendant light holder, matte black lamp holder",,,,,,,,,,,,,,,,,,,,,,,,,,,,,,,
PHRNWP1RBM,https://sin1.contabostorage.com/4ad62276cb6d4a83bfb1b8a91b839703:newom/newom/newom/img/product_images/3552.jpg,,Lighting Accessory,Pendant Lamp Holder,LEDSone,,E27,-,-,-,-,,Edison Screw,No,M10,20 mm,Yes,No,-,Smooth,Metal,-,PVC,Matte Black,Black,60.0,40.0,Round,Black,PVC,Smooth,2 Core,1m,Yes,"Live,Neatural,Earth",0.75 mm²,-,-,-,-,-,-,50mm,900mm,,,Metal,PVC/Rubber Insulated,60W,220-240V,"Yes
Depend on The Switch & Bulb",50Hz,IP46,Hardwired,Pendant,Yes,Minimal,Easy,~25min,Terminal Block,Universal,"Lamp Holder, Shade Ring, Lock Nut, Cable",No,Yes,"Screwdriver,Cable Cutter",-,-,"A60 
ST64 
G95
G80 & Al kind E27 bulbs",Yes,Yes,Recommended,Yes,Yes,Yes,Yes,,,,,,2.7,,,,,,,,,e27 black pendant lamp holder,matte black lamp holder,pendant lamp holder,"b22, floor lamp, table lamp, led bulb, shade only, e14",0.31,0.14,"black pendant lamp holder, e27 black pendant lamp holder, matte black pendant lamp holder, e27 pendant lamp holder round cable, pendant lamp holder 1m cable, e27 pendant lamp holder uk, pendant lamp holder, e27 pendant lamp holder, black pendant light holder, matte black lamp holder",,,,,,,,,,,,,,,,,,,,,,,,,,,,,,,
PHTT1PWR10WH,https://sin1.contabostorage.com/4ad62276cb6d4a83bfb1b8a91b839703:newom/newom/newom/img/product_images/37623.jpg,,Lighting Accessory,Pendant Lamp Holder,LEDSone,,E27,-,-,-,-,,Edison Screw,"Only 10mm hole
Lampshade/Cage",M10,20 mm,Yes,No,-,Smooth,Metal,-,PVC,Painetd White,White,70.0,40.0,Round,White,PVC,Smooth,3 Core,1m,Yes,"Live,Neatural,Earth",0.75 mm²,-,-,-,-,-,-,50mm,900mm,,,Metal,PVC/Rubber Insulated,60W,220-240V,"Yes
Depend on The Switch & Bulb",50Hz,IP20,Hardwired,Pendant,Yes,Minimal,Easy,~25min,Terminal Block,Universal,"Lamp Holder, Shade Ring, Lock Nut, Cable",No,Yes,"Screwdriver,Cable Cutter",-,-,"A60 
ST64 
G95
G80 & Al kind E27 bulbs",Yes,Yes,Recommended,Yes,No,No,Yes,,,,,,2.7,,,,,,,,,e27 white pendant lamp holder,painetd white lamp holder,pendant lamp holder,"b22, floor lamp, table lamp, led bulb, shade only, e14",0.31,0.14,"white pendant lamp holder, e27 white pendant lamp holder, painetd white pendant lamp holder, e27 pendant lamp holder round cable, pendant lamp holder 1m cable, e27 pendant lamp holder uk, pendant lamp holder, e27 pendant lamp holder, white pendant light holder, painetd white lamp holder",,,,,,,,,,,,,,,,,,,,,,,,,,,,,,,
PHTT1PCR10CH,https://sin1.contabostorage.com/4ad62276cb6d4a83bfb1b8a91b839703:newom/newom/newom/img/product_images/37622.jpg,,Lighting Accessory,Pendant Lamp Holder,LEDSone,E27 Chrome Pendant Lamp Holder with 1m Braided Cable,E27,-,-,-,-,,Edison Screw,"Only 10mm hole
Lampshade/Cage",M10,20 mm,Yes,No,-,Smooth,Metal,-,PVC,Polished Chrome,Silver,70.0,40.0,Round,Clear,PVC,Smooth,3 Core,1m,Yes,"Live,Neatural,Earth",0.75 mm²,-,-,-,-,-,-,50mm,900mm,,,Metal,PVC/Rubber Insulated,60W,220-240V,"Yes
Depend on The Switch & Bulb",50Hz,IP20,Hardwired,Pendant,Yes,Minimal,Easy,~25min,Terminal Block,Universal,"Lamp Holder, Shade Ring, Lock Nut, Cable",No,Yes,"Screwdriver,Cable Cutter",-,-,"A60 
ST64 
G95
G80 & Al kind E27 bulbs",Yes,Yes,Recommended,Yes,No,No,Yes,,,,,,2.7,,,,,,,,,e27 silver pendant lamp holder,polished chrome lamp holder,pendant lamp holder,"b22, floor lamp, table lamp, led bulb, shade only, e14",0.31,0.14,"silver pendant lamp holder, e27 silver pendant lamp holder, polished chrome pendant lamp holder, e27 pendant lamp holder round cable, pendant lamp holder 1m cable, e27 pendant lamp holder uk, pendant lamp holder, e27 pendant lamp holder, silver pendant light holder, polished chrome lamp holder",,,,,,,,,,,,,,,,,,,,,,,,,,,,,,,
PHTT1PWRYE,https://sin1.contabostorage.com/4ad62276cb6d4a83bfb1b8a91b839703:newom/newom/newom/img/product_images/2479.jpg,,Lighting Accessory,Pendant Lamp Holder,LEDSone,,E27,-,-,-,-,,Edison Screw,"Only 10mm hole
Lampshade/Cage",M10,20 mm,Yes,No,-,Smooth  Painted Cylinder,Metal,-,PVC,Glossy painted,Yellow,70.0,40.0,Round,White,PVC,Smooth,3 Core,1m,Yes,"Live,Neatural,Earth",0.75 mm²,-,-,-,-,-,-,50mm,900mm,,,Metal,PVC/Rubber Insulated,60W,220-240V,"Yes
Depend on The Switch & Bulb",50Hz,IP20,Hardwired,Pendant,Yes,Minimal,Easy,~25min,Terminal Block,Universal,"Lamp Holder, Shade Ring, Lock Nut, Cable",No,Yes,"Screwdriver,Cable Cutter",-,-,"A60 
ST64 
G95
G80 & Al kind E27 bulbs",Yes,Yes,Recommended,Yes,No,No,Yes,,,,,,2.7,,,,,,,,,e27 yellow pendant lamp holder,glossy painted lamp holder,pendant lamp holder,"b22, floor lamp, table lamp, led bulb, shade only, e14",0.31,0.14,"yellow pendant lamp holder, e27 yellow pendant lamp holder, glossy painted pendant lamp holder, e27 pendant lamp holder round cable, pendant lamp holder 1m cable, e27 pendant lamp holder uk, pendant lamp holder, e27 pendant lamp holder, yellow pendant light holder, glossy painted lamp holder",,,,,,,,,,,,,,,,,,,,,,,,,,,,,,,
PHTT1PWCGR,https://sin1.contabostorage.com/4ad62276cb6d4a83bfb1b8a91b839703:newom/newom/newom/img/product_images/3753.jpg,,Lighting Accessory,Pendant Lamp Holder,LEDSone,,E27,-,-,-,-,,Edison Screw,"Only 10mm hole
Lampshade/Cage",M10,20 mm,Yes,No,-,Smooth  Painted Cylinder,Metal,-,PVC,Glossy painted,Green,70.0,40.0,Round,White,PVC,Smooth,3 Core,1m,Yes,"Live,Neatural,Earth",0.75 mm²,-,-,-,-,-,-,50mm,900mm,,,Metal,PVC/Rubber Insulated,60W,220-240V,"Yes
Depend on The Switch & Bulb",50Hz,IP20,Hardwired,Pendant,Yes,Minimal,Easy,~25min,Terminal Block,Universal,"Lamp Holder, Shade Ring, Lock Nut, Cable",No,Yes,"Screwdriver,Cable Cutter",-,-,"A60 
ST64 
G95
G80 & Al kind E27 bulbs",Yes,Yes,Recommended,Yes,No,No,Yes,,,,,,2.7,,,,,,,,,e27 green pendant lamp holder,glossy painted lamp holder,pendant lamp holder,"b22, floor lamp, table lamp, led bulb, shade only, e14",0.31,0.14,"green pendant lamp holder, e27 green pendant lamp holder, glossy painted pendant lamp holder, e27 pendant lamp holder round cable, pendant lamp holder 1m cable, e27 pendant lamp holder uk, pendant lamp holder, e27 pendant lamp holder, green pendant light holder, glossy painted lamp holder",,,,,,,,,,,,,,,,,,,,,,,,,,,,,,,
PHTT1PWCYE,https://sin1.contabostorage.com/4ad62276cb6d4a83bfb1b8a91b839703:newom/newom/newom/img/product_images/3752.jpg,,Lighting Accessory,Pendant Lamp Holder,LEDSone,,E27,-,-,-,-,,Edison Screw,"Only 10mm hole
Lampshade/Cage",M10,20 mm,Yes,No,-,Smooth  Painted Cylinder,Metal,-,PVC,Glossy painted,Yellow,70.0,40.0,Round,White,PVC,Smooth,3 Core,1m,Yes,"Live,Neatural,Earth",0.75 mm²,-,-,-,-,-,-,50mm,900mm,,,Metal,PVC/Rubber Insulated,60W,220-240V,"Yes
Depend on The Switch & Bulb",50Hz,IP20,Hardwired,Pendant,Yes,Minimal,Easy,~25min,Terminal Block,Universal,"Lamp Holder, Shade Ring, Lock Nut, Cable",No,Yes,"Screwdriver,Cable Cutter",-,-,"A60 
ST64 
G95
G80 & Al kind E27 bulbs",Yes,Yes,Recommended,Yes,No,No,Yes,,,,,,2.7,,,,,,,,,e27 yellow pendant lamp holder,glossy painted lamp holder,pendant lamp holder,"b22, floor lamp, table lamp, led bulb, shade only, e14",0.31,0.14,"yellow pendant lamp holder, e27 yellow pendant lamp holder, glossy painted pendant lamp holder, e27 pendant lamp holder round cable, pendant lamp holder 1m cable, e27 pendant lamp holder uk, pendant lamp holder, e27 pendant lamp holder, yellow pendant light holder, glossy painted lamp holder",,,,,,,,,,,,,,,,,,,,,,,,,,,,,,,
PHTT1PWCRE,https://sin1.contabostorage.com/4ad62276cb6d4a83bfb1b8a91b839703:newom/newom/newom/img/product_images/3751.jpg,,Lighting Accessory,Pendant Lamp Holder,LEDSone,,E27,-,-,-,-,,Edison Screw,"Only 10mm hole
Lampshade/Cage",M10,20 mm,Yes,No,-,Smooth  Painted Cylinder,Metal,-,PVC,Gloss Plastic Finish,Silicone Red,70.0,40.0,Round,White,PVC,Smooth,3 Core,1m,Yes,"Live,Neatural,Earth",0.75 mm²,-,-,-,-,-,-,50mm,900mm,,,Metal,PVC/Rubber Insulated,60W,220-240V,"Yes
Depend on The Switch & Bulb",50Hz,IP20,Hardwired,Pendant,Yes,Minimal,Easy,~25min,Terminal Block,Universal,"Lamp Holder, Shade Ring, Lock Nut, Cable",No,Yes,"Screwdriver,Cable Cutter",-,-,"A60 
ST64 
G95
G80 & Al kind E27 bulbs",Yes,Yes,Recommended,Yes,No,No,Yes,,,,,,2.7,,,,,,,,,e27 silicone red pendant lamp holder,gloss plastic finish lamp holder,pendant lamp holder,"b22, floor lamp, table lamp, led bulb, shade only, e14",0.31,0.14,"silicone red pendant lamp holder, e27 silicone red pendant lamp holder, gloss plastic finish pendant lamp holder, e27 pendant lamp holder round cable, pendant lamp holder 1m cable, e27 pendant lamp holder uk, pendant lamp holder, e27 pendant lamp holder, silicone red pendant light holder, gloss plastic finish lamp holder",,,,,,,,,,,,,,,,,,,,,,,,,,,,,,,
PHTT1PWCBL,https://sin1.contabostorage.com/4ad62276cb6d4a83bfb1b8a91b839703:newom/newom/newom/img/product_images/3750.jpg,,Lighting Accessory,Pendant Lamp Holder,LEDSone,,E27,-,-,-,-,,Edison Screw,"Only 10mm hole
Lampshade/Cage",M10,20 mm,Yes,No,-,Smooth  Painted Cylinder,Metal,-,PVC,Glossy painted,Blue,70.0,40.0,Round,White,PVC,Smooth,3 Core,1m,Yes,"Live,Neatural,Earth",0.75 mm²,-,-,-,-,-,-,50mm,900mm,,,Metal,PVC/Rubber Insulated,60W,220-240V,"Yes
Depend on The Switch & Bulb",50Hz,IP20,Hardwired,Pendant,Yes,Minimal,Easy,~25min,Terminal Block,Universal,"Lamp Holder, Shade Ring, Lock Nut, Cable",No,Yes,"Screwdriver,Cable Cutter",-,-,"A60 
ST64 
G95
G80 & Al kind E27 bulbs",Yes,Yes,Recommended,Yes,No,No,Yes,,,,,,2.7,,,,,,,,,e27 blue pendant lamp holder,glossy painted lamp holder,pendant lamp holder,"b22, floor lamp, table lamp, led bulb, shade only, e14",0.31,0.14,"blue pendant lamp holder, e27 blue pendant lamp holder, glossy painted pendant lamp holder, e27 pendant lamp holder round cable, pendant lamp holder 1m cable, e27 pendant lamp holder uk, pendant lamp holder, e27 pendant lamp holder, blue pendant light holder, glossy painted lamp holder",,,,,,,,,,,,,,,,,,,,,,,,,,,,,,,
PHTT1PBR40BM,https://sin1.contabostorage.com/4ad62276cb6d4a83bfb1b8a91b839703:newom/newom/newom/img/product_images/3377.jpg,,Lighting Accessory,Pendant Lamp Holder,LEDSone,,E27,-,-,-,-,,Edison Screw,"Only 10mm hole
Lampshade/Cage",M10,20 mm,Yes,No,-,Smooth  Painted Cylinder,Metal,-,PVC,Matte Black,Black,70.0,40.0,Round,Black,PVC,Smooth,3 Core,1m,Yes,"Live,Neatural,Earth",0.75 mm²,-,-,-,-,-,-,50mm,900mm,,,Metal,PVC/Rubber Insulated,60W,220-240V,"Yes
Depend on The Switch & Bulb",50Hz,IP20,Hardwired,Pendant,Yes,Minimal,Easy,~25min,Terminal Block,Universal,"Lamp Holder, Shade Ring, Lock Nut, Cable",No,Yes,"Screwdriver,Cable Cutter",-,-,"A60 
ST64 
G95
G80 & Al kind E27 bulbs",Yes,Yes,Recommended,Yes,No,No,Yes,,,,,,2.7,,,,,,,,,e27 black pendant lamp holder,matte black lamp holder,pendant lamp holder,"b22, floor lamp, table lamp, led bulb, shade only, e14",0.31,0.14,"black pendant lamp holder, e27 black pendant lamp holder, matte black pendant lamp holder, e27 pendant lamp holder round cable, pendant lamp holder 1m cable, e27 pendant lamp holder uk, pendant lamp holder, e27 pendant lamp holder, black pendant light holder, matte black lamp holder",,,,,,,,,,,,,,,,,,,,,,,,,,,,,,,
PHTT1PBR30BM,https://sin1.contabostorage.com/4ad62276cb6d4a83bfb1b8a91b839703:newom/newom/newom/img/product_images/3244.jpg,,Lighting Accessory,Pendant Lamp Holder,LEDSone,,E27,-,-,-,-,,Edison Screw,"Only 10mm hole
Lampshade/Cage",M10,20 mm,Yes,No,-,Smooth  Painted Cylinder,Metal,-,PVC,Matte Black,Black,70.0,40.0,Round,Black,PVC,Smooth,3 Core,1m,Yes,"Live,Neatural,Earth",0.75 mm²,-,-,-,-,-,-,50mm,900mm,,,Metal,PVC/Rubber Insulated,60W,220-240V,"Yes
Depend on The Switch & Bulb",50Hz,IP20,Hardwired,Pendant,Yes,Minimal,Easy,~25min,Terminal Block,Universal,"Lamp Holder, Shade Ring, Lock Nut, Cable",No,Yes,"Screwdriver,Cable Cutter",-,-,"A60 
ST64 
G95
G80 & Al kind E27 bulbs",Yes,Yes,Recommended,Yes,No,No,Yes,,,,,,2.7,,,,,,,,,e27 black pendant lamp holder,matte black lamp holder,pendant lamp holder,"b22, floor lamp, table lamp, led bulb, shade only, e14",0.31,0.14,"black pendant lamp holder, e27 black pendant lamp holder, matte black pendant lamp holder, e27 pendant lamp holder round cable, pendant lamp holder 1m cable, e27 pendant lamp holder uk, pendant lamp holder, e27 pendant lamp holder, black pendant light holder, matte black lamp holder",,,,,,,,,,,,,,,,,,,,,,,,,,,,,,,
PHTT2PBR10BM,https://sin1.contabostorage.com/4ad62276cb6d4a83bfb1b8a91b839703:newom/newom/newom/img/product_images/3212.jpg,,Lighting Accessory,Pendant Lamp Holder,LEDSone,,E27,-,-,-,-,,Edison Screw,"Only 10mm hole
Lampshade/Cage",M10,20 mm,Yes,No,-,Smooth  Painted Cylinder,Metal,-,PVC,Matte Black,Black,70.0,40.0,Round,Black,PVC,Smooth,3 Core,2m,Yes,"Live,Neatural,Earth",0.75 mm²,-,-,-,-,-,-,50mm,900mm,,,Metal,PVC/Rubber Insulated,60W,220-240V,"Yes
Depend on The Switch & Bulb",50Hz,IP20,Hardwired,Pendant,Yes,Minimal,Easy,~25min,Terminal Block,Universal,"Lamp Holder, Shade Ring, Lock Nut, Cable",No,Yes,"Screwdriver,Cable Cutter",-,-,"A60 
ST64 
G95
G80 & Al kind E27 bulbs",Yes,Yes,Recommended,Yes,No,No,Yes,,,,,,2.7,,,,,,,,,e27 black pendant lamp holder,matte black lamp holder,pendant lamp holder,"b22, floor lamp, table lamp, led bulb, shade only, e14",0.31,0.14,"black pendant lamp holder, e27 black pendant lamp holder, matte black pendant lamp holder, e27 pendant lamp holder round cable, pendant lamp holder 2m cable, e27 pendant lamp holder uk, pendant lamp holder, e27 pendant lamp holder, black pendant light holder, matte black lamp holder",,,,,,,,,,,,,,,,,,,,,,,,,,,,,,,
PHTT2PBR5BM,https://sin1.contabostorage.com/4ad62276cb6d4a83bfb1b8a91b839703:newom/newom/newom/img/product_images/3211.jpg,,Lighting Accessory,Pendant Lamp Holder,LEDSone,,E27,-,-,-,-,,Edison Screw,"Only 10mm hole
Lampshade/Cage",M10,20 mm,Yes,No,-,Smooth  Painted Cylinder,Metal,-,PVC,Matte Black,Black,70.0,40.0,Round,Black,PVC,Smooth,3 Core,2m,Yes,"Live,Neatural,Earth",0.75 mm²,-,-,-,-,-,-,50mm,900mm,,,Metal,PVC/Rubber Insulated,60W,220-240V,"Yes
Depend on The Switch & Bulb",50Hz,IP20,Hardwired,Pendant,Yes,Minimal,Easy,~25min,Terminal Block,Universal,"Lamp Holder, Shade Ring, Lock Nut, Cable",No,Yes,"Screwdriver,Cable Cutter",-,-,"A60 
ST64 
G95
G80 & Al kind E27 bulbs",Yes,Yes,Recommended,Yes,No,No,Yes,,,,,,2.7,,,,,,,,,e27 black pendant lamp holder,matte black lamp holder,pendant lamp holder,"b22, floor lamp, table lamp, led bulb, shade only, e14",0.31,0.14,"black pendant lamp holder, e27 black pendant lamp holder, matte black pendant lamp holder, e27 pendant lamp holder round cable, pendant lamp holder 2m cable, e27 pendant lamp holder uk, pendant lamp holder, e27 pendant lamp holder, black pendant light holder, matte black lamp holder",,,,,,,,,,,,,,,,,,,,,,,,,,,,,,,
PHTT1PBR15BM,https://sin1.contabostorage.com/4ad62276cb6d4a83bfb1b8a91b839703:newom/newom/newom/img/product_images/2526.jpg,,Lighting Accessory,Pendant Lamp Holder,LEDSone,,E27,-,-,-,-,,Edison Screw,"Only 10mm hole
Lampshade/Cage",M10,20 mm,Yes,No,-,Smooth  Painted Cylinder,Metal,-,PVC,Matte Black,Black,70.0,40.0,Round,Black,PVC,Smooth,3 Core,1m,Yes,"Live,Neatural,Earth",0.75 mm²,-,-,-,-,-,-,50mm,900mm,,,Metal,PVC/Rubber Insulated,60W,220-240V,"Yes
Depend on The Switch & Bulb",50Hz,IP20,Hardwired,Pendant,Yes,Minimal,Easy,~25min,Terminal Block,Universal,"Lamp Holder, Shade Ring, Lock Nut, Cable",No,Yes,"Screwdriver,Cable Cutter",-,-,"A60 
ST64 
G95
G80 & Al kind E27 bulbs",Yes,Yes,Recommended,Yes,No,No,Yes,,,,,,2.7,,,,,,,,,e27 black pendant lamp holder,matte black lamp holder,pendant lamp holder,"b22, floor lamp, table lamp, led bulb, shade only, e14",0.31,0.14,"black pendant lamp holder, e27 black pendant lamp holder, matte black pendant lamp holder, e27 pendant lamp holder round cable, pendant lamp holder 1m cable, e27 pendant lamp holder uk, pendant lamp holder, e27 pendant lamp holder, black pendant light holder, matte black lamp holder",,,,,,,,,,,,,,,,,,,,,,,,,,,,,,,
PHTT1PBR1BM,https://sin1.contabostorage.com/4ad62276cb6d4a83bfb1b8a91b839703:newom/newom/newom/img/product_images/2518.jpg,,Lighting Accessory,Pendant Lamp Holder,LEDSone,,E27,-,-,-,-,,Edison Screw,"Only 10mm hole
Lampshade/Cage",M10,20 mm,Yes,No,-,Smooth  Painted Cylinder,Metal,-,PVC,Matte Black,Black,70.0,40.0,Round,Black,PVC,Smooth,3 Core,1m,Yes,"Live,Neatural,Earth",0.75 mm²,-,-,-,-,-,-,50mm,900mm,,,Metal,PVC/Rubber Insulated,60W,220-240V,"Yes
Depend on The Switch & Bulb",50Hz,IP20,Hardwired,Pendant,Yes,Minimal,Easy,~25min,Terminal Block,Universal,"Lamp Holder, Shade Ring, Lock Nut, Cable",No,Yes,"Screwdriver,Cable Cutter",-,-,"A60 
ST64 
G95
G80 & Al kind E27 bulbs",Yes,Yes,Recommended,Yes,No,No,Yes,,,,,,2.7,,,,,,,,,e27 black pendant lamp holder,matte black lamp holder,pendant lamp holder,"b22, floor lamp, table lamp, led bulb, shade only, e14",0.31,0.14,"black pendant lamp holder, e27 black pendant lamp holder, matte black pendant lamp holder, e27 pendant lamp holder round cable, pendant lamp holder 1m cable, e27 pendant lamp holder uk, pendant lamp holder, e27 pendant lamp holder, black pendant light holder, matte black lamp holder",,,,,,,,,,,,,,,,,,,,,,,,,,,,,,,
PHTT1PWR1WH,https://sin1.contabostorage.com/4ad62276cb6d4a83bfb1b8a91b839703:newom/newom/newom/img/product_images/2517.jpg,,Lighting Accessory,Pendant Lamp Holder,LEDSone,,E27,-,-,-,-,,Edison Screw,"Only 10mm hole
Lampshade/Cage",M10,20 mm,Yes,No,-,Smooth  Painted Cylinder,Metal,-,PVC,Painetd White,White,70.0,40.0,Round,White,PVC,Smooth,3 Core,1m,Yes,"Live,Neatural,Earth",0.75 mm²,-,-,-,-,-,-,50mm,900mm,,,Metal,PVC/Rubber Insulated,60W,220-240V,"Yes
Depend on The Switch & Bulb",50Hz,IP20,Hardwired,Pendant,Yes,Minimal,Easy,~25min,Terminal Block,Universal,"Lamp Holder, Shade Ring, Lock Nut, Cable",No,Yes,"Screwdriver,Cable Cutter",-,-,"A60 
ST64 
G95
G80 & Al kind E27 bulbs",Yes,Yes,Recommended,Yes,No,No,Yes,,,,,,2.7,,,,,,,,,e27 white pendant lamp holder,painetd white lamp holder,pendant lamp holder,"b22, floor lamp, table lamp, led bulb, shade only, e14",0.31,0.14,"white pendant lamp holder, e27 white pendant lamp holder, painetd white pendant lamp holder, e27 pendant lamp holder round cable, pendant lamp holder 1m cable, e27 pendant lamp holder uk, pendant lamp holder, e27 pendant lamp holder, white pendant light holder, painetd white lamp holder",,,,,,,,,,,,,,,,,,,,,,,,,,,,,,,
PHTT1PWRGR,https://sin1.contabostorage.com/4ad62276cb6d4a83bfb1b8a91b839703:newom/newom/newom/img/product_images/2428.jpg,,Lighting Accessory,Pendant Lamp Holder,LEDSone,,E27,-,-,-,-,,Edison Screw,"Only 10mm hole
Lampshade/Cage",M10,20 mm,Yes,No,-,Smooth  Painted Cylinder,Metal,-,PVC,Glossy painted,Green,70.0,40.0,Round,White,PVC,Smooth,3 Core,1m,Yes,"Live,Neatural,Earth",0.75 mm²,-,-,-,-,-,-,50mm,900mm,,,Metal,PVC/Rubber Insulated,60W,220-240V,"Yes
Depend on The Switch & Bulb",50Hz,IP20,Hardwired,Pendant,Yes,Minimal,Easy,~25min,Terminal Block,Universal,"Lamp Holder, Shade Ring, Lock Nut, Cable",No,Yes,"Screwdriver,Cable Cutter",-,-,"A60 
ST64 
G95
G80 & Al kind E27 bulbs",Yes,Yes,Recommended,Yes,No,No,Yes,,,,,,2.7,,,,,,,,,e27 green pendant lamp holder,glossy painted lamp holder,pendant lamp holder,"b22, floor lamp, table lamp, led bulb, shade only, e14",0.31,0.14,"green pendant lamp holder, e27 green pendant lamp holder, glossy painted pendant lamp holder, e27 pendant lamp holder round cable, pendant lamp holder 1m cable, e27 pendant lamp holder uk, pendant lamp holder, e27 pendant lamp holder, green pendant light holder, glossy painted lamp holder",,,,,,,,,,,,,,,,,,,,,,,,,,,,,,,
PHTT1PWRGG,https://sin1.contabostorage.com/4ad62276cb6d4a83bfb1b8a91b839703:newom/newom/newom/img/product_images/2427.jpg,,Lighting Accessory,Pendant Lamp Holder,LEDSone,,E27,-,-,-,-,,Edison Screw,"Only 10mm hole
Lampshade/Cage",M10,20 mm,Yes,No,-,Smooth  Painted Cylinder,Metal,-,PVC,Golds,Golds,70.0,40.0,Round,White,PVC,Smooth,3 Core,1m,Yes,"Live,Neatural,Earth",0.75 mm²,-,-,-,-,-,-,50mm,900mm,,,Metal,PVC/Rubber Insulated,60W,220-240V,"Yes
Depend on The Switch & Bulb",50Hz,IP20,Hardwired,Pendant,Yes,Minimal,Easy,~25min,Terminal Block,Universal,"Lamp Holder, Shade Ring, Lock Nut, Cable",No,Yes,"Screwdriver,Cable Cutter",-,-,"A60 
ST64 
G95
G80 & Al kind E27 bulbs",Yes,Yes,Recommended,Yes,No,No,Yes,,,,,,2.7,,,,,,,,,e27 golds pendant lamp holder,pendant lamp holder round cable,lamp holder with cable,"b22, floor lamp, table lamp, led bulb, shade only, e14",0.31,0.14,"golds pendant lamp holder, e27 golds pendant lamp holder, e27 pendant lamp holder round cable, pendant lamp holder 1m cable, e27 pendant lamp holder uk, pendant lamp holder, e27 pendant lamp holder, golds pendant light holder, golds lamp holder, pendant lamp holder round cable",,,,,,,,,,,,,,,,,,,,,,,,,,,,,,,
PHTT1PWRGY,https://sin1.contabostorage.com/4ad62276cb6d4a83bfb1b8a91b839703:newom/newom/newom/img/product_images/2426.jpg,,Lighting Accessory,Pendant Lamp Holder,LEDSone,,E27,-,-,-,-,,Edison Screw,"Only 10mm hole
Lampshade/Cage",M10,20 mm,Yes,No,-,Smooth  Painted Cylinder,Metal,-,PVC,Matte Gray,Grey,70.0,40.0,Round,White,PVC,Smooth,3 Core,1m,Yes,"Live,Neatural,Earth",0.75 mm²,-,-,-,-,-,-,50mm,900mm,,,Metal,PVC/Rubber Insulated,60W,220-240V,"Yes
Depend on The Switch & Bulb",50Hz,IP20,Hardwired,Pendant,Yes,Minimal,Easy,~25min,Terminal Block,Universal,"Lamp Holder, Shade Ring, Lock Nut, Cable",No,Yes,"Screwdriver,Cable Cutter",-,-,"A60 
ST64 
G95
G80 & Al kind E27 bulbs",Yes,Yes,Recommended,Yes,No,No,Yes,,,,,,2.7,,,,,,,,,e27 grey pendant lamp holder,matte gray lamp holder,pendant lamp holder,"b22, floor lamp, table lamp, led bulb, shade only, e14",0.31,0.14,"grey pendant lamp holder, e27 grey pendant lamp holder, matte gray pendant lamp holder, e27 pendant lamp holder round cable, pendant lamp holder 1m cable, e27 pendant lamp holder uk, pendant lamp holder, e27 pendant lamp holder, grey pendant light holder, matte gray lamp holder",,,,,,,,,,,,,,,,,,,,,,,,,,,,,,,
PHTT1PWRBL,https://sin1.contabostorage.com/4ad62276cb6d4a83bfb1b8a91b839703:newom/newom/newom/img/product_images/2425.jpg,,Lighting Accessory,Pendant Lamp Holder,LEDSone,,E27,-,-,-,-,,Edison Screw,"Only 10mm hole
Lampshade/Cage",M10,20 mm,Yes,No,-,Smooth  Painted Cylinder,Metal,-,PVC,Glossy painted,Blue,70.0,40.0,Round,White,PVC,Smooth,3 Core,1m,Yes,"Live,Neatural,Earth",0.75 mm²,-,-,-,-,-,-,50mm,900mm,,,Metal,PVC/Rubber Insulated,60W,220-240V,"Yes
Depend on The Switch & Bulb",50Hz,IP20,Hardwired,Pendant,Yes,Minimal,Easy,~25min,Terminal Block,Universal,"Lamp Holder, Shade Ring, Lock Nut, Cable",No,Yes,"Screwdriver,Cable Cutter",-,-,"A60 
ST64 
G95
G80 & Al kind E27 bulbs",Yes,Yes,Recommended,Yes,No,No,Yes,,,,,,2.7,,,,,,,,,e27 blue pendant lamp holder,glossy painted lamp holder,pendant lamp holder,"b22, floor lamp, table lamp, led bulb, shade only, e14",0.31,0.14,"blue pendant lamp holder, e27 blue pendant lamp holder, glossy painted pendant lamp holder, e27 pendant lamp holder round cable, pendant lamp holder 1m cable, e27 pendant lamp holder uk, pendant lamp holder, e27 pendant lamp holder, blue pendant light holder, glossy painted lamp holder",,,,,,,,,,,,,,,,,,,,,,,,,,,,,,,
PHTT1PWROR,https://sin1.contabostorage.com/4ad62276cb6d4a83bfb1b8a91b839703:newom/newom/newom/img/product_images/2424.jpg,,Lighting Accessory,Pendant Lamp Holder,LEDSone,,E27,-,-,-,-,,Edison Screw,"Only 10mm hole
Lampshade/Cage",M10,20 mm,Yes,No,-,Smooth  Painted Cylinder,Metal,-,PVC,Glossy painted,Orange,70.0,40.0,Round,White,PVC,Smooth,3 Core,1m,Yes,"Live,Neatural,Earth",0.75 mm²,-,-,-,-,-,-,50mm,900mm,,,Metal,PVC/Rubber Insulated,60W,220-240V,"Yes
Depend on The Switch & Bulb",50Hz,IP20,Hardwired,Pendant,Yes,Minimal,Easy,~25min,Terminal Block,Universal,"Lamp Holder, Shade Ring, Lock Nut, Cable",No,Yes,"Screwdriver,Cable Cutter",-,-,"A60 
ST64 
G95
G80 & Al kind E27 bulbs",Yes,Yes,Recommended,Yes,No,No,Yes,,,,,,2.7,,,,,,,,,e27 orange pendant lamp holder,glossy painted lamp holder,pendant lamp holder,"b22, floor lamp, table lamp, led bulb, shade only, e14",0.31,0.14,"orange pendant lamp holder, e27 orange pendant lamp holder, glossy painted pendant lamp holder, e27 pendant lamp holder round cable, pendant lamp holder 1m cable, e27 pendant lamp holder uk, pendant lamp holder, e27 pendant lamp holder, orange pendant light holder, glossy painted lamp holder",,,,,,,,,,,,,,,,,,,,,,,,,,,,,,,
PHTT1PBR5BM,https://sin1.contabostorage.com/4ad62276cb6d4a83bfb1b8a91b839703:newom/newom/newom/img/product_images/2341.jpg,,Lighting Accessory,Pendant Lamp Holder,LEDSone,,E27,-,-,-,-,,Edison Screw,"Only 10mm hole
Lampshade/Cage",M10,20 mm,Yes,No,-,Smooth  Painted Cylinder,Metal,-,PVC,Matte Black,Black,70.0,40.0,Round,Black,PVC,Smooth,3 Core,1m,Yes,"Live,Neatural,Earth",0.75 mm²,-,-,-,-,-,-,50mm,900mm,,,Metal,PVC/Rubber Insulated,60W,220-240V,"Yes
Depend on The Switch & Bulb",50Hz,IP20,Hardwired,Pendant,Yes,Minimal,Easy,~25min,Terminal Block,Universal,"Lamp Holder, Shade Ring, Lock Nut, Cable",No,Yes,"Screwdriver,Cable Cutter",-,-,"A60 
ST64 
G95
G80 & Al kind E27 bulbs",Yes,Yes,Recommended,Yes,No,No,Yes,,,,,,2.7,,,,,,,,,e27 black pendant lamp holder,matte black lamp holder,pendant lamp holder,"b22, floor lamp, table lamp, led bulb, shade only, e14",0.31,0.14,"black pendant lamp holder, e27 black pendant lamp holder, matte black pendant lamp holder, e27 pendant lamp holder round cable, pendant lamp holder 1m cable, e27 pendant lamp holder uk, pendant lamp holder, e27 pendant lamp holder, black pendant light holder, matte black lamp holder",,,,,,,,,,,,,,,,,,,,,,,,,,,,,,,
PHTT1PWR5WH,https://sin1.contabostorage.com/4ad62276cb6d4a83bfb1b8a91b839703:newom/newom/newom/img/product_images/2340.jpg,,Lighting Accessory,Pendant Lamp Holder,LEDSone,,E27,-,-,-,-,,Edison Screw,"Only 10mm hole
Lampshade/Cage",M10,20 mm,Yes,No,-,Smooth  Painted Cylinder,Metal,-,PVC,Painetd White,White,70.0,40.0,Round,White,PVC,Smooth,3 Core,1m,Yes,"Live,Neatural,Earth",0.75 mm²,-,-,-,-,-,-,50mm,900mm,,,Metal,PVC/Rubber Insulated,60W,220-240V,"Yes
Depend on The Switch & Bulb",50Hz,IP20,Hardwired,Pendant,Yes,Minimal,Easy,~25min,Terminal Block,Universal,"Lamp Holder, Shade Ring, Lock Nut, Cable",No,Yes,"Screwdriver,Cable Cutter",-,-,"A60 
ST64 
G95
G80 & Al kind E27 bulbs",Yes,Yes,Recommended,Yes,No,No,Yes,,,,,,2.7,,,,,,,,,e27 white pendant lamp holder,painetd white lamp holder,pendant lamp holder,"b22, floor lamp, table lamp, led bulb, shade only, e14",0.31,0.14,"white pendant lamp holder, e27 white pendant lamp holder, painetd white pendant lamp holder, e27 pendant lamp holder round cable, pendant lamp holder 1m cable, e27 pendant lamp holder uk, pendant lamp holder, e27 pendant lamp holder, white pendant light holder, painetd white lamp holder",,,,,,,,,,,,,,,,,,,,,,,,,,,,,,,
PHTT1PBRWH,https://sin1.contabostorage.com/4ad62276cb6d4a83bfb1b8a91b839703:newom/newom/newom/img/product_images/1588.jpg,,Lighting Accessory,Pendant Lamp Holder,LEDSone,,E27,-,-,-,-,,Edison Screw,"Only 10mm hole
Lampshade/Cage",M10,20 mm,Yes,No,-,Smooth  Painted Cylinder,Metal,-,PVC,Painetd White,White,70.0,40.0,Round,Black,PVC,Smooth,3 Core,1m,Yes,"Live,Neatural,Earth",0.75 mm²,-,-,-,-,-,-,50mm,900mm,,,Metal,PVC/Rubber Insulated,60W,220-240V,"Yes
Depend on The Switch & Bulb",50Hz,IP20,Hardwired,Pendant,Yes,Minimal,Easy,~25min,Terminal Block,Universal,"Lamp Holder, Shade Ring, Lock Nut, Cable",No,Yes,"Screwdriver,Cable Cutter",-,-,"A60 
ST64 
G95
G80 & Al kind E27 bulbs",Yes,Yes,Recommended,Yes,No,No,Yes,,,,,,2.7,,,,,,,,,e27 white pendant lamp holder,painetd white lamp holder,pendant lamp holder,"b22, floor lamp, table lamp, led bulb, shade only, e14",0.31,0.14,"white pendant lamp holder, e27 white pendant lamp holder, painetd white pendant lamp holder, e27 pendant lamp holder round cable, pendant lamp holder 1m cable, e27 pendant lamp holder uk, pendant lamp holder, e27 pendant lamp holder, white pendant light holder, painetd white lamp holder",,,,,,,,,,,,,,,,,,,,,,,,,,,,,,,
PHTT1PBRBC,https://sin1.contabostorage.com/4ad62276cb6d4a83bfb1b8a91b839703:newom/newom/newom/img/product_images/1364.jpg,,Lighting Accessory,Pendant Lamp Holder,LEDSone,,E27,-,-,-,-,,Edison Screw,"Only 10mm hole
Lampshade/Cage",M10,20 mm,Yes,No,-,Smooth  Brushed Cylinder,Metal,-,PVC,Brass,Brushed Copper,70.0,40.0,Round,Black,PVC,Smooth,3 Core,1m,Yes,"Live,Neatural,Earth",0.75 mm²,-,-,-,-,-,-,50mm,900mm,,,Metal,PVC/Rubber Insulated,60W,220-240V,"Yes
Depend on The Switch & Bulb",50Hz,IP20,Hardwired,Pendant,Yes,Minimal,Easy,~25min,Terminal Block,Universal,"Lamp Holder, Shade Ring, Lock Nut, Cable",No,Yes,"Screwdriver,Cable Cutter",-,-,"A60 
ST64 
G95
G80 & Al kind E27 bulbs",Yes,Yes,Recommended,Yes,No,No,Yes,,,,,,2.7,,,,,,,,,e27 brushed copper pendant lamp holder,brass lamp holder,pendant lamp holder,"b22, floor lamp, table lamp, led bulb, shade only, e14",0.31,0.14,"brushed copper pendant lamp holder, e27 brushed copper pendant lamp holder, brass pendant lamp holder, e27 pendant lamp holder round cable, pendant lamp holder 1m cable, e27 pendant lamp holder uk, pendant lamp holder, e27 pendant lamp holder, brushed copper pendant light holder, brass lamp holder",,,,,,,,,,,,,,,,,,,,,,,,,,,,,,,
PHTT1PBRBS,https://sin1.contabostorage.com/4ad62276cb6d4a83bfb1b8a91b839703:newom/newom/newom/img/product_images/1355.jpg,,Lighting Accessory,Pendant Lamp Holder,LEDSone,,E27,-,-,-,-,,Edison Screw,"Only 10mm hole
Lampshade/Cage",M10,20 mm,Yes,No,-,Smooth  Brushed Cylinder,Metal,-,PVC,Brushed Silver,Silver,70.0,40.0,Round,Black,PVC,Smooth,3 Core,1m,Yes,"Live,Neatural,Earth",0.75 mm²,-,-,-,-,-,-,50mm,900mm,,,Metal,PVC/Rubber Insulated,60W,220-240V,"Yes
Depend on The Switch & Bulb",50Hz,IP20,Hardwired,Pendant,Yes,Minimal,Easy,~25min,Terminal Block,Universal,"Lamp Holder, Shade Ring, Lock Nut, Cable",No,Yes,"Screwdriver,Cable Cutter",-,-,"A60 
ST64 
G95
G80 & Al kind E27 bulbs",Yes,Yes,Recommended,Yes,No,No,Yes,,,,,,2.7,,,,,,,,,e27 silver pendant lamp holder,brushed silver lamp holder,pendant lamp holder,"b22, floor lamp, table lamp, led bulb, shade only, e14",0.31,0.14,"silver pendant lamp holder, e27 silver pendant lamp holder, brushed silver pendant lamp holder, e27 pendant lamp holder round cable, pendant lamp holder 1m cable, e27 pendant lamp holder uk, pendant lamp holder, e27 pendant lamp holder, silver pendant light holder, brushed silver lamp holder",,,,,,,,,,,,,,,,,,,,,,,,,,,,,,,
PHTT1PBRRR,https://sin1.contabostorage.com/4ad62276cb6d4a83bfb1b8a91b839703:newom/newom/newom/img/product_images/1354.jpg,,Lighting Accessory,Pendant Lamp Holder,LEDSone,,E27,-,-,-,-,,Edison Screw,"Only 10mm hole
Lampshade/Cage",M10,20 mm,Yes,No,-,Smooth  Brushed Cylinder,Metal,-,PVC,Rustic Red,Red,70.0,40.0,Round,Black,PVC,Smooth,3 Core,1m,Yes,"Live,Neatural,Earth",0.75 mm²,-,-,-,-,-,-,50mm,900mm,,,Metal,PVC/Rubber Insulated,60W,220-240V,"Yes
Depend on The Switch & Bulb",50Hz,IP20,Hardwired,Pendant,Yes,Minimal,Easy,~25min,Terminal Block,Universal,"Lamp Holder, Shade Ring, Lock Nut, Cable",No,Yes,"Screwdriver,Cable Cutter",-,-,"A60 
ST64 
G95
G80 & Al kind E27 bulbs",Yes,Yes,Recommended,Yes,No,No,Yes,,,,,,2.7,,,,,,,,,e27 red pendant lamp holder,rustic red lamp holder,pendant lamp holder,"b22, floor lamp, table lamp, led bulb, shade only, e14",0.31,0.14,"red pendant lamp holder, e27 red pendant lamp holder, rustic red pendant lamp holder, e27 pendant lamp holder round cable, pendant lamp holder 1m cable, e27 pendant lamp holder uk, pendant lamp holder, e27 pendant lamp holder, red pendant light holder, rustic red lamp holder",,,,,,,,,,,,,,,,,,,,,,,,,,,,,,,
PHTT1PGRGB,https://sin1.contabostorage.com/4ad62276cb6d4a83bfb1b8a91b839703:newom/newom/newom/img/product_images/826.jpg,,Lighting Accessory,Pendant Lamp Holder,LEDSone,E27 Green BrassPendant Lamp Holder with 1m Round Braided Cable,E27,-,-,-,-,,Edison Screw,"Only 10mm hole
Lampshade/Cage",M10,20 mm,Yes,No,-,Smooth  Brushed Cylinder,Metal,-,PVC,Brass,Green Brass,70.0,40.0,Round,Green,PVC,Smooth,3 Core,1m,Yes,"Live,Neatural,Earth",0.75 mm²,-,-,-,-,-,-,50mm,900mm,,,Metal,PVC/Rubber Insulated,60W,220-240V,"Yes
Depend on The Switch & Bulb",50Hz,IP20,Hardwired,Pendant,Yes,Minimal,Easy,~25min,Terminal Block,Universal,"Lamp Holder, Shade Ring, Lock Nut, Cable",No,Yes,"Screwdriver,Cable Cutter",-,-,"A60 
ST64 
G95
G80 & Al kind E27 bulbs",Yes,Yes,Recommended,Yes,No,No,Yes,,,,,,2.7,,,,,,,,,e27 green brass pendant lamp holder,brass lamp holder,pendant lamp holder,"b22, floor lamp, table lamp, led bulb, shade only, e14",0.31,0.14,"green brass pendant lamp holder, e27 green brass pendant lamp holder, brass pendant lamp holder, e27 pendant lamp holder round cable, pendant lamp holder 1m cable, e27 pendant lamp holder uk, pendant lamp holder, e27 pendant lamp holder, green brass pendant light holder, brass lamp holder",,,,,,,,,,,,,,,,,,,,,,,,,,,,,,,
PHTT1PBRCO,https://sin1.contabostorage.com/4ad62276cb6d4a83bfb1b8a91b839703:newom/newom/newom/img/product_images/825.jpg,,Lighting Accessory,Pendant Lamp Holder,LEDSone,E27 Copper Pendant Lamp Holder with 1m Round Cable,E27,-,-,-,-,,Edison Screw,"Only 10mm hole
Lampshade/Cage",M10,20 mm,Yes,No,-,Smooth  Brushed Cylinder,Metal,-,PVC,Brass,Copper,70.0,40.0,Round,Black,PVC,Smooth,3 Core,1m,Yes,"Live,Neatural,Earth",0.75 mm²,-,-,-,-,-,-,50mm,900mm,,,Metal,PVC/Rubber Insulated,60W,220-240V,"Yes
Depend on The Switch & Bulb",50Hz,IP20,Hardwired,Pendant,Yes,Minimal,Easy,~25min,Terminal Block,Universal,"Lamp Holder, Shade Ring, Lock Nut, Cable",No,Yes,"Screwdriver,Cable Cutter",-,-,"A60 
ST64 
G95
G80 & Al kind E27 bulbs",Yes,Yes,Recommended,Yes,No,No,Yes,,,,,,2.7,,,,,,,,,e27 copper pendant lamp holder,brass lamp holder,pendant lamp holder,"b22, floor lamp, table lamp, led bulb, shade only, e14",0.31,0.14,"copper pendant lamp holder, e27 copper pendant lamp holder, brass pendant lamp holder, e27 pendant lamp holder round cable, pendant lamp holder 1m cable, e27 pendant lamp holder uk, pendant lamp holder, e27 pendant lamp holder, copper pendant light holder, brass lamp holder",,,,,,,,,,,,,,,,,,,,,,,,,,,,,,,
PHTT1RORRO,https://sin1.contabostorage.com/4ad62276cb6d4a83bfb1b8a91b839703:newom/newom/newom/img/product_images/824.jpg,,Lighting Accessory,Pendant Lamp Holder,LEDSone,,E27,-,-,-,-,,Edison Screw,"Only 10mm hole
Lampshade/Cage",M10,20 mm,Yes,No,-,Smooth  Brushed Cylinder,Metal,-,PVC,Rose Gold,Rose Gold,70.0,40.0,Round,Rose,Fabric,Braided,3 Core,1m,Yes,"Live,Neatural,Earth",0.75 mm²,-,-,-,-,-,-,50mm,900mm,,,Metal,PVC/Rubber Insulated,60W,220-240V,"Yes
Depend on The Switch & Bulb",50Hz,IP20,Hardwired,Pendant,Yes,Minimal,Easy,~25min,Terminal Block,Universal,"Lamp Holder, Shade Ring, Lock Nut, Cable",No,Yes,"Screwdriver,Cable Cutter",-,-,"A60 
ST64 
G95
G80 & Al kind E27 bulbs",Yes,Yes,Recommended,Yes,No,No,Yes,,,,,,2.7,,,,,,,,,e27 rose gold pendant lamp holder,pendant lamp holder round cable,lamp holder with cable,"b22, floor lamp, table lamp, led bulb, shade only, e14",0.31,0.14,"rose gold pendant lamp holder, e27 rose gold pendant lamp holder, e27 pendant lamp holder round cable, pendant lamp holder 1m cable, e27 pendant lamp holder uk, pendant lamp holder, e27 pendant lamp holder, rose gold pendant light holder, rose gold lamp holder, pendant lamp holder round cable",,,,,,,,,,,,,,,,,,,,,,,,,,,,,,,
PHTT1PGRYB,https://sin1.contabostorage.com/4ad62276cb6d4a83bfb1b8a91b839703:newom/newom/newom/img/product_images/821.jpg,,Lighting Accessory,Pendant Lamp Holder,LEDSone,E27 Yellow Brass Pendant Lamp Holder with 1m Twisted Cable,E27,-,-,-,-,,Edison Screw,"Only 10mm hole
Lampshade/Cage",M10,20 mm,Yes,No,-,Smooth  Brushed Cylinder,Metal,-,PVC,Brass,Yellow Brass,70.0,40.0,Round,Green,PVC,Smooth,3 Core,1m,Yes,"Live,Neatural,Earth",0.75 mm²,-,-,-,-,-,-,50mm,900mm,,,Metal,PVC/Rubber Insulated,60W,220-240V,"Yes
Depend on The Switch & Bulb",50Hz,IP20,Hardwired,Pendant,Yes,Minimal,Easy,~25min,Terminal Block,Universal,"Lamp Holder, Shade Ring, Lock Nut, Cable",No,Yes,"Screwdriver,Cable Cutter",-,-,"A60 
ST64 
G95
G80 & Al kind E27 bulbs",Yes,Yes,Recommended,Yes,No,No,Yes,,,,,,2.7,,,,,,,,,e27 yellow brass pendant lamp holder,brass lamp holder,pendant lamp holder,"b22, floor lamp, table lamp, led bulb, shade only, e14",0.31,0.14,"yellow brass pendant lamp holder, e27 yellow brass pendant lamp holder, brass pendant lamp holder, e27 pendant lamp holder round cable, pendant lamp holder 1m cable, e27 pendant lamp holder uk, pendant lamp holder, e27 pendant lamp holder, yellow brass pendant light holder, brass lamp holder",,,,,,,,,,,,,,,,,,,,,,,,,,,,,,,
PHFMTT15BRBM,https://sin1.contabostorage.com/4ad62276cb6d4a83bfb1b8a91b839703:newom/newom/newom/img/product_images/33002.jpg,,Lighting Accessory,Pendant Lamp Holder,LEDSone,,E27,-,-,-,-,,Edison Screw,"Only 10mm hole
Lampshade/Cage",M10,20 mm,Yes,No,-,Smooth  Brushed Cylinder,Metal,-,PVC,Matte Black,Black,70.0,40.0,Round,Black,PVC,Smooth,3 Core,1m,Yes,"Live,Neatural,Earth",0.75 mm²,-,-,-,-,-,-,50mm,900mm,,,Metal,PVC/Rubber Insulated,60W,220-240V,"Yes
Depend on The Switch & Bulb",50Hz,IP20,Hardwired,Pendant,Yes,Minimal,Easy,~25min,Terminal Block,Universal,"Lamp Holder, Shade Ring, Lock Nut, Cable",No,Yes,"Screwdriver,Cable Cutter",-,-,"A60 
ST64 
G95
G80 & Al kind E27 bulbs",Yes,Yes,Recommended,Yes,No,No,Yes,,,,,,2.7,,,,,,,,,e27 black pendant lamp holder,matte black lamp holder,pendant lamp holder,"b22, floor lamp, table lamp, led bulb, shade only, e14",0.31,0.14,"black pendant lamp holder, e27 black pendant lamp holder, matte black pendant lamp holder, e27 pendant lamp holder round cable, pendant lamp holder 1m cable, e27 pendant lamp holder uk, pendant lamp holder, e27 pendant lamp holder, black pendant light holder, matte black lamp holder",,,,,,,,,,,,,,,,,,,,,,,,,,,,,,,
PHTT1PWR105GG,https://sin1.contabostorage.com/4ad62276cb6d4a83bfb1b8a91b839703:newom/newom/newom/img/product_images/1571.jpg,,Lighting Accessory,Pendant Lamp Holder,LEDSone,,E27,-,-,-,-,,Edison Screw,"Only 10mm hole
Lampshade/Cage",M10,20 mm,Yes,No,-,Smooth  Brushed Cylinder,Metal,-,PVC,Gold,Gold,70.0,40.0,Round,White,PVC,Smooth,3 Core,1m,Yes,"Live,Neatural,Earth",0.75 mm²,-,-,-,-,-,-,50mm,900mm,,,Metal,PVC/Rubber Insulated,60W,220-240V,"Yes
Depend on The Switch & Bulb",50Hz,IP20,Hardwired,Pendant,Yes,Minimal,Easy,~25min,Terminal Block,Universal,"Lamp Holder, Shade Ring, Lock Nut, Cable",No,Yes,"Screwdriver,Cable Cutter",-,-,"A60 
ST64 
G95
G80 & Al kind E27 bulbs",Yes,Yes,Recommended,Yes,No,No,Yes,,,,,,2.7,,,,,,,,,e27 gold pendant lamp holder,pendant lamp holder round cable,lamp holder with cable,"b22, floor lamp, table lamp, led bulb, shade only, e14",0.31,0.14,"gold pendant lamp holder, e27 gold pendant lamp holder, e27 pendant lamp holder round cable, pendant lamp holder 1m cable, e27 pendant lamp holder uk, pendant lamp holder, e27 pendant lamp holder, gold pendant light holder, gold lamp holder, pendant lamp holder round cable",,,,,,,,,,,,,,,,,,,,,,,,,,,,,,,
PHTT1PWR105BL,https://sin1.contabostorage.com/4ad62276cb6d4a83bfb1b8a91b839703:newom/newom/newom/img/product_images/1570.jpg,,Lighting Accessory,Pendant Lamp Holder,LEDSone,,E27,-,-,-,-,,Edison Screw,"Only 10mm hole
Lampshade/Cage",M10,20 mm,Yes,No,-,"Smooth  Painted 
Cylinder",Metal,-,PVC,Glossy painted,Blue,70.0,40.0,Round,White,PVC,Smooth,3 Core,1m,Yes,"Live,Neatural,Earth",0.75 mm²,-,-,-,-,-,-,50mm,900mm,,,Metal,PVC/Rubber Insulated,60W,220-240V,"Yes
Depend on The Switch & Bulb",50Hz,IP20,Hardwired,Pendant,Yes,Minimal,Easy,~25min,Terminal Block,Universal,"Lamp Holder, Shade Ring, Lock Nut, Cable",No,Yes,"Screwdriver,Cable Cutter",-,-,"A60 
ST64 
G95
G80 & Al kind E27 bulbs",Yes,Yes,Recommended,Yes,No,No,Yes,,,,,,2.7,,,,,,,,,e27 blue pendant lamp holder,glossy painted lamp holder,pendant lamp holder,"b22, floor lamp, table lamp, led bulb, shade only, e14",0.31,0.14,"blue pendant lamp holder, e27 blue pendant lamp holder, glossy painted pendant lamp holder, e27 pendant lamp holder round cable, pendant lamp holder 1m cable, e27 pendant lamp holder uk, pendant lamp holder, e27 pendant lamp holder, blue pendant light holder, glossy painted lamp holder",,,,,,,,,,,,,,,,,,,,,,,,,,,,,,,
PHTT1PWR105GR,https://sin1.contabostorage.com/4ad62276cb6d4a83bfb1b8a91b839703:newom/newom/newom/img/product_images/1569.jpg,,Lighting Accessory,Pendant Lamp Holder,LEDSone,,E27,-,-,-,-,,Edison Screw,"Only 10mm hole
Lampshade/Cage",M10,20 mm,Yes,No,-,"Smooth  Painted 
Cylinder",Metal,-,PVC,Glossy painted,Green,70.0,40.0,Round,White,PVC,Smooth,3 Core,1m,Yes,"Live,Neatural,Earth",0.75 mm²,-,-,-,-,-,-,50mm,900mm,,,Metal,PVC/Rubber Insulated,60W,220-240V,"Yes
Depend on The Switch & Bulb",50Hz,IP20,Hardwired,Pendant,Yes,Minimal,Easy,~25min,Terminal Block,Universal,"Lamp Holder, Shade Ring, Lock Nut, Cable",No,Yes,"Screwdriver,Cable Cutter",-,-,"A60 
ST64 
G95
G80 & Al kind E27 bulbs",Yes,Yes,Recommended,Yes,No,No,Yes,,,,,,2.7,,,,,,,,,e27 green pendant lamp holder,glossy painted lamp holder,pendant lamp holder,"b22, floor lamp, table lamp, led bulb, shade only, e14",0.31,0.14,"green pendant lamp holder, e27 green pendant lamp holder, glossy painted pendant lamp holder, e27 pendant lamp holder round cable, pendant lamp holder 1m cable, e27 pendant lamp holder uk, pendant lamp holder, e27 pendant lamp holder, green pendant light holder, glossy painted lamp holder",,,,,,,,,,,,,,,,,,,,,,,,,,,,,,,
PHTT1PWR105YE,https://sin1.contabostorage.com/4ad62276cb6d4a83bfb1b8a91b839703:newom/newom/newom/img/product_images/1568.jpg,,Lighting Accessory,Pendant Lamp Holder,LEDSone,,E27,-,-,-,-,,Edison Screw,"Only 10mm hole
Lampshade/Cage",M10,20 mm,Yes,No,-,"Smooth  Painted 
Cylinder",Metal,-,PVC,Glossy painted,Yellow,70.0,40.0,Round,White,PVC,Smooth,3 Core,1m,Yes,"Live,Neatural,Earth",0.75 mm²,-,-,-,-,-,-,50mm,900mm,,,Metal,PVC/Rubber Insulated,60W,220-240V,"Yes
Depend on The Switch & Bulb",50Hz,IP20,Hardwired,Pendant,Yes,Minimal,Easy,~25min,Terminal Block,Universal,"Lamp Holder, Shade Ring, Lock Nut, Cable",No,Yes,"Screwdriver,Cable Cutter",-,-,"A60 
ST64 
G95
G80 & Al kind E27 bulbs",Yes,Yes,Recommended,Yes,No,No,Yes,,,,,,2.7,,,,,,,,,e27 yellow pendant lamp holder,glossy painted lamp holder,pendant lamp holder,"b22, floor lamp, table lamp, led bulb, shade only, e14",0.31,0.14,"yellow pendant lamp holder, e27 yellow pendant lamp holder, glossy painted pendant lamp holder, e27 pendant lamp holder round cable, pendant lamp holder 1m cable, e27 pendant lamp holder uk, pendant lamp holder, e27 pendant lamp holder, yellow pendant light holder, glossy painted lamp holder",,,,,,,,,,,,,,,,,,,,,,,,,,,,,,,
PHTT1PWR105RE,https://sin1.contabostorage.com/4ad62276cb6d4a83bfb1b8a91b839703:newom/newom/newom/img/product_images/1655.jpg,,Lighting Accessory,Pendant Lamp Holder,LEDSone,,E27,-,-,-,-,,Edison Screw,"Only 10mm hole
Lampshade/Cage",M10,20 mm,Yes,No,-,"Smooth  Painted 
Cylinder",Metal,-,PVC,Gloss Plastic Finish,Silicone Red,70.0,40.0,Round,White,PVC,Smooth,3 Core,1m,Yes,"Live,Neatural,Earth",0.75 mm²,-,-,-,-,-,-,50mm,900mm,,,Metal,PVC/Rubber Insulated,60W,220-240V,"Yes
Depend on The Switch & Bulb",50Hz,IP20,Hardwired,Pendant,Yes,Minimal,Easy,~25min,Terminal Block,Universal,"Lamp Holder, Shade Ring, Lock Nut, Cable",No,Yes,"Screwdriver,Cable Cutter",-,-,"A60 
ST64 
G95
G80 & Al kind E27 bulbs",Yes,Yes,Recommended,Yes,No,No,Yes,,,,,,2.7,,,,,,,,,e27 silicone red pendant lamp holder,gloss plastic finish lamp holder,pendant lamp holder,"b22, floor lamp, table lamp, led bulb, shade only, e14",0.31,0.14,"silicone red pendant lamp holder, e27 silicone red pendant lamp holder, gloss plastic finish pendant lamp holder, e27 pendant lamp holder round cable, pendant lamp holder 1m cable, e27 pendant lamp holder uk, pendant lamp holder, e27 pendant lamp holder, silicone red pendant light holder, gloss plastic finish lamp holder",,,,,,,,,,,,,,,,,,,,,,,,,,,,,,,
PHTT1PBR105BM,https://sin1.contabostorage.com/4ad62276cb6d4a83bfb1b8a91b839703:newom/newom/newom/img/product_images/2371.jpg,,Lighting Accessory,Pendant Lamp Holder,LEDSone,,E27,-,-,-,-,,Edison Screw,"Only 10mm hole
Lampshade/Cage",M10,20 mm,Yes,No,-,"Smooth  Painted 
Cylinder",Metal,-,PVC,Matte Black,Black,70.0,40.0,Round,Black,PVC,Smooth,3 Core,1m,Yes,"Live,Neatural,Earth",0.75 mm²,-,-,-,-,-,-,50mm,900mm,,,Metal,PVC/Rubber Insulated,60W,220-240V,"Yes
Depend on The Switch & Bulb",50Hz,IP20,Hardwired,Pendant,Yes,Minimal,Easy,~25min,Terminal Block,Universal,"Lamp Holder, Shade Ring, Lock Nut, Cable",No,Yes,"Screwdriver,Cable Cutter",-,-,"A60 
ST64 
G95
G80 & Al kind E27 bulbs",Yes,Yes,Recommended,Yes,No,No,Yes,,,,,,2.7,,,,,,,,,e27 black pendant lamp holder,matte black lamp holder,pendant lamp holder,"b22, floor lamp, table lamp, led bulb, shade only, e14",0.31,0.14,"black pendant lamp holder, e27 black pendant lamp holder, matte black pendant lamp holder, e27 pendant lamp holder round cable, pendant lamp holder 1m cable, e27 pendant lamp holder uk, pendant lamp holder, e27 pendant lamp holder, black pendant light holder, matte black lamp holder",,,,,,,,,,,,,,,,,,,,,,,,,,,,,,,
PHTT1PWR105WH,https://sin1.contabostorage.com/4ad62276cb6d4a83bfb1b8a91b839703:newom/newom/newom/img/product_images/2370.jpg,,Lighting Accessory,Pendant Lamp Holder,LEDSone,,E27,-,-,-,-,,Edison Screw,"Only 10mm hole
Lampshade/Cage",M10,20 mm,Yes,No,-,"Smooth  Painted 
Cylinder",Metal,-,PVC,Painetd White,White,70.0,40.0,Round,White,PVC,Smooth,3 Core,1m,Yes,"Live,Neatural,Earth",0.75 mm²,-,-,-,-,-,-,50mm,900mm,,,Metal,PVC/Rubber Insulated,60W,220-240V,"Yes
Depend on The Switch & Bulb",50Hz,IP20,Hardwired,Pendant,Yes,Minimal,Easy,~25min,Terminal Block,Universal,"Lamp Holder, Shade Ring, Lock Nut, Cable",No,Yes,"Screwdriver,Cable Cutter",-,-,"A60 
ST64 
G95
G80 & Al kind E27 bulbs",Yes,Yes,Recommended,Yes,No,No,Yes,,,,,,2.7,,,,,,,,,e27 white pendant lamp holder,painetd white lamp holder,pendant lamp holder,"b22, floor lamp, table lamp, led bulb, shade only, e14",0.31,0.14,"white pendant lamp holder, e27 white pendant lamp holder, painetd white pendant lamp holder, e27 pendant lamp holder round cable, pendant lamp holder 1m cable, e27 pendant lamp holder uk, pendant lamp holder, e27 pendant lamp holder, white pendant light holder, painetd white lamp holder",,,,,,,,,,,,,,,,,,,,,,,,,,,,,,,
PHTT1PBR5BM,https://sin1.contabostorage.com/4ad62276cb6d4a83bfb1b8a91b839703:newom/newom/newom/img/product_images/2341.jpg,,Lighting Accessory,Pendant Lamp Holder,LEDSone,,E27,-,-,-,-,,Edison Screw,"Only 10mm hole
Lampshade/Cage",M10,20 mm,Yes,No,-,"Smooth  Painted 
Cylinder",Metal,-,PVC,Matte Black,Black,70.0,40.0,Round,Black,PVC,Smooth,3 Core,1m,Yes,"Live,Neatural,Earth",0.75 mm²,-,-,-,-,-,-,50mm,900mm,,,Metal,PVC/Rubber Insulated,60W,220-240V,"Yes
Depend on The Switch & Bulb",50Hz,IP20,Hardwired,Pendant,Yes,Minimal,Easy,~25min,Terminal Block,Universal,"Lamp Holder, Shade Ring, Lock Nut, Cable",No,Yes,"Screwdriver,Cable Cutter",-,-,"A60 
ST64 
G95
G80 & Al kind E27 bulbs",Yes,Yes,Recommended,Yes,No,No,Yes,,,,,,2.7,,,,,,,,,e27 silver pendant lamp holder,polished chrome lamp holder,pendant lamp holder,"b22, floor lamp, table lamp, led bulb, shade only, e14",0.31,0.14,"silver pendant lamp holder, e27 silver pendant lamp holder, polished chrome pendant lamp holder, e27 pendant lamp holder round cable, pendant lamp holder 1m cable, e27 pendant lamp holder uk, pendant lamp holder, e27 pendant lamp holder, silver pendant light holder, polished chrome lamp holder",,,,,,,,,,,,,,,,,,,,,,,,,,,,,,,
PHTT1PWR5WH,https://sin1.contabostorage.com/4ad62276cb6d4a83bfb1b8a91b839703:newom/newom/newom/img/product_images/2340.jpg,,Lighting Accessory,Pendant Lamp Holder,LEDSone,,E27,-,-,-,-,,Edison Screw,"Only 10mm hole
Lampshade/Cage",M10,20 mm,Yes,No,-,"Smooth  Painted 
Cylinder",Metal,-,PVC,Painetd White,White,70.0,40.0,Round,White,PVC,Smooth,3 Core,1m,Yes,"Live,Neatural,Earth",0.75 mm²,-,-,-,-,-,-,50mm,900mm,,,Metal,PVC/Rubber Insulated,60W,220-240V,"Yes
Depend on The Switch & Bulb",50Hz,IP20,Hardwired,Pendant,Yes,Minimal,Easy,~25min,Terminal Block,Universal,"Lamp Holder, Shade Ring, Lock Nut, Cable",No,Yes,"Screwdriver,Cable Cutter",-,-,"A60 
ST64 
G95
G80 & Al kind E27 bulbs",Yes,Yes,Recommended,Yes,No,No,Yes,,,,,,2.7,,,,,,,,,e27 white pendant lamp holder,painetd white lamp holder,pendant lamp holder,"b22, floor lamp, table lamp, led bulb, shade only, e14",0.31,0.14,"white pendant lamp holder, e27 white pendant lamp holder, painetd white pendant lamp holder, e27 pendant lamp holder round cable, pendant lamp holder 1m cable, e27 pendant lamp holder uk, pendant lamp holder, e27 pendant lamp holder, white pendant light holder, painetd white lamp holder",,,,,,,,,,,,,,,,,,,,,,,,,,,,,,,
PHTT1PCRCH,https://sin1.contabostorage.com/4ad62276cb6d4a83bfb1b8a91b839703:newom/newom/newom/img/product_images/774.jpg,,Lighting Accessory,Pendant Lamp Holder,LEDSone,E27 Chrome Pendant Lamp Holder with 1m Braided Cable,E27,-,-,-,-,,Edison Screw,"Only 10mm hole
Lampshade/Cage",M10,20 mm,Yes,No,-,"Smooth  Painted 
Cylinder",Metal,-,PVC,Polished Chrome,Silver,70.0,40.0,Round,Clear,PVC,Smooth,3 Core,1m,Yes,"Live,Neatural,Earth",0.75 mm²,-,-,-,-,-,-,50mm,900mm,,,Metal,PVC/Rubber Insulated,60W,220-240V,"Yes
Depend on The Switch & Bulb",50Hz,IP20,Hardwired,Pendant,Yes,Minimal,Easy,~25min,Terminal Block,Universal,"Lamp Holder, Shade Ring, Lock Nut, Cable",No,Yes,"Screwdriver,Cable Cutter",-,-,"A60 
ST64 
G95
G80 & Al kind E27 bulbs",Yes,Yes,Recommended,Yes,No,No,Yes,,,,,,2.7,,,,,,,,,e27 black pendant lamp holder,matte black lamp holder,pendant lamp holder,"b22, floor lamp, table lamp, led bulb, shade only, e14",0.31,0.14,"black pendant lamp holder, e27 black pendant lamp holder, matte black pendant lamp holder, e27 pendant lamp holder round cable, pendant lamp holder 2m cable, e27 pendant lamp holder uk, pendant lamp holder, e27 pendant lamp holder, black pendant light holder, matte black lamp holder",,,,,,,,,,,,,,,,,,,,,,,,,,,,,,,
PHTT1PWRWH,https://sin1.contabostorage.com/4ad62276cb6d4a83bfb1b8a91b839703:newom/newom/newom/img/product_images/773.jpg,,Lighting Accessory,Pendant Lamp Holder,LEDSone,,E27,-,-,-,-,,Edison Screw,"Only 10mm hole
Lampshade/Cage",M10,20 mm,Yes,No,-,"Smooth  Painted 
Cylinder",Metal,-,PVC,Painetd White,White,70.0,40.0,Round,White,PVC,Smooth,3 Core,1m,Yes,"Live,Neatural,Earth",0.75 mm²,-,-,-,-,-,-,50mm,900mm,,,Metal,PVC/Rubber Insulated,60W,220-240V,"Yes
Depend on The Switch & Bulb",50Hz,IP20,Hardwired,Pendant,Yes,Minimal,Easy,~25min,Terminal Block,Universal,"Lamp Holder, Shade Ring, Lock Nut, Cable",No,Yes,"Screwdriver,Cable Cutter",-,-,"A60 
ST64 
G95
G80 & Al kind E27 bulbs",Yes,Yes,Recommended,Yes,No,No,Yes,,,,,,2.7,,,,,,,,,e27 black pendant lamp holder,matte black lamp holder,pendant lamp holder,"b22, floor lamp, table lamp, led bulb, shade only, e14",0.31,0.14,"black pendant lamp holder, e27 black pendant lamp holder, matte black pendant lamp holder, e27 pendant lamp holder round cable, pendant lamp holder 1m cable, e27 pendant lamp holder uk, pendant lamp holder, e27 pendant lamp holder, black pendant light holder, matte black lamp holder",,,,,,,,,,,,,,,,,,,,,,,,,,,,,,,
PHTT2PBRBM,https://sin1.contabostorage.com/4ad62276cb6d4a83bfb1b8a91b839703:newom/newom/newom/img/product_images/772.jpg,,Lighting Accessory,Pendant Lamp Holder,LEDSone,,E27,-,-,-,-,,Edison Screw,"Only 10mm hole
Lampshade/Cage",M10,20 mm,Yes,No,-,"Smooth  Painted 
Cylinder",Metal,-,PVC,Matte Black,Black,70.0,40.0,Round,Black,PVC,Smooth,3 Core,2m,Yes,"Live,Neatural,Earth",0.75 mm²,-,-,-,-,-,-,50mm,900mm,,,Metal,PVC/Rubber Insulated,60W,220-240V,"Yes
Depend on The Switch & Bulb",50Hz,IP20,Hardwired,Pendant,Yes,Minimal,Easy,~25min,Terminal Block,Universal,"Lamp Holder, Shade Ring, Lock Nut, Cable",No,Yes,"Screwdriver,Cable Cutter",-,-,"A60 
ST64 
G95
G80 & Al kind E27 bulbs",Yes,Yes,Recommended,Yes,No,No,Yes,,,,,,2.7,,,,,,,,,e27 white pendant lamp holder,painetd white lamp holder,pendant lamp holder,"b22, floor lamp, table lamp, led bulb, shade only, e14",0.31,0.14,"white pendant lamp holder, e27 white pendant lamp holder, painetd white pendant lamp holder, e27 pendant lamp holder round cable, pendant lamp holder 1m cable, e27 pendant lamp holder uk, pendant lamp holder, e27 pendant lamp holder, white pendant light holder, painetd white lamp holder",,,,,,,,,,,,,,,,,,,,,,,,,,,,,,,
PHTT1PBRBM,https://sin1.contabostorage.com/4ad62276cb6d4a83bfb1b8a91b839703:newom/newom/newom/img/product_images/771.jpg,,Lighting Accessory,Pendant Lamp Holder,LEDSone,,E27,-,-,-,-,,Edison Screw,"Only 10mm hole
Lampshade/Cage",M10,20 mm,Yes,No,-,"Smooth  Painted 
Cylinder",Metal,-,PVC,Matte Black,Black,70.0,40.0,Round,Black,PVC,Smooth,3 Core,1m,Yes,"Live,Neatural,Earth",0.75 mm²,-,-,-,-,-,-,50mm,900mm,,,Metal,PVC/Rubber Insulated,60W,220-240V,"Yes
Depend on The Switch & Bulb",50Hz,IP20,Hardwired,Pendant,Yes,Minimal,Easy,~25min,Terminal Block,Universal,"Lamp Holder, Shade Ring, Lock Nut, Cable",No,Yes,"Screwdriver,Cable Cutter",-,-,"A60 
ST64 
G95
G80 & Al kind E27 bulbs",Yes,Yes,Recommended,Yes,No,No,Yes,,,,,,2.7,,,,,,,,,e27 white pendant lamp holder,painetd white lamp holder,pendant lamp holder,"b22, floor lamp, table lamp, led bulb, shade only, e14",0.31,0.14,"white pendant lamp holder, e27 white pendant lamp holder, painetd white pendant lamp holder, e27 pendant lamp holder round cable, pendant lamp holder 1m cable, e27 pendant lamp holder uk, pendant lamp holder, e27 pendant lamp holder, white pendant light holder, painetd white lamp holder",,,,,,,,,,,,,,,,,,,,,,,,,,,,,,,
PHRB1PWR50WH,https://sin1.contabostorage.com/4ad62276cb6d4a83bfb1b8a91b839703:newom/newom/newom/img/product_images/3363.jpg,,Lighting Accessory,Pendant Lamp Holder,LEDSone,,E27,-,-,-,-,,Edison Screw,"Only 10mm hole
Lampshade/Cage",M10,20 mm,Yes,No,-,"Smooth 
Cylinder",PVC,-,PVC,Painetd White,White,65.0,40.0,Round,White,PVC,Smooth,3 Core,1m,Yes,"Live,Neatural,Earth",0.75 mm²,-,-,-,-,-,-,50mm,900mm,,,Metal,PVC/Rubber Insulated,60W,220-240V,"Yes
Depend on The Switch & Bulb",50Hz,IP20,Hardwired,Pendant,Yes,Minimal,Easy,~25min,Terminal Block,Universal,"Lamp Holder, Shade Ring, Lock Nut, Cable",No,Yes,"Screwdriver,Cable Cutter",-,-,"A60 
ST64 
G95
G80 & Al kind E27 bulbs",Yes,Yes,Recommended,Yes,No,No,Yes,,,,,,2.7,,,,,,,,,e27 black pendant lamp holder,matte black lamp holder,pendant lamp holder,"b22, floor lamp, table lamp, led bulb, shade only, e14",0.31,0.14,"black pendant lamp holder, e27 black pendant lamp holder, matte black pendant lamp holder, e27 pendant lamp holder round cable, pendant lamp holder 2m cable, e27 pendant lamp holder uk, pendant lamp holder, e27 pendant lamp holder, black pendant light holder, matte black lamp holder",,,,,,,,,,,,,,,,,,,,,,,,,,,,,,,
PHRB1PWR40WH,https://sin1.contabostorage.com/4ad62276cb6d4a83bfb1b8a91b839703:newom/newom/newom/img/product_images/2677.jpg,,Lighting Accessory,Pendant Lamp Holder,LEDSone,,E27,-,-,-,-,,Edison Screw,"Only 10mm hole
Lampshade/Cage",M10,20 mm,Yes,No,-,"Smooth 
Cylinder",PVC,-,PVC,Painetd White,White,65.0,40.0,Round,White,PVC,Smooth,3 Core,1m,Yes,"Live,Neatural,Earth",0.75 mm²,-,-,-,-,-,-,50mm,900mm,,,Metal,PVC/Rubber Insulated,60W,220-240V,"Yes
Depend on The Switch & Bulb",50Hz,IP20,Hardwired,Pendant,Yes,Minimal,Easy,~25min,Terminal Block,Universal,"Lamp Holder, Shade Ring, Lock Nut, Cable",No,Yes,"Screwdriver,Cable Cutter",-,-,"A60 
ST64 
G95
G80 & Al kind E27 bulbs",Yes,Yes,Recommended,Yes,No,No,Yes,,,,,,2.7,,,,,,,,,e27 black pendant lamp holder,matte black lamp holder,pendant lamp holder,"b22, floor lamp, table lamp, led bulb, shade only, e14",0.31,0.14,"black pendant lamp holder, e27 black pendant lamp holder, matte black pendant lamp holder, e27 pendant lamp holder round cable, pendant lamp holder 1m cable, e27 pendant lamp holder uk, pendant lamp holder, e27 pendant lamp holder, black pendant light holder, matte black lamp holder",,,,,,,,,,,,,,,,,,,,,,,,,,,,,,,
PHRB1PBR25BM,https://sin1.contabostorage.com/4ad62276cb6d4a83bfb1b8a91b839703:newom/newom/newom/img/product_images/2516.jpg,,Lighting Accessory,Pendant Lamp Holder,LEDSone,,E27,-,-,-,-,,Edison Screw,"Only 10mm hole
Lampshade/Cage",M10,20 mm,Yes,No,-,"Smooth 
Cylinder",PVC,-,PVC,Matte Black,Black,65.0,40.0,Round,Black,PVC,Smooth,3 Core,2m,Yes,"Live,Neatural,Earth",0.75 mm²,-,-,-,-,-,-,50mm,900mm,,,Metal,PVC/Rubber Insulated,60W,220-240V,"Yes
Depend on The Switch & Bulb",50Hz,IP20,Hardwired,Pendant,Yes,Minimal,Easy,~25min,Terminal Block,Universal,"Lamp Holder, Shade Ring, Lock Nut, Cable",No,Yes,"Screwdriver,Cable Cutter",-,-,"A60 
ST64 
G95
G80 & Al kind E27 bulbs",Yes,Yes,Recommended,Yes,No,No,Yes,,,,,,2.7,,,,,,,,,e27 white pendant lamp holder,painetd white lamp holder,pendant lamp holder,"b22, floor lamp, table lamp, led bulb, shade only, e14",0.31,0.14,"white pendant lamp holder, e27 white pendant lamp holder, painetd white pendant lamp holder, e27 pendant lamp holder round cable, pendant lamp holder 1m cable, e27 pendant lamp holder uk, pendant lamp holder, e27 pendant lamp holder, white pendant light holder, painetd white lamp holder",,,,,,,,,,,,,,,,,,,,,,,,,,,,,,,
PHRB1PBR5BM,https://sin1.contabostorage.com/4ad62276cb6d4a83bfb1b8a91b839703:newom/newom/newom/img/product_images/2515.jpg,,Lighting Accessory,Pendant Lamp Holder,LEDSone,,E27,-,-,-,-,,Edison Screw,"Only 10mm hole
Lampshade/Cage",M10,20 mm,Yes,No,-,"Smooth 
Cylinder",PVC,-,PVC,Matte Black,Black,65.0,40.0,Round,Black,PVC,Smooth,3 Core,1m,Yes,"Live,Neatural,Earth",0.75 mm²,-,-,-,-,-,-,50mm,900mm,,,Metal,PVC/Rubber Insulated,60W,220-240V,"Yes
Depend on The Switch & Bulb",50Hz,IP20,Hardwired,Pendant,Yes,Minimal,Easy,~25min,Terminal Block,Universal,"Lamp Holder, Shade Ring, Lock Nut, Cable",No,Yes,"Screwdriver,Cable Cutter",-,-,"A60 
ST64 
G95
G80 & Al kind E27 bulbs",Yes,Yes,Recommended,Yes,No,No,Yes,,,,,,2.7,,,,,,,,,e27 black pendant lamp holder,matte black lamp holder,pendant lamp holder,"b22, floor lamp, table lamp, led bulb, shade only, e14",0.31,0.14,"black pendant lamp holder, e27 black pendant lamp holder, matte black pendant lamp holder, e27 pendant lamp holder round cable, pendant lamp holder 1m cable, e27 pendant lamp holder uk, pendant lamp holder, e27 pendant lamp holder, black pendant light holder, matte black lamp holder",,,,,,,,,,,,,,,,,,,,,,,,,,,,,,,
PHRB1PWR5WH,https://sin1.contabostorage.com/4ad62276cb6d4a83bfb1b8a91b839703:newom/newom/newom/img/product_images/2467.jpg,,Lighting Accessory,Pendant Lamp Holder,LEDSone,,E27,-,-,-,-,,Edison Screw,"Only 10mm hole
Lampshade/Cage",M10,20 mm,Yes,No,-,"Smooth 
Cylinder",PVC,-,PVC,Painetd White,White,65.0,40.0,Round,White,PVC,Smooth,3 Core,1m,Yes,"Live,Neatural,Earth",0.75 mm²,-,-,-,-,-,-,50mm,900mm,,,Metal,PVC/Rubber Insulated,60W,220-240V,"Yes
Depend on The Switch & Bulb",50Hz,IP20,Hardwired,Pendant,Yes,Minimal,Easy,~25min,Terminal Block,Universal,"Lamp Holder, Shade Ring, Lock Nut, Cable",No,Yes,"Screwdriver,Cable Cutter",-,-,"A60 
ST64 
G95
G80 & Al kind E27 bulbs",Yes,Yes,Recommended,Yes,No,No,Yes,,,,,,2.7,,,,,,,,,e27 black pendant lamp holder,matte black lamp holder,pendant lamp holder,"b22, floor lamp, table lamp, led bulb, shade only, e14",0.31,0.14,"black pendant lamp holder, e27 black pendant lamp holder, matte black pendant lamp holder, e27 pendant lamp holder round cable, pendant lamp holder 1m cable, e27 pendant lamp holder uk, pendant lamp holder, e27 pendant lamp holder, black pendant light holder, matte black lamp holder",,,,,,,,,,,,,,,,,,,,,,,,,,,,,,,
PHRB1PBR55BM,https://sin1.contabostorage.com/4ad62276cb6d4a83bfb1b8a91b839703:newom/newom/newom/img/product_images/2465.jpg,,Lighting Accessory,Pendant Lamp Holder,LEDSone,,E27,-,-,-,-,,Edison Screw,"Only 10mm hole
Lampshade/Cage",M10,20 mm,Yes,No,-,"Smooth 
Cylinder",PVC,-,PVC,Matte Black,Black,65.0,40.0,Round,Black,PVC,Smooth,3 Core,1m,Yes,"Live,Neatural,Earth",0.75 mm²,-,-,-,-,-,-,50mm,900mm,,,Metal,PVC/Rubber Insulated,60W,220-240V,"Yes
Depend on The Switch & Bulb",50Hz,IP20,Hardwired,Pendant,Yes,Minimal,Easy,~25min,Terminal Block,Universal,"Lamp Holder, Shade Ring, Lock Nut, Cable",No,Yes,"Screwdriver,Cable Cutter",-,-,"A60 
ST64 
G95
G80 & Al kind E27 bulbs",Yes,Yes,Recommended,Yes,No,No,Yes,,,,,,2.7,,,,,,,,,e27 black pendant lamp holder,matte black lamp holder,pendant lamp holder,"b22, floor lamp, table lamp, led bulb, shade only, e14",0.31,0.14,"black pendant lamp holder, e27 black pendant lamp holder, matte black pendant lamp holder, e27 pendant lamp holder round cable, pendant lamp holder 1m cable, e27 pendant lamp holder uk, pendant lamp holder, e27 pendant lamp holder, black pendant light holder, matte black lamp holder",,,,,,,,,,,,,,,,,,,,,,,,,,,,,,,
PHRB1PBR50BM,https://sin1.contabostorage.com/4ad62276cb6d4a83bfb1b8a91b839703:newom/newom/newom/img/product_images/2464.jpg,,Lighting Accessory,Pendant Lamp Holder,LEDSone,,E27,-,-,-,-,,Edison Screw,"Only 10mm hole
Lampshade/Cage",M10,20 mm,Yes,No,-,"Smooth 
Cylinder",PVC,-,PVC,Matte Black,Black,65.0,40.0,Round,Black,PVC,Smooth,3 Core,1m,Yes,"Live,Neatural,Earth",0.75 mm²,-,-,-,-,-,-,50mm,900mm,,,Metal,PVC/Rubber Insulated,60W,220-240V,"Yes
Depend on The Switch & Bulb",50Hz,IP20,Hardwired,Pendant,Yes,Minimal,Easy,~25min,Terminal Block,Universal,"Lamp Holder, Shade Ring, Lock Nut, Cable",No,Yes,"Screwdriver,Cable Cutter",-,-,"A60 
ST64 
G95
G80 & Al kind E27 bulbs",Yes,Yes,Recommended,Yes,No,No,Yes,,,,,,2.7,,,,,,,,,e27 black pendant lamp holder,matte black lamp holder,pendant lamp holder,"b22, floor lamp, table lamp, led bulb, shade only, e14",0.31,0.14,"black pendant lamp holder, e27 black pendant lamp holder, matte black pendant lamp holder, e27 pendant lamp holder round cable, pendant lamp holder 1m cable, e27 pendant lamp holder uk, pendant lamp holder, e27 pendant lamp holder, black pendant light holder, matte black lamp holder",,,,,,,,,,,,,,,,,,,,,,,,,,,,,,,
PHRB1PBR45BM,https://sin1.contabostorage.com/4ad62276cb6d4a83bfb1b8a91b839703:newom/newom/newom/img/product_images/2463.jpg,,Lighting Accessory,Pendant Lamp Holder,LEDSone,,E27,-,-,-,-,,Edison Screw,"Only 10mm hole
Lampshade/Cage",M10,20 mm,Yes,No,-,"Smooth 
Cylinder",PVC,-,PVC,Matte Black,Black,65.0,40.0,Round,Black,PVC,Smooth,3 Core,1m,Yes,"Live,Neatural,Earth",0.75 mm²,-,-,-,-,-,-,50mm,900mm,,,Metal,PVC/Rubber Insulated,60W,220-240V,"Yes
Depend on The Switch & Bulb",50Hz,IP20,Hardwired,Pendant,Yes,Minimal,Easy,~25min,Terminal Block,Universal,"Lamp Holder, Shade Ring, Lock Nut, Cable",No,Yes,"Screwdriver,Cable Cutter",-,-,"A60 
ST64 
G95
G80 & Al kind E27 bulbs",Yes,Yes,Recommended,Yes,No,No,Yes,,,,,,2.7,,,,,,,,,e27 black pendant lamp holder,matte black lamp holder,pendant lamp holder,"b22, floor lamp, table lamp, led bulb, shade only, e14",0.31,0.14,"black pendant lamp holder, e27 black pendant lamp holder, matte black pendant lamp holder, e27 pendant lamp holder round cable, pendant lamp holder 1m cable, e27 pendant lamp holder uk, pendant lamp holder, e27 pendant lamp holder, black pendant light holder, matte black lamp holder",,,,,,,,,,,,,,,,,,,,,,,,,,,,,,,
PHRB1PBR40BM,https://sin1.contabostorage.com/4ad62276cb6d4a83bfb1b8a91b839703:newom/newom/newom/img/product_images/2462.jpg,,Lighting Accessory,Pendant Lamp Holder,LEDSone,,E27,-,-,-,-,,Edison Screw,"Only 10mm hole
Lampshade/Cage",M10,20 mm,Yes,No,-,"Smooth 
Cylinder",PVC,-,PVC,Matte Black,Black,65.0,40.0,Round,Black,PVC,Smooth,3 Core,1m,Yes,"Live,Neatural,Earth",0.75 mm²,-,-,-,-,-,-,50mm,900mm,,,Metal,PVC/Rubber Insulated,60W,220-240V,"Yes
Depend on The Switch & Bulb",50Hz,IP20,Hardwired,Pendant,Yes,Minimal,Easy,~25min,Terminal Block,Universal,"Lamp Holder, Shade Ring, Lock Nut, Cable",No,Yes,"Screwdriver,Cable Cutter",-,-,"A60 
ST64 
G95
G80 & Al kind E27 bulbs",Yes,Yes,Recommended,Yes,No,No,Yes,,,,,,2.7,,,,,,,,,e27 black pendant lamp holder,matte black lamp holder,pendant lamp holder,"b22, floor lamp, table lamp, led bulb, shade only, e14",0.31,0.14,"black pendant lamp holder, e27 black pendant lamp holder, matte black pendant lamp holder, e27 pendant lamp holder round cable, pendant lamp holder 1m cable, e27 pendant lamp holder uk, pendant lamp holder, e27 pendant lamp holder, black pendant light holder, matte black lamp holder",,,,,,,,,,,,,,,,,,,,,,,,,,,,,,,
PHRB1PBR35BM,https://sin1.contabostorage.com/4ad62276cb6d4a83bfb1b8a91b839703:newom/newom/newom/img/product_images/2461.jpg,,Lighting Accessory,Pendant Lamp Holder,LEDSone,,E27,-,-,-,-,,Edison Screw,"Only 10mm hole
Lampshade/Cage",M10,20 mm,Yes,No,-,"Smooth 
Cylinder",PVC,-,PVC,Matte Black,Black,65.0,40.0,Round,Black,PVC,Smooth,3 Core,1m,Yes,"Live,Neatural,Earth",0.75 mm²,-,-,-,-,-,-,50mm,900mm,,,Metal,PVC/Rubber Insulated,60W,220-240V,"Yes
Depend on The Switch & Bulb",50Hz,IP20,Hardwired,Pendant,Yes,Minimal,Easy,~25min,Terminal Block,Universal,"Lamp Holder, Shade Ring, Lock Nut, Cable",No,Yes,"Screwdriver,Cable Cutter",-,-,"A60 
ST64 
G95
G80 & Al kind E27 bulbs",Yes,Yes,Recommended,Yes,No,No,Yes,,,,,,2.7,,,,,,,,,e27 black pendant lamp holder,matte black lamp holder,pendant lamp holder,"b22, floor lamp, table lamp, led bulb, shade only, e14",0.31,0.14,"black pendant lamp holder, e27 black pendant lamp holder, matte black pendant lamp holder, e27 pendant lamp holder round cable, pendant lamp holder 1m cable, e27 pendant lamp holder uk, pendant lamp holder, e27 pendant lamp holder, black pendant light holder, matte black lamp holder",,,,,,,,,,,,,,,,,,,,,,,,,,,,,,,
PHRB1PBR30BM,https://sin1.contabostorage.com/4ad62276cb6d4a83bfb1b8a91b839703:newom/newom/newom/img/product_images/2460.jpg,,Lighting Accessory,Pendant Lamp Holder,LEDSone,,E27,-,-,-,-,,Edison Screw,"Only 10mm hole
Lampshade/Cage",M10,20 mm,Yes,No,-,"Smooth 
Cylinder",PVC,-,PVC,Matte Black,Black,65.0,40.0,Round,Black,PVC,Smooth,3 Core,1m,Yes,"Live,Neatural,Earth",0.75 mm²,-,-,-,-,-,-,50mm,900mm,,,Metal,PVC/Rubber Insulated,60W,220-240V,"Yes
Depend on The Switch & Bulb",50Hz,IP20,Hardwired,Pendant,Yes,Minimal,Easy,~25min,Terminal Block,Universal,"Lamp Holder, Shade Ring, Lock Nut, Cable",No,Yes,"Screwdriver,Cable Cutter",-,-,"A60 
ST64 
G95
G80 & Al kind E27 bulbs",Yes,Yes,Recommended,Yes,No,No,Yes,,,,,,2.7,,,,,,,,,e27 white pendant lamp holder,painetd white lamp holder,pendant lamp holder,"b22, floor lamp, table lamp, led bulb, shade only, e14",0.31,0.14,"white pendant lamp holder, e27 white pendant lamp holder, painetd white pendant lamp holder, e27 pendant lamp holder round cable, pendant lamp holder 1m cable, e27 pendant lamp holder uk, pendant lamp holder, e27 pendant lamp holder, white pendant light holder, painetd white lamp holder",,,,,,,,,,,,,,,,,,,,,,,,,,,,,,,
PHRB1PBR10BM,https://sin1.contabostorage.com/4ad62276cb6d4a83bfb1b8a91b839703:newom/newom/newom/img/product_images/2456.jpg,,Lighting Accessory,Pendant Lamp Holder,LEDSone,,E27,-,-,-,-,,Edison Screw,"Only 10mm hole
Lampshade/Cage",M10,20 mm,Yes,No,-,"Smooth 
Cylinder",PVC,-,PVC,Matte Black,Black,65.0,40.0,Round,Black,PVC,Smooth,3 Core,1m,Yes,"Live,Neatural,Earth",0.75 mm²,-,-,-,-,-,-,50mm,900mm,,,Metal,PVC/Rubber Insulated,60W,220-240V,"Yes
Depend on The Switch & Bulb",50Hz,IP20,Hardwired,Pendant,Yes,Minimal,Easy,~25min,Terminal Block,Universal,"Lamp Holder, Shade Ring, Lock Nut, Cable",No,Yes,"Screwdriver,Cable Cutter",-,-,"A60 
ST64 
G95
G80 & Al kind E27 bulbs",Yes,Yes,Recommended,Yes,No,No,Yes,,,,,,2.7,,,,,,,,,e27 black pendant lamp holder,matte black lamp holder,pendant lamp holder,"b22, floor lamp, table lamp, led bulb, shade only, e14",0.31,0.14,"black pendant lamp holder, e27 black pendant lamp holder, matte black pendant lamp holder, e27 pendant lamp holder round cable, pendant lamp holder 1m cable, e27 pendant lamp holder uk, pendant lamp holder, e27 pendant lamp holder, black pendant light holder, matte black lamp holder",,,,,,,,,,,,,,,,,,,,,,,,,,,,,,,
PHRB1PBRWH,https://sin1.contabostorage.com/4ad62276cb6d4a83bfb1b8a91b839703:newom/newom/newom/img/product_images/2416.jpg,,Lighting Accessory,Pendant Lamp Holder,LEDSone,,E27,-,-,-,-,,Edison Screw,"Only 10mm hole
Lampshade/Cage",M10,20 mm,Yes,No,-,"Smooth 
Cylinder",PVC,-,PVC,Painetd White,White,65.0,40.0,Round,White,PVC,Smooth,3 Core,1m,Yes,"Live,Neatural,Earth",0.75 mm²,-,-,-,-,-,-,50mm,900mm,,,Metal,PVC/Rubber Insulated,60W,220-240V,"Yes
Depend on The Switch & Bulb",50Hz,IP20,Hardwired,Pendant,Yes,Minimal,Easy,~25min,Terminal Block,Universal,"Lamp Holder, Shade Ring, Lock Nut, Cable",No,Yes,"Screwdriver,Cable Cutter",-,-,"A60 
ST64 
G95
G80 & Al kind E27 bulbs",Yes,Yes,Recommended,Yes,No,No,Yes,,,,,,2.7,,,,,,,,,e27 white pendant lamp holder,pendant lamp holder round cable,lamp holder with cable,"b22, floor lamp, table lamp, led bulb, shade only, e14",0.31,0.14,"white pendant lamp holder, e27 white pendant lamp holder, e27 pendant lamp holder round cable, pendant lamp holder 1m cable, e27 pendant lamp holder uk, pendant lamp holder, e27 pendant lamp holder, white pendant light holder, white lamp holder, pendant lamp holder round cable",,,,,,,,,,,,,,,,,,,,,,,,,,,,,,,
PHRB1PBRPB,https://sin1.contabostorage.com/4ad62276cb6d4a83bfb1b8a91b839703:newom/newom/newom/img/product_images/1432.jpg,,Lighting Accessory,Pendant Lamp Holder,LEDSone,,E27,-,-,-,-,,Edison Screw,"Only 10mm hole
Lampshade/Cage",M10,20 mm,Yes,No,-,"Smooth 
Cylinder",PVC,-,PVC,Matte Black,Black,65.0,40.0,Round,Black,PVC,Smooth,3 Core,1m,Yes,"Live,Neatural,Earth",0.75 mm²,-,-,-,-,-,-,50mm,900mm,,,Metal,PVC/Rubber Insulated,60W,220-240V,"Yes
Depend on The Switch & Bulb",50Hz,IP20,Hardwired,Pendant,Yes,Minimal,Easy,~25min,Terminal Block,Universal,"Lamp Holder, Shade Ring, Lock Nut, Cable",No,Yes,"Screwdriver,Cable Cutter",-,-,"A60 
ST64 
G95
G80 & Al kind E27 bulbs",Yes,Yes,Recommended,Yes,No,No,Yes,,,,,,2.7,,,,,,,,,e27 browns pendant lamp holder,woven lamp holder,pendant lamp holder,"b22, floor lamp, table lamp, led bulb, shade only, e14",0.31,0.14,"browns pendant lamp holder, e27 browns pendant lamp holder, woven pendant lamp holder, e27 pendant lamp holder round cable, pendant lamp holder 2m cable, e27 pendant lamp holder uk, pendant lamp holder, e27 pendant lamp holder, browns pendant light holder, woven lamp holder",,,,,,,,,,,,,,,,,,,,,,,,,,,,,,,
PHRB1PWRPW,https://sin1.contabostorage.com/4ad62276cb6d4a83bfb1b8a91b839703:newom/newom/newom/img/product_images/1431.jpg,,Lighting Accessory,Pendant Lamp Holder,LEDSone,,E27,-,-,-,-,,Edison Screw,"Only 10mm hole
Lampshade/Cage",M10,20 mm,Yes,No,-,"Smooth 
Cylinder",PVC,-,PVC,White,White,65.0,40.0,Round,White,PVC,Smooth,3 Core,1m,Yes,"Live,Neatural,Earth",0.75 mm²,-,-,-,-,-,-,50mm,900mm,,,Metal,PVC/Rubber Insulated,60W,220-240V,"Yes
Depend on The Switch & Bulb",50Hz,IP20,Hardwired,Pendant,Yes,Minimal,Easy,~25min,Terminal Block,Universal,"Lamp Holder, Shade Ring, Lock Nut, Cable",No,Yes,"Screwdriver,Cable Cutter",-,-,"A60 
ST64 
G95
G80 & Al kind E27 bulbs",Yes,Yes,Recommended,Yes,No,No,Yes,,,,,,2.7,,,,,,,,,e27 browns pendant lamp holder,woven lamp holder,pendant lamp holder,"b22, floor lamp, table lamp, led bulb, shade only, e14",0.31,0.14,"browns pendant lamp holder, e27 browns pendant lamp holder, woven pendant lamp holder, e27 pendant lamp holder round cable, pendant lamp holder 1m cable, e27 pendant lamp holder uk, pendant lamp holder, e27 pendant lamp holder, browns pendant light holder, woven lamp holder",,,,,,,,,,,,,,,,,,,,,,,,,,,,,,,
PHHRE2HETHE,https://sin1.contabostorage.com/4ad62276cb6d4a83bfb1b8a91b839703:newom/newom/newom/img/product_images/35042.jpg,,Lighting Accessory,Pendant Lamp Holder,LEDSone,,E27,-,-,-,-,,Edison Screw,No,M10,20 mm,Yes,No,-,"Smooth 
Cylinder",Hemp,-,PVC,Woven,Browns,,,Round,Natural Hemp,PVC,Hemp rope,3 Core,2m,Yes,"Live,Neatural,Earth",0.75 mm²,-,-,-,-,-,-,50mm,900mm,,,Metal,PVC/Rubber Insulated,60W,220-240V,"Yes
Depend on The Switch & Bulb",50Hz,IP20,Hardwired,Pendant,Yes,Minimal,Easy,~25min,Terminal Block,Universal,"Lamp Holder, Shade Ring, Lock Nut, Cable",No,Yes,"Screwdriver,Cable Cutter",-,-,"A60 
ST64 
G95
G80 & Al kind E27 bulbs",Yes,Yes,Recommended,Yes,No,No,Yes,,,,,,2.7,,,,,,,,,e27 silver pendant lamp holder,brushed silver lamp holder,pendant lamp holder,"b22, floor lamp, table lamp, led bulb, shade only, e14",0.31,0.14,"silver pendant lamp holder, e27 silver pendant lamp holder, brushed silver pendant lamp holder, e27 pendant lamp holder round cable, pendant lamp holder 2m cable, e27 pendant lamp holder uk, pendant lamp holder, e27 pendant lamp holder, silver pendant light holder, brushed silver lamp holder",,,,,,,,,,,,,,,,,,,,,,,,,,,,,,,
PHHRE1HETHE,https://sin1.contabostorage.com/4ad62276cb6d4a83bfb1b8a91b839703:newom/newom/newom/img/product_images/35041.jpg,,Lighting Accessory,Pendant Lamp Holder,LEDSone,,E27,-,-,-,-,,Edison Screw,No,M10,20 mm,Yes,No,-,"Smooth 
Cylinder",Hemp,-,PVC,Woven,Browns,,,Round,Natural Hemp,PVC,Hemp rope,3 Core,1m,Yes,"Live,Neatural,Earth",0.75 mm²,-,-,-,-,-,-,50mm,900mm,,,Metal,PVC/Rubber Insulated,60W,220-240V,"Yes
Depend on The Switch & Bulb",50Hz,IP20,Hardwired,Pendant,Yes,Minimal,Easy,~25min,Terminal Block,Universal,"Lamp Holder, Shade Ring, Lock Nut, Cable",No,Yes,"Screwdriver,Cable Cutter",-,-,"A60 
ST64 
G95
G80 & Al kind E27 bulbs",Yes,Yes,Recommended,Yes,No,No,Yes,,,,,,2.7,,,,,,,,,e27 red pendant lamp holder,rustic red lamp holder,pendant lamp holder,"b22, floor lamp, table lamp, led bulb, shade only, e14",0.31,0.14,"red pendant lamp holder, e27 red pendant lamp holder, rustic red pendant lamp holder, e27 pendant lamp holder round cable, pendant lamp holder 1m cable, e27 pendant lamp holder uk, pendant lamp holder, e27 pendant lamp holder, red pendant light holder, rustic red lamp holder",,,,,,,,,,,,,,,,,,,,,,,,,,,,,,,
PHNW2RBS,https://sin1.contabostorage.com/4ad62276cb6d4a83bfb1b8a91b839703:newom/newom/newom/img/product_images/2481.jpg,,Lighting Accessory,Pendant Lamp Holder,LEDSone,,E27,-,-,-,-,,Edison Screw,Default,M10,20 mm,Yes,No,-,"Smooth  Distress
Brushed Cylinder",Metal,-,PVC,Brushed Silver,Silver,70.0,40.0,Round,Black,PVC,Smooth,3 Core,2m,Yes,"Live,Neatural,Earth",0.75 mm²,-,-,-,-,-,-,50mm,900mm,,,Metal,PVC/Rubber Insulated,60W,220-240V,"Yes
Depend on The Switch & Bulb",50Hz,IP20,Hardwired,Pendant,Yes,Minimal,Easy,~25min,Terminal Block,Universal,"Lamp Holder, Shade Ring, Lock Nut, Cable",No,Yes,"Screwdriver,Cable Cutter",Default,-,"A60 
ST64 
G95
G80 & Al kind E27 bulbs",Yes,Yes,Recommended,Yes,No,No,Yes,,,,,,2.7,,,,,,,,,e27 silver pendant lamp holder,brushed silver lamp holder,pendant lamp holder,"b22, floor lamp, table lamp, led bulb, shade only, e14",0.31,0.14,"silver pendant lamp holder, e27 silver pendant lamp holder, brushed silver pendant lamp holder, e27 pendant lamp holder round cable, pendant lamp holder 1m cable, e27 pendant lamp holder uk, pendant lamp holder, e27 pendant lamp holder, silver pendant light holder, brushed silver lamp holder",,,,,,,,,,,,,,,,,,,,,,,,,,,,,,,
PHNW1RRR,https://sin1.contabostorage.com/4ad62276cb6d4a83bfb1b8a91b839703:newom/newom/newom/img/product_images/1937.jpg,,Lighting Accessory,Pendant Lamp Holder,LEDSone,,E27,-,-,-,-,,Edison Screw,Default,M10,20 mm,Yes,No,-,"Smooth  Distress
Brushed Cylinder",Metal,-,PVC,Rustic Red,Red,70.0,40.0,Round,Black,PVC,Smooth,3 Core,1m,Yes,"Live,Neatural,Earth",0.75 mm²,-,-,-,-,-,-,50mm,900mm,,,Metal,PVC/Rubber Insulated,60W,220-240V,"Yes
Depend on The Switch & Bulb",50Hz,IP20,Hardwired,Pendant,Yes,Minimal,Easy,~25min,Terminal Block,Universal,"Lamp Holder, Shade Ring, Lock Nut, Cable",No,Yes,"Screwdriver,Cable Cutter",Default,-,"A60 
ST64 
G95
G80 & Al kind E27 bulbs",Yes,Yes,Recommended,Yes,No,No,Yes,,,,,,2.7,,,,,,,,,e27 brushed copper pendant lamp holder,brass lamp holder,pendant lamp holder,"b22, floor lamp, table lamp, led bulb, shade only, e14",0.31,0.14,"brushed copper pendant lamp holder, e27 brushed copper pendant lamp holder, brass pendant lamp holder, e27 pendant lamp holder round cable, pendant lamp holder 1m cable, e27 pendant lamp holder uk, pendant lamp holder, e27 pendant lamp holder, brushed copper pendant light holder, brass lamp holder",,,,,,,,,,,,,,,,,,,,,,,,,,,,,,,
PHNW1RBS,https://sin1.contabostorage.com/4ad62276cb6d4a83bfb1b8a91b839703:newom/newom/newom/img/product_images/1936.jpg,,Lighting Accessory,Pendant Lamp Holder,LEDSone,,E27,-,-,-,-,,Edison Screw,Default,M10,20 mm,Yes,No,-,"Smooth  Distress
Brushed Cylinder",Metal,-,PVC,Brushed Silver,Silver,70.0,40.0,Round,Black,PVC,Smooth,3 Core,1m,Yes,"Live,Neatural,Earth",0.75 mm²,-,-,-,-,-,-,50mm,900mm,,,Metal,PVC/Rubber Insulated,60W,220-240V,"Yes
Depend on The Switch & Bulb",50Hz,IP20,Hardwired,Pendant,Yes,Minimal,Easy,~25min,Terminal Block,Universal,"Lamp Holder, Shade Ring, Lock Nut, Cable",No,Yes,"Screwdriver,Cable Cutter",Default,-,"A60 
ST64 
G95
G80 & Al kind E27 bulbs",Yes,Yes,Recommended,Yes,No,No,Yes,,,,,,2.7,,,,,,,,,e27 black pendant lamp holder,matte black lamp holder,pendant lamp holder,"b22, floor lamp, table lamp, led bulb, shade only, e14",0.31,0.14,"black pendant lamp holder, e27 black pendant lamp holder, matte black pendant lamp holder, e27 pendant lamp holder round cable, pendant lamp holder 1m cable, e27 pendant lamp holder uk, pendant lamp holder, e27 pendant lamp holder, black pendant light holder, matte black lamp holder",,,,,,,,,,,,,,,,,,,,,,,,,,,,,,,
PHNW1RBC,https://sin1.contabostorage.com/4ad62276cb6d4a83bfb1b8a91b839703:newom/newom/newom/img/product_images/1887.jpg,,Lighting Accessory,Pendant Lamp Holder,LEDSone,,E27,-,-,-,-,,Edison Screw,Default,M10,20 mm,Yes,No,-,"Smooth  Distress
Brushed Cylinder",Metal,-,PVC,Brass,Brushed Copper,70.0,40.0,Round,Black,PVC,Smooth,3 Core,1m,Yes,"Live,Neatural,Earth",0.75 mm²,-,-,-,-,-,-,50mm,900mm,,,,PVC/Rubber Insulated,60W,220-240V,"Yes
Depend on The Switch & Bulb",50Hz,IP20,Hardwired,Pendant,Yes,Minimal,Easy,~25min,Terminal Block,Universal,"Lamp Holder, Shade Ring, Lock Nut, Cable",No,Yes,"Screwdriver,Cable Cutter",Default,-,"A60 
ST64 
G95
G80 & Al kind E27 bulbs",Yes,Yes,Recommended,Yes,No,No,Yes,,,,,,2.7,,,,,,,,,e27 red pendant lamp holder,rustic red lamp holder,pendant lamp holder,"b22, floor lamp, table lamp, led bulb, shade only, e14",0.31,0.14,"red pendant lamp holder, e27 red pendant lamp holder, rustic red pendant lamp holder, e27 pendant lamp holder round cable, pendant lamp holder 2m cable, e27 pendant lamp holder uk, pendant lamp holder, e27 pendant lamp holder, red pendant light holder, rustic red lamp holder",,,,,,,,,,,,,,,,,,,,,,,,,,,,,,,
PHNW1RBM,https://sin1.contabostorage.com/4ad62276cb6d4a83bfb1b8a91b839703:newom/newom/newom/img/product_images/1886.jpg,,Lighting Accessory,Pendant Lamp Holder,LEDSone,,E27,-,-,-,-,,Edison Screw,Default,M10,20 mm,Yes,No,-,Smooth  Cylinder,Metal,-,PVC,Matte Black,Black,70.0,40.0,Round,Black,PVC,Smooth,3 Core,1m,Yes,"Live,Neatural,Earth",0.75 mm²,-,-,-,-,-,-,50mm,900mm,,,,PVC/Rubber Insulated,60W,220-240V,"Yes
Depend on The Switch & Bulb",50Hz,IP20,Hardwired,Pendant,Yes,Minimal,Easy,~25min,Terminal Block,Universal,"Lamp Holder, Shade Ring, Lock Nut, Cable",No,Yes,"Screwdriver,Cable Cutter",Default,-,"A60 
ST64 
G95
G80 & Al kind E27 bulbs",Yes,Yes,Recommended,Yes,No,No,Yes,,,,,,2.7,,,,,,,,,e27 brushed copper pendant lamp holder,brass lamp holder,pendant lamp holder,"b22, floor lamp, table lamp, led bulb, shade only, e14",0.31,0.14,"brushed copper pendant lamp holder, e27 brushed copper pendant lamp holder, brass pendant lamp holder, e27 pendant lamp holder round cable, pendant lamp holder 2m cable, e27 pendant lamp holder uk, pendant lamp holder, e27 pendant lamp holder, brushed copper pendant light holder, brass lamp holder",,,,,,,,,,,,,,,,,,,,,,,,,,,,,,,
PHNW2RRR,https://sin1.contabostorage.com/4ad62276cb6d4a83bfb1b8a91b839703:newom/newom/newom/img/product_images/1761.jpg,,Lighting Accessory,Pendant Lamp Holder,LEDSone,,E27,-,-,-,-,,Edison Screw,Default,M10,20 mm,Yes,No,-,"Smooth  Distress
Brushed Cylinder",Metal,-,PVC,Rustic Red,Red,70.0,40.0,Round,Black,PVC,Smooth,3 Core,2m,Yes,"Live,Neatural,Earth",0.75 mm²,-,-,-,-,-,-,50mm,900mm,,,,PVC/Rubber Insulated,60W,220-240V,"Yes
Depend on The Switch & Bulb",50Hz,IP20,Hardwired,Pendant,Yes,Minimal,Easy,~25min,Terminal Block,Universal,"Lamp Holder, Shade Ring, Lock Nut, Cable",No,Yes,"Screwdriver,Cable Cutter",Default,-,"A60 
ST64 
G95
G80 & Al kind E27 bulbs",Yes,Yes,Recommended,Yes,No,No,Yes,,,,,,2.7,,,,,,,,,e27 black pendant lamp holder,matte black lamp holder,pendant lamp holder,"b22, floor lamp, table lamp, led bulb, shade only, e14",0.31,0.14,"black pendant lamp holder, e27 black pendant lamp holder, matte black pendant lamp holder, e27 pendant lamp holder round cable, pendant lamp holder 2m cable, e27 pendant lamp holder uk, pendant lamp holder, e27 pendant lamp holder, black pendant light holder, matte black lamp holder",,,,,,,,,,,,,,,,,,,,,,,,,,,,,,,
PHNW2RBC,https://sin1.contabostorage.com/4ad62276cb6d4a83bfb1b8a91b839703:newom/newom/newom/img/product_images/1760.jpg,,Lighting Accessory,Pendant Lamp Holder,LEDSone,,E27,-,-,-,-,,Edison Screw,Default,M10,20 mm,Yes,No,-,Smooth  Cylinder,Metal,-,PVC,Brass,Brushed Copper,70.0,40.0,Round,Black,PVC,Smooth,3 Core,2m,Yes,"Live,Neatural,Earth",0.75 mm²,-,-,-,-,-,-,50mm,900mm,,,,PVC/Rubber Insulated,60W,220-240V,"Yes
Depend on The Switch & Bulb",50Hz,IP20,Hardwired,Pendant,Yes,Minimal,Easy,~25min,Terminal Block,Universal,"Lamp Holder, Shade Ring, Lock Nut, Cable",No,Yes,"Screwdriver,Cable Cutter",Default,-,"A60 
ST64 
G95
G80 & Al kind E27 bulbs",Yes,Yes,Recommended,Yes,No,No,Yes,,,,,,2.7,,,,,,,,,e27 silver pendant lamp holder,polished chrome lamp holder,pendant lamp holder,"b22, floor lamp, table lamp, led bulb, shade only, e14",0.31,0.14,"silver pendant lamp holder, e27 silver pendant lamp holder, polished chrome pendant lamp holder, e27 pendant lamp holder round cable, pendant lamp holder 1m cable, e27 pendant lamp holder uk, pendant lamp holder, e27 pendant lamp holder, silver pendant light holder, polished chrome lamp holder",,,,,,,,,,,,,,,,,,,,,,,,,,,,,,,
PHNW2RBM,https://sin1.contabostorage.com/4ad62276cb6d4a83bfb1b8a91b839703:newom/newom/newom/img/product_images/1759.jpg,,Lighting Accessory,Pendant Lamp Holder,LEDSone,,E27,-,-,-,-,,Edison Screw,Default,M10,20 mm,Yes,No,-,Smooth  Cylinder,Metal,-,PVC,Matte Black,Black,70.0,40.0,Round,Black,PVC,Smooth,3 Core,2m,Yes,"Live,Neatural,Earth",0.75 mm²,-,-,-,-,-,-,50mm,900mm,,,,PVC/Rubber Insulated,60W,220-240V,"Yes
Depend on The Switch & Bulb",50Hz,IP20,Hardwired,Pendant,Yes,Minimal,Easy,~25min,Terminal Block,Universal,"Lamp Holder, Shade Ring, Lock Nut, Cable",No,Yes,"Screwdriver,Cable Cutter",Default,-,"A60 
ST64 
G95
G80 & Al kind E27 bulbs",Yes,Yes,Recommended,Yes,No,No,Yes,,,,,,2.7,,,,,,,,,e27 yellow brass pendant lamp holder,brass lamp holder,pendant lamp holder,"b22, floor lamp, table lamp, led bulb, shade only, e14",0.31,0.14,"yellow brass pendant lamp holder, e27 yellow brass pendant lamp holder, brass pendant lamp holder, e27 pendant lamp holder round cable, pendant lamp holder 2m cable, e27 pendant lamp holder uk, pendant lamp holder, e27 pendant lamp holder, yellow brass pendant light holder, brass lamp holder",,,,,,,,,,,,,,,,,,,,,,,,,,,,,,,
PHUM1PCRCH,https://sin1.contabostorage.com/4ad62276cb6d4a83bfb1b8a91b839703:newom/newom/newom/img/product_images/1945.jpg,,Lighting Accessory,Pendant Lamp Holder,LEDSone,E27 Chrome Pendant Lamp Holder with 1m Braided Cable,E27,-,-,-,-,,Edison Screw,Yes,M10,20 mm,Yes,No,-,Smooth,Metal,-,PVC,Polished Chrome,Silver,,,Round,Clear,PVC,Smooth,3 Core,1m,Yes,"Live,Neatural,Earth",0.75 mm²,-,-,-,-,-,-,50mm,900mm,,,,PVC/Rubber Insulated,60W,220-240V,"Yes
Depend on The Switch & Bulb",50Hz,IP20,Hardwired,Pendant,Yes,Minimal,Easy,~25min,Terminal Block,Universal,"Lamp Holder, Shade Ring, Lock Nut, Cable",No,Yes,"Screwdriver,Cable Cutter",Default,-,"A60 
ST64 
G95
G80 & Al kind E27 bulbs",Yes,Yes,Recommended,Yes,No,No,Yes,,,,,,2.7,,,,,,,,,e27 black pendant lamp holder,matte black lamp holder,pendant lamp holder,"b22, floor lamp, table lamp, led bulb, shade only, e14",0.31,0.14,"black pendant lamp holder, e27 black pendant lamp holder, matte black pendant lamp holder, e27 pendant lamp holder round cable, pendant lamp holder 1m cable, e27 pendant lamp holder uk, pendant lamp holder, e27 pendant lamp holder, black pendant light holder, matte black lamp holder",,,,,,,,,,,,,,,,,,,,,,,,,,,,,,,
PHCGF1BMRBM,https://dashboard.digitweblk.com/Productimages/23679.jpeg,,Lighting Accessory,Pendant Lamp Holder,LEDSone,Adjustable Vintage Farmhouse Lamp,E28,,-,-,-,,Edison Screw,Yes,M11,21 mm,Yes,No,-,Industrial Cage,Metal,-,Ceramic,Matte Black,Black,250.0,,Round,Black,PVC,Smooth,4 Core,1m,Yes,"Live,Neatural,Earth",0.75 mm²,-,-,-,-,-,-,50mm,900mm,,,,PVC/Rubber Insulated,60W,220-240V,"Yes
Depend on The Switch & Bulb",50Hz,IP20,Hardwired,Pendant,Yes,Minimal,Easy,~25min,Terminal Block,Universal,"Lamp Holder, Shade Ring, Lock Nut, Cable",No,Yes,"Screwdriver,Cable Cutter",Default,-,"A60 
ST64 
G95
G80 & Al kind E27 bulbs",Yes,Yes,Recommended,Yes,No,No,Yes,,,,,,2.7,,,,,,,,,e27 black pendant lamp holder,matte black lamp holder,pendant lamp holder,"b22, floor lamp, table lamp, led bulb, shade only, e14",0.31,0.14,"black pendant lamp holder, e27 black pendant lamp holder, matte black pendant lamp holder, e27 pendant lamp holder round cable, pendant lamp holder 1m cable, e27 pendant lamp holder uk, pendant lamp holder, e27 pendant lamp holder, black pendant light holder, matte black lamp holder",,,,,,,,,,,,,,,,,,,,,,,,,,,,,,,
,,,,,,,,,,,,,,,,,,,,,,,,,,,,,,,,,,,,,,,,,,,,,,,,,,,,,,,,,,,,,,,,,,Default,-,,,,,,,,,,,,,,2.7,,,,,,,,,e27 yellow brass pendant lamp holder,brass lamp holder,pendant lamp holder,"b22, floor lamp, table lamp, led bulb, shade only, e14",0.31,0.14,"yellow brass pendant lamp holder, e27 yellow brass pendant lamp holder, brass pendant lamp holder, e27 pendant lamp holder round cable, pendant lamp holder 2m cable, e27 pendant lamp holder uk, pendant lamp holder, e27 pendant lamp holder, yellow brass pendant light holder, brass lamp holder",,,,,,,,,,,,,,,,,,,,,,,,,,,,,,,
PHSG1120PBRYB,https://sin1.contabostorage.com/4ad62276cb6d4a83bfb1b8a91b839703:newom/newom/newom/img/product_images/39569.jpg,,Lighting Accessory,Pendant Lamp Holder,LEDSone,,E27,Yes,1.0,1.0,M40,,Edison Screw,Yes,M10,20 mm,Yes,No,-,Smooth + Knurled Ring,Metal,Metal,Ceramic,Brass,Yellow Brass,70.0,45.0,Round,Black,PVC,Smooth,3 Core,2m,Yes,"Live,Neatural,Earth",0.75 mm²,100mm,No,No,Metal,Black,,50mm,900mm,,,,PVC/Rubber Insulated,60W,220-240V,"Yes
Depend on The Switch & Bulb",50Hz,IP20,Hardwired,Ceiling Pendant,Yes,Minimal,Medium,~30 mins,Terminal Block,Junction Box,"Lamp Holder, Cable, Ceiling Rose, Mounting Bracket",Yes,Yes,Screwdriver & Cable Cutter,Default,-,"A60 
ST64 
G95
G80 & Al kind E27 bulbs",Yes,Yes,Recommended,Yes,No,No,Yes,,,,,,2.7,,,,,,,,,e27 yellow brass pendant lamp holder,brass lamp holder,pendant lamp holder,"b22, floor lamp, table lamp, led bulb, shade only, e14",0.31,0.14,"yellow brass pendant lamp holder, e27 yellow brass pendant lamp holder, brass pendant lamp holder, e27 pendant lamp holder round cable, pendant lamp holder 1m cable, e27 pendant lamp holder uk, pendant lamp holder, e27 pendant lamp holder, yellow brass pendant light holder, brass lamp holder",,,,,,,,,,,,,,,,,,,,,,,,,,,,,,,
PHFSH1PBRBM,https://sin1.contabostorage.com/4ad62276cb6d4a83bfb1b8a91b839703:newom/newom/newom/img/product_images/37505.jpg,,Lighting Accessory,Pendant Lamp Holder,LEDSone,,E27,Yes,1.0,1.0,M40,,Edison Screw,Yes,M10,20 mm,Yes,No,-,Smooth + Knurled Ring,Metal,Metal,Ceramic,Matte Black,Black,70.0,45.0,Round,Black,PVC,Smooth,3 Core,1m,Yes,"Live,Neatural,Earth",0.75 mm²,100mm,No,No,Metal,Black,,50mm,900mm,,,,PVC/Rubber Insulated,60W,220-240V,"Yes
Depend on The Switch & Bulb",50Hz,IP20,Hardwired,Ceiling Pendant,Yes,Minimal,Medium,~30 mins,Terminal Block,Junction Box,"Lamp Holder, Cable, Ceiling Rose, Mounting Bracket",Yes,Yes,Screwdriver & Cable Cutter,Default,-,"A60 
ST64 
G95
G80 & Al kind E27 bulbs",Yes,Yes,Recommended,Yes,No,No,Yes,,,,,,2.7,,,,,,,,,e27 copper pendant lamp holder,brass lamp holder,pendant lamp holder,"b22, floor lamp, table lamp, led bulb, shade only, e14",0.31,0.14,"copper pendant lamp holder, e27 copper pendant lamp holder, brass pendant lamp holder, e27 pendant lamp holder round cable, pendant lamp holder 1m cable, e27 pendant lamp holder uk, pendant lamp holder, e27 pendant lamp holder, copper pendant light holder, brass lamp holder",,,,,,,,,,,,,,,,,,,,,,,,,,,,,,,
PHFSH1PBRBM,https://sin1.contabostorage.com/4ad62276cb6d4a83bfb1b8a91b839703:newom/newom/newom/img/product_images/37505.jpg,,Lighting Accessory,Pendant Lamp Holder,LEDSone,,E27,Yes,1.0,1.0,M40,,Edison Screw,Yes,M10,20 mm,Yes,No,-,Smooth + Knurled Ring,Metal,Metal,Ceramic,Matte Black,Black,70.0,45.0,Round,Black,PVC,Smooth,3 Core,1m,Yes,"Live,Neatural,Earth",0.75 mm²,100mm,No,No,Metal,Black,,50mm,900mm,,,,PVC/Rubber Insulated,60W,220-240V,"Yes
Depend on The Switch & Bulb",50Hz,IP20,Hardwired,Ceiling Pendant,Yes,Minimal,Medium,~30 mins,Terminal Block,Junction Box,"Lamp Holder, Cable, Ceiling Rose, Mounting Bracket",Yes,Yes,Screwdriver & Cable Cutter,Default,-,"A60 
ST64 
G95
G80 & Al kind E27 bulbs",Yes,Yes,Recommended,Yes,No,No,Yes,,,,,,2.7,,,,,,,,,e27 copper pendant lamp holder,brass lamp holder,pendant lamp holder,"b22, floor lamp, table lamp, led bulb, shade only, e14",0.31,0.14,"copper pendant lamp holder, e27 copper pendant lamp holder, brass pendant lamp holder, e27 pendant lamp holder round cable, pendant lamp holder 2m cable, e27 pendant lamp holder uk, pendant lamp holder, e27 pendant lamp holder, copper pendant light holder, brass lamp holder",,,,,,,,,,,,,,,,,,,,,,,,,,,,,,,
PHSH1FBRBM,https://sin1.contabostorage.com/4ad62276cb6d4a83bfb1b8a91b839703:newom/newom/newom/img/product_images/35633.jpg,,Lighting Accessory,Pendant Lamp Holder,LEDSone,,E27,Yes,1.0,1.0,M40,,Edison Screw,Yes,M10,20 mm,Yes,No,-,Smooth + Knurled Ring,Metal,Metal,Ceramic,Matte Black,Black,70.0,45.0,Round,Black,PVC,Smooth,3 Core,1m,Yes,"Live,Neatural,Earth",0.75 mm²,100mm,No,No,Metal,Black,,50mm,900mm,,,,PVC/Rubber Insulated,60W,220-240V,"Yes
Depend on The Switch & Bulb",50Hz,IP20,Hardwired,Ceiling Pendant,Yes,Minimal,Medium,~30 mins,Terminal Block,Junction Box,"Lamp Holder, Cable, Ceiling Rose, Mounting Bracket",Yes,Yes,Screwdriver & Cable Cutter,Default,-,"A60 
ST64 
G95
G80 & Al kind E27 bulbs",Yes,Yes,Recommended,Yes,No,No,Yes,,,,,,2.7,,,,,,,,,e27 copper pendant lamp holder,brass lamp holder,pendant lamp holder,"b22, floor lamp, table lamp, led bulb, shade only, e14",0.31,0.14,"copper pendant lamp holder, e27 copper pendant lamp holder, brass pendant lamp holder, e27 pendant lamp holder round cable, pendant lamp holder 1m cable, e27 pendant lamp holder uk, pendant lamp holder, e27 pendant lamp holder, copper pendant light holder, brass lamp holder",,,,,,,,,,,,,,,,,,,,,,,,,,,,,,,
PHSHF2PBRYB,https://sin1.contabostorage.com/4ad62276cb6d4a83bfb1b8a91b839703:newom/newom/newom/img/product_images/4884.jpg,,Lighting Accessory,Pendant Lamp Holder,LEDSone,,E27,Yes,1.0,1.0,M40,,Edison Screw,Yes,M10,20 mm,Yes,No,-,Smooth + Knurled Ring,Metal,Metal,Ceramic,Brass,Yellow Brass,70.0,45.0,Round,Black,PVC,Smooth,3 Core,2m,Yes,"Live,Neatural,Earth",0.75 mm²,100mm,No,No,Metal,Black,,50mm,900mm,,,,PVC/Rubber Insulated,60W,220-240V,"Yes
Depend on The Switch & Bulb",50Hz,IP20,Hardwired,Ceiling Pendant,Yes,Minimal,Medium,~30 mins,Terminal Block,Junction Box,"Lamp Holder, Cable, Ceiling Rose, Mounting Bracket",Yes,Yes,Screwdriver & Cable Cutter,Default,-,"A60 
ST64 
G95
G80 & Al kind E27 bulbs",Yes,Yes,Recommended,Yes,No,No,Yes,,,,,,2.7,,,,,,,,,e27 copper pendant lamp holder,brass lamp holder,pendant lamp holder,"b22, floor lamp, table lamp, led bulb, shade only, e14",0.31,0.14,"copper pendant lamp holder, e27 copper pendant lamp holder, brass pendant lamp holder, e27 pendant lamp holder round cable, pendant lamp holder 2m cable, e27 pendant lamp holder uk, pendant lamp holder, e27 pendant lamp holder, copper pendant light holder, brass lamp holder",,,,,,,,,,,,,,,,,,,,,,,,,,,,,,,
PHSHF1PBRYB,https://sin1.contabostorage.com/4ad62276cb6d4a83bfb1b8a91b839703:newom/newom/newom/img/product_images/4883.jpg,,Lighting Accessory,Pendant Lamp Holder,LEDSone,,E27,Yes,1.0,1.0,M40,,Edison Screw,Yes,M10,20 mm,Yes,No,-,Smooth + Knurled Ring,Metal,Metal,Ceramic,Brass,Yellow Brass,70.0,45.0,Round,Black,PVC,Smooth,3 Core,1m,Yes,"Live,Neatural,Earth",0.75 mm²,100mm,No,No,Metal,Black,,50mm,900mm,,,,PVC/Rubber Insulated,60W,220-240V,"Yes
Depend on The Switch & Bulb",50Hz,IP20,Hardwired,Ceiling Pendant,Yes,Minimal,Medium,~30 mins,Terminal Block,Junction Box,"Lamp Holder, Cable, Ceiling Rose, Mounting Bracket",Yes,Yes,Screwdriver & Cable Cutter,Default,-,"A60 
ST64 
G95
G80 & Al kind E27 bulbs",Yes,Yes,Recommended,Yes,No,No,Yes,,,,,,2.7,,,,,,,,,e27 yellow brass pendant lamp holder,brass lamp holder,pendant lamp holder,"b22, floor lamp, table lamp, led bulb, shade only, e14",0.31,0.14,"yellow brass pendant lamp holder, e27 yellow brass pendant lamp holder, brass pendant lamp holder, e27 pendant lamp holder round cable, pendant lamp holder 2m cable, e27 pendant lamp holder uk, pendant lamp holder, e27 pendant lamp holder, yellow brass pendant light holder, brass lamp holder",,,,,,,,,,,,,,,,,,,,,,,,,,,,,,,
PHSHF1PBRCO,https://sin1.contabostorage.com/4ad62276cb6d4a83bfb1b8a91b839703:newom/newom/newom/img/product_images/4882.jpg,,Lighting Accessory,Pendant Lamp Holder,LEDSone,E27 Copper Pendant Lamp Holder with 2m PVC Cable and Black Ceiling Rose,E27,Yes,1.0,1.0,M40,,Edison Screw,Yes,M10,20 mm,Yes,No,-,Smooth + Knurled Ring,Metal,Metal,Ceramic,Brass,Copper,70.0,45.0,Round,Black,PVC,Smooth,3 Core,1m,Yes,"Live,Neatural,Earth",0.75 mm²,100mm,No,No,Metal,Black,,50mm,900mm,,,,PVC/Rubber Insulated,60W,220-240V,"Yes
Depend on The Switch & Bulb",50Hz,IP20,Hardwired,Ceiling Pendant,Yes,Minimal,Medium,~30 mins,Terminal Block,Junction Box,"Lamp Holder, Cable, Ceiling Rose, Mounting Bracket",Yes,Yes,Screwdriver & Cable Cutter,Default,-,"A60 
ST64 
G95
G80 & Al kind E27 bulbs",Yes,Yes,Recommended,Yes,No,No,Yes,,,,,,2.7,,,,,,,,,e27 yellow brass pendant lamp holder,brass lamp holder,pendant lamp holder,"b22, floor lamp, table lamp, led bulb, shade only, e14",0.31,0.14,"yellow brass pendant lamp holder, e27 yellow brass pendant lamp holder, brass pendant lamp holder, e27 pendant lamp holder round cable, pendant lamp holder 1m cable, e27 pendant lamp holder uk, pendant lamp holder, e27 pendant lamp holder, yellow brass pendant light holder, brass lamp holder",,,,,,,,,,,,,,,,,,,,,,,,,,,,,,,
PHSHF2PBRCO,https://sin1.contabostorage.com/4ad62276cb6d4a83bfb1b8a91b839703:newom/newom/newom/img/product_images/4743.jpg,,Lighting Accessory,Pendant Lamp Holder,LEDSone,,E27,Yes,1.0,1.0,M40,,Edison Screw,Yes,M10,20 mm,Yes,No,-,Smooth + Knurled Ring,Metal,Metal,Ceramic,Brass,Copper,70.0,45.0,Round,Black,PVC,Smooth,3 Core,2m,Yes,"Live,Neatural,Earth",0.75 mm²,100mm,No,No,Metal,Black,,50mm,900mm,,,,PVC/Rubber Insulated,60W,220-240V,"Yes
Depend on The Switch & Bulb",50Hz,IP20,Hardwired,Ceiling Pendant,Yes,Minimal,Medium,~30 mins,Terminal Block,Junction Box,"Lamp Holder, Cable, Ceiling Rose, Mounting Bracket",Yes,Yes,Screwdriver & Cable Cutter,Default,-,"A60 
ST64 
G95
G80 & Al kind E27 bulbs",Yes,Yes,Recommended,Yes,No,No,Yes,,,,,,2.7,,,,,,,,,e27 copper pendant lamp holder,brass lamp holder,pendant lamp holder,"b22, floor lamp, table lamp, led bulb, shade only, e14",0.31,0.14,"copper pendant lamp holder, e27 copper pendant lamp holder, brass pendant lamp holder, e27 pendant lamp holder round cable, pendant lamp holder 1m cable, e27 pendant lamp holder uk, pendant lamp holder, e27 pendant lamp holder, copper pendant light holder, brass lamp holder",,,,,,,,,,,,,,,,,,,,,,,,,,,,,,,
PHSG1PBRCCO,https://sin1.contabostorage.com/4ad62276cb6d4a83bfb1b8a91b839703:newom/newom/newom/img/product_images/35597.jpg,,Lighting Accessory,Pendant Lamp Holder,LEDSone,,E27,Yes,1.0,1.0,M40,,Edison Screw,Yes,M10,20 mm,Yes,No,-,Smooth + Knurled Ring,Metal,Metal,Ceramic,Brass,Copper,70.0,45.0,Round,Black,PVC,Smooth,3 Core,1m,Yes,"Live,Neatural,Earth",0.75 mm²,100mm,No,No,Metal,Black,,50mm,900mm,,,,PVC/Rubber Insulated,60W,220-240V,"Yes
Depend on The Switch & Bulb",50Hz,IP20,Hardwired,Ceiling Pendant,Yes,Minimal,Medium,~30 mins,Terminal Block,Junction Box,"Lamp Holder, Cable, Ceiling Rose, Mounting Bracket",Yes,Yes,Screwdriver & Cable Cutter,Default,-,"A60 
ST64 
G95
G80 & Al kind E27 bulbs",Yes,Yes,Recommended,Yes,No,No,Yes,,,,,,2.7,,,,,,,,,e27 yellow brass pendant lamp holder,brass lamp holder,pendant lamp holder,"b22, floor lamp, table lamp, led bulb, shade only, e14",0.31,0.14,"yellow brass pendant lamp holder, e27 yellow brass pendant lamp holder, brass pendant lamp holder, e27 pendant lamp holder round cable, pendant lamp holder 1m cable, e27 pendant lamp holder uk, pendant lamp holder, e27 pendant lamp holder, yellow brass pendant light holder, brass lamp holder",,,,,,,,,,,,,,,,,,,,,,,,,,,,,,,
PHSG2PBRCO,https://sin1.contabostorage.com/4ad62276cb6d4a83bfb1b8a91b839703:newom/newom/newom/img/product_images/4881.jpg,,Lighting Accessory,Pendant Lamp Holder,LEDSone,,E27,Yes,1.0,1.0,M40,,Edison Screw,Yes,M10,20 mm,Yes,No,-,Smooth + Knurled Ring,Metal,Metal,Ceramic,Brass,Copper,70.0,45.0,Round,Black,PVC,Smooth,3 Core,2m,Yes,"Live,Neatural,Earth",0.75 mm²,100mm,No,No,Metal,Black,,50mm,900mm,,,,PVC/Rubber Insulated,60W,220-240V,"Yes
Depend on The Switch & Bulb",50Hz,IP20,Hardwired,Ceiling Pendant,Yes,Minimal,Medium,~30 mins,Terminal Block,Junction Box,"Lamp Holder, Cable, Ceiling Rose, Mounting Bracket",Yes,Yes,Screwdriver & Cable Cutter,Default,-,"A60 
ST64 
G95
G80 & Al kind E27 bulbs",Yes,Yes,Recommended,Yes,No,No,Yes,,,,,,2.7,,,,,,,,,e27 white pendant lamp holder,painetd white lamp holder,pendant lamp holder,"b22, floor lamp, table lamp, led bulb, shade only, e14",0.31,0.14,"white pendant lamp holder, e27 white pendant lamp holder, painetd white pendant lamp holder, e27 pendant lamp holder twisted cable, pendant lamp holder 2m cable, e27 pendant lamp holder uk, pendant lamp holder, e27 pendant lamp holder, white pendant light holder, painetd white lamp holder",,,,,,,,,,,,,,,,,,,,,,,,,,,,,,,
PHSG2PBRYB,https://sin1.contabostorage.com/4ad62276cb6d4a83bfb1b8a91b839703:newom/newom/newom/img/product_images/4880.jpg,,Lighting Accessory,Pendant Lamp Holder,LEDSone,,E27,Yes,1.0,1.0,M40,,Edison Screw,Yes,M10,20 mm,Yes,No,-,Smooth + Knurled Ring,Metal,Metal,Ceramic,Brass,Yellow Brass,70.0,45.0,Round,Black,PVC,Smooth,3 Core,2m,Yes,"Live,Neatural,Earth",0.75 mm²,100mm,No,No,Metal,Black,,50mm,900mm,,,,PVC/Rubber Insulated,60W,220-240V,"Yes
Depend on The Switch & Bulb",50Hz,IP20,Hardwired,Ceiling Pendant,Yes,Minimal,Medium,~30 mins,Terminal Block,Junction Box,"Lamp Holder, Cable, Ceiling Rose, Mounting Bracket",Yes,Yes,Screwdriver & Cable Cutter,Default,-,"A60 
ST64 
G95
G80 & Al kind E27 bulbs",Yes,Yes,Recommended,Yes,No,No,Yes,,,,,,2.7,,,,,,,,,e27 white pendant lamp holder,painetd white lamp holder,pendant lamp holder,"b22, floor lamp, table lamp, led bulb, shade only, e14",0.31,0.14,"white pendant lamp holder, e27 white pendant lamp holder, painetd white pendant lamp holder, e27 pendant lamp holder twisted cable, pendant lamp holder 1m cable, e27 pendant lamp holder uk, pendant lamp holder, e27 pendant lamp holder, white pendant light holder, painetd white lamp holder",,,,,,,,,,,,,,,,,,,,,,,,,,,,,,,
PHSG1PBRYB,https://sin1.contabostorage.com/4ad62276cb6d4a83bfb1b8a91b839703:newom/newom/newom/img/product_images/4879.jpg,,Lighting Accessory,Pendant Lamp Holder,LEDSone,,E27,Yes,1.0,1.0,M40,,Edison Screw,Yes,M10,20 mm,Yes,No,-,Smooth + Knurled Ring,Metal,Metal,Ceramic,Brass,Yellow Brass,70.0,45.0,Round,Black,PVC,Smooth,3 Core,1m,Yes,"Live,Neatural,Earth",0.75 mm²,100mm,No,No,Metal,Black,,50mm,900mm,,,,PVC/Rubber Insulated,60W,220-240V,"Yes
Depend on The Switch & Bulb",50Hz,IP20,Hardwired,Ceiling Pendant,Yes,Minimal,Medium,~30 mins,Terminal Block,Junction Box,"Lamp Holder, Cable, Ceiling Rose, Mounting Bracket",Yes,Yes,Screwdriver & Cable Cutter,Default,-,"A60 
ST64 
G95
G80 & Al kind E27 bulbs",Yes,Yes,Recommended,Yes,No,No,Yes,,,,,,2.7,,,,,,,,,e27 white pendant lamp holder,painetd white lamp holder,pendant lamp holder,"b22, floor lamp, table lamp, led bulb, shade only, e14",0.31,0.14,"white pendant lamp holder, e27 white pendant lamp holder, painetd white pendant lamp holder, e27 pendant lamp holder round cable, pendant lamp holder 2m cable, e27 pendant lamp holder uk, pendant lamp holder, e27 pendant lamp holder, white pendant light holder, painetd white lamp holder",,,,,,,,,,,,,,,,,,,,,,,,,,,,,,,
PHSG1PBRCO,https://sin1.contabostorage.com/4ad62276cb6d4a83bfb1b8a91b839703:newom/newom/newom/img/product_images/4742.jpg,,Lighting Accessory,Pendant Lamp Holder,LEDSone,,E27,Yes,1.0,1.0,M40,,Edison Screw,Yes,M10,20 mm,Yes,No,-,Smooth + Knurled Ring,Metal,Metal,Ceramic,Brass,Copper,70.0,45.0,Round,Black,PVC,Smooth,3 Core,1m,Yes,"Live,Neatural,Earth",0.75 mm²,100mm,No,No,Metal,Black,,50mm,900mm,,,,PVC/Rubber Insulated,60W,220-240V,"Yes
Depend on The Switch & Bulb",50Hz,IP20,Hardwired,Ceiling Pendant,Yes,Minimal,Medium,~30 mins,Terminal Block,Junction Box,"Lamp Holder, Cable, Ceiling Rose, Mounting Bracket",Yes,Yes,Screwdriver & Cable Cutter,Default,-,"A60 
ST64 
G95
G80 & Al kind E27 bulbs",Yes,Yes,Recommended,Yes,No,No,Yes,,,,,,2.7,,,,,,,,,e27 white pendant lamp holder,painetd white lamp holder,pendant lamp holder,"b22, floor lamp, table lamp, led bulb, shade only, e14",0.31,0.14,"white pendant lamp holder, e27 white pendant lamp holder, painetd white pendant lamp holder, e27 pendant lamp holder round cable, pendant lamp holder 1m cable, e27 pendant lamp holder uk, pendant lamp holder, e27 pendant lamp holder, white pendant light holder, painetd white lamp holder",,,,,,,,,,,,,,,,,,,,,,,,,,,,,,,
PHSF1PBRYB,https://sin1.contabostorage.com/4ad62276cb6d4a83bfb1b8a91b839703:newom/newom/newom/img/product_images/2580.jpg,,Lighting Accessory,Pendant Lamp Holder,LEDSone,,E27,Yes,1.0,1.0,M40,,Edison Screw,Yes,M10,20 mm,Yes,No,-,Smooth + Knurled Ring,Metal,Metal,Ceramic,Brass,Yellow Brass,70.0,45.0,Round,Black,PVC,Smooth,3 Core,1m,Yes,"Live,Neatural,Earth",0.75 mm²,100mm,No,No,Metal,Black,,50mm,900mm,,,,PVC/Rubber Insulated,60W,220-240V,"Yes
Depend on The Switch & Bulb",50Hz,IP20,Hardwired,Ceiling Pendant,Yes,Minimal,Medium,~30 mins,Terminal Block,Junction Box,"Lamp Holder, Cable, Ceiling Rose, Mounting Bracket",Yes,Yes,Screwdriver & Cable Cutter,Default,-,"A60 
ST64 
G95
G80 & Al kind E27 bulbs",Yes,Yes,Recommended,Yes,No,No,Yes,,,,,,2.7,,,,,,,,,e27 black pendant lamp holder,matte black lamp holder,pendant lamp holder,"b22, floor lamp, table lamp, led bulb, shade only, e14",0.31,0.14,"black pendant lamp holder, e27 black pendant lamp holder, matte black pendant lamp holder, e27 pendant lamp holder twisted cable, pendant lamp holder 2m cable, e27 pendant lamp holder uk, pendant lamp holder, e27 pendant lamp holder, black pendant light holder, matte black lamp holder",,,,,,,,,,,,,,,,,,,,,,,,,,,,,,,
PHSF2BWTWH,https://sin1.contabostorage.com/4ad62276cb6d4a83bfb1b8a91b839703:newom/newom/newom/img/product_images/2420.jpg,,Lighting Accessory,Pendant Lamp Holder,LEDSone,,E27,Yes,1.0,1.0,M40,,Edison Screw,Yes,M10,20 mm,Yes,No,-,Smooth + Knurled Ring,Metal,Metal,Ceramic,Painetd White,White,70.0,45.0,Twisted,Black & White,Fabric Braided,Twisted Braided,3 Core,2m,Yes,"Live,Neatural,Earth",0.75 mm²,100mm,No,No,Metal,White,,50mm,900mm,,,,Fabric Braided,60W,220-240V,"Yes
Depend on The Switch & Bulb",50Hz,IP20,Hardwired,Ceiling Pendant,Yes,Minimal,Medium,~30 mins,Terminal Block,Junction Box,"Lamp Holder, Cable, Ceiling Rose, Mounting Bracket",Yes,Yes,Screwdriver & Cable Cutter,Default,-,"A60 
ST64 
G95
G80 & Al kind E27 bulbs",Yes,Yes,Recommended,Yes,No,No,Yes,,,,,,2.7,,,,,,,,,e27 white pendant lamp holder,painetd white lamp holder,pendant lamp holder,"b22, floor lamp, table lamp, led bulb, shade only, e14",0.31,0.14,"white pendant lamp holder, e27 white pendant lamp holder, painetd white pendant lamp holder, e27 pendant lamp holder twisted cable, pendant lamp holder 2m cable, e27 pendant lamp holder uk, pendant lamp holder, e27 pendant lamp holder, white pendant light holder, painetd white lamp holder",,,,,,,,,,,,,,,,,,,,,,,,,,,,,,,
PHSF1BWTWH,https://sin1.contabostorage.com/4ad62276cb6d4a83bfb1b8a91b839703:newom/newom/newom/img/product_images/2419.jpg,,Lighting Accessory,Pendant Lamp Holder,LEDSone,,E27,Yes,1.0,1.0,M40,,Edison Screw,Yes,M10,20 mm,Yes,No,-,Smooth + Knurled Ring,Metal,Metal,Ceramic,Painetd White,White,70.0,45.0,Twisted,Black & White,Fabric Braided,Twisted Braided,3 Core,1m,Yes,"Live,Neatural,Earth",0.75 mm²,100mm,No,No,Metal,White,,50mm,900mm,,,,Fabric Braided,60W,220-240V,"Yes
Depend on The Switch & Bulb",50Hz,IP20,Hardwired,Ceiling Pendant,Yes,Minimal,Medium,~30 mins,Terminal Block,Junction Box,"Lamp Holder, Cable, Ceiling Rose, Mounting Bracket",Yes,Yes,Screwdriver & Cable Cutter,Default,-,"A60 
ST64 
G95
G80 & Al kind E27 bulbs",Yes,Yes,Recommended,Yes,No,No,Yes,,,,,,2.7,,,,,,,,,e27 yellow brass pendant lamp holder,brass lamp holder,pendant lamp holder,"b22, floor lamp, table lamp, led bulb, shade only, e14",0.31,0.14,"yellow brass pendant lamp holder, e27 yellow brass pendant lamp holder, brass pendant lamp holder, e27 pendant lamp holder twisted cable, pendant lamp holder 2m cable, e27 pendant lamp holder uk, pendant lamp holder, e27 pendant lamp holder, yellow brass pendant light holder, brass lamp holder",,,,,,,,,,,,,,,,,,,,,,,,,,,,,,,
PHSF2BWRWH,https://sin1.contabostorage.com/4ad62276cb6d4a83bfb1b8a91b839703:newom/newom/newom/img/product_images/2418.jpg,,Lighting Accessory,Pendant Lamp Holder,LEDSone,,E27,Yes,1.0,1.0,M40,,Edison Screw,Yes,M10,20 mm,Yes,No,-,Smooth + Knurled Ring,Metal,Metal,Ceramic,Painetd White,White,70.0,45.0,Round,Black & White,Fabric Braided,Braided,3 Core,2m,Yes,"Live,Neatural,Earth",0.75 mm²,100mm,No,No,Metal,White,,50mm,900mm,,,,Fabric Braided,60W,220-240V,"Yes
Depend on The Switch & Bulb",50Hz,IP20,Hardwired,Ceiling Pendant,Yes,Minimal,Medium,~30 mins,Terminal Block,Junction Box,"Lamp Holder, Cable, Ceiling Rose, Mounting Bracket",Yes,Yes,Screwdriver & Cable Cutter,Default,-,"A60 
ST64 
G95
G80 & Al kind E27 bulbs",Yes,Yes,Recommended,Yes,No,No,Yes,,,,,,2.7,,,,,,,,,e27 french gold pendant lamp holder,french gold (rose gold tone) lamp holder,pendant lamp holder,"b22, floor lamp, table lamp, led bulb, shade only, e14",0.31,0.14,"french gold pendant lamp holder, e27 french gold pendant lamp holder, french gold (rose gold tone) pendant lamp holder, e27 pendant lamp holder twisted cable, pendant lamp holder 2m cable, e27 pendant lamp holder uk, pendant lamp holder, e27 pendant lamp holder, french gold pendant light holder, french gold (rose gold tone) lamp holder",,,,,,,,,,,,,,,,,,,,,,,,,,,,,,,
PHSF1BWRWH,https://sin1.contabostorage.com/4ad62276cb6d4a83bfb1b8a91b839703:newom/newom/newom/img/product_images/2417.jpg,,Lighting Accessory,Pendant Lamp Holder,LEDSone,,E27,Yes,1.0,1.0,M40,,Edison Screw,Yes,M10,20 mm,Yes,No,-,Smooth + Knurled Ring,Metal,Metal,Ceramic,Painetd White,White,70.0,45.0,Round,Black & White,Fabric Braided,Braided,3 Core,1m,Yes,"Live,Neatural,Earth",0.75 mm²,100mm,No,No,Metal,White,,50mm,900mm,,,,Fabric Braided,60W,220-240V,"Yes
Depend on The Switch & Bulb",50Hz,IP20,Hardwired,Ceiling Pendant,Yes,Minimal,Medium,~30 mins,Terminal Block,Junction Box,"Lamp Holder, Cable, Ceiling Rose, Mounting Bracket",Yes,Yes,Screwdriver & Cable Cutter,Default,-,"A60 
ST64 
G95
G80 & Al kind E27 bulbs",Yes,Yes,Recommended,Yes,No,No,Yes,,,,,,2.7,,,,,,,,,e27 rose gold pendant lamp holder,pendant lamp holder twisted cable,lamp holder with cable,"b22, floor lamp, table lamp, led bulb, shade only, e14",0.31,0.14,"rose gold pendant lamp holder, e27 rose gold pendant lamp holder, e27 pendant lamp holder twisted cable, pendant lamp holder 2m cable, e27 pendant lamp holder uk, pendant lamp holder, e27 pendant lamp holder, rose gold pendant light holder, rose gold lamp holder, pendant lamp holder twisted cable",,,,,,,,,,,,,,,,,,,,,,,,,,,,,,,
PHSF2BMTBM,https://sin1.contabostorage.com/4ad62276cb6d4a83bfb1b8a91b839703:newom/newom/newom/img/product_images/2394.jpg,,Lighting Accessory,Pendant Lamp Holder,LEDSone,,E27,Yes,1.0,1.0,M40,,Edison Screw,Yes,M10,20 mm,Yes,No,-,Smooth + Knurled Ring,Metal,Metal,Ceramic,Matte Black,Black,70.0,45.0,Twisted,Black & White,Fabric Braided,Twisted Braided,3 Core,2m,Yes,"Live,Neatural,Earth",0.75 mm²,100mm,No,No,Metal,Black,,50mm,900mm,,,,Fabric Braided,60W,220-240V,"Yes
Depend on The Switch & Bulb",50Hz,IP20,Hardwired,Ceiling Pendant,Yes,Minimal,Medium,~30 mins,Terminal Block,Junction Box,"Lamp Holder, Cable, Ceiling Rose, Mounting Bracket",Yes,Yes,Screwdriver & Cable Cutter,Default,-,"A60 
ST64 
G95
G80 & Al kind E27 bulbs",Yes,Yes,Recommended,Yes,No,No,Yes,,,,,,2.7,,,,,,,,,e27 satinnickle pendant lamp holder,brass lamp holder,pendant lamp holder,"b22, floor lamp, table lamp, led bulb, shade only, e14",0.31,0.14,"satinnickle pendant lamp holder, e27 satinnickle pendant lamp holder, brass pendant lamp holder, e27 pendant lamp holder twisted cable, pendant lamp holder 2m cable, e27 pendant lamp holder uk, pendant lamp holder, e27 pendant lamp holder, satinnickle pendant light holder, brass lamp holder",,,,,,,,,,,,,,,,,,,,,,,,,,,,,,,
PHSF2GYTWH,https://sin1.contabostorage.com/4ad62276cb6d4a83bfb1b8a91b839703:newom/newom/newom/img/product_images/2393.jpg,,Lighting Accessory,Pendant Lamp Holder,LEDSone,,E27,Yes,1.0,1.0,M40,,Edison Screw,Yes,M10,20 mm,Yes,No,-,Smooth + Knurled Ring,Metal,Metal,Ceramic,Painetd White,White,70.0,45.0,Twisted,Black & White,Fabric Braided,Twisted Braided,3 Core,2m,Yes,"Live,Neatural,Earth",0.75 mm²,100mm,No,No,Metal,White,,50mm,900mm,,,,Fabric Braided,60W,220-240V,"Yes
Depend on The Switch & Bulb",50Hz,IP20,Hardwired,Ceiling Pendant,Yes,Minimal,Medium,~30 mins,Terminal Block,Junction Box,"Lamp Holder, Cable, Ceiling Rose, Mounting Bracket",Yes,Yes,Screwdriver & Cable Cutter,Default,-,"A60 
ST64 
G95
G80 & Al kind E27 bulbs",Yes,Yes,Recommended,Yes,No,No,Yes,,,,,,2.7,,,,,,,,,e27 silver pendant lamp holder,polished chrome lamp holder,pendant lamp holder,"b22, floor lamp, table lamp, led bulb, shade only, e14",0.31,0.14,"silver pendant lamp holder, e27 silver pendant lamp holder, polished chrome pendant lamp holder, e27 pendant lamp holder twisted cable, pendant lamp holder 2m cable, e27 pendant lamp holder uk, pendant lamp holder, e27 pendant lamp holder, silver pendant light holder, polished chrome lamp holder",,,,,,,,,,,,,,,,,,,,,,,,,,,,,,,
PHSF2GDTYB,https://sin1.contabostorage.com/4ad62276cb6d4a83bfb1b8a91b839703:newom/newom/newom/img/product_images/2392.jpg,,Lighting Accessory,Pendant Lamp Holder,LEDSone,,E27,Yes,1.0,1.0,M40,,Edison Screw,Yes,M10,20 mm,Yes,No,-,Smooth + Knurled Ring,Metal,Metal,Ceramic,Brass,Yellow Brass,90.0,45.0,Twisted,Gold,Fabric Braided,Twisted Braided,3 Core,2m,Yes,"Live,Neatural,Earth",0.75 mm²,100mm,No,No,Metal,Yellow Brass,,50mm,900mm,,,,,60W,220-240V,"Yes
Depend on The Switch & Bulb",50Hz,IP20,Hardwired,Ceiling Pendant,Yes,Minimal,Medium,~30 mins,Terminal Block,Junction Box,"Lamp Holder, Cable, Ceiling Rose, Mounting Bracket",Yes,Yes,Screwdriver & Cable Cutter,Default,-,"A60 
ST64 
G95
G80 & Al kind E27 bulbs",Yes,Yes,Recommended,Yes,No,No,Yes,,,,,,2.7,,,,,,,,,e27 copper pendant lamp holder,brass lamp holder,pendant lamp holder,"b22, floor lamp, table lamp, led bulb, shade only, e14",0.31,0.14,"copper pendant lamp holder, e27 copper pendant lamp holder, brass pendant lamp holder, e27 pendant lamp holder twisted cable, pendant lamp holder 2m cable, e27 pendant lamp holder uk, pendant lamp holder, e27 pendant lamp holder, copper pendant light holder, brass lamp holder",,,,,,,,,,,,,,,,,,,,,,,,,,,,,,,
PHSF2GDTFG,https://sin1.contabostorage.com/4ad62276cb6d4a83bfb1b8a91b839703:newom/newom/newom/img/product_images/2391.jpg,,Lighting Accessory,Pendant Lamp Holder,LEDSone,,E27,Yes,1.0,1.0,M40,,Edison Screw,Yes,M10,20 mm,Yes,No,-,Smooth + Knurled Ring,Metal,Metal,Ceramic,French Gold (Rose Gold Tone),French Gold,90.0,45.0,Twisted,French Gold,Fabric Braided,Twisted Braided,3 Core,2m,Yes,"Live,Neatural,Earth",0.75 mm²,100mm,No,No,Metal,French Gold,,50mm,900mm,,,,,60W,220-240V,"Yes
Depend on The Switch & Bulb",50Hz,IP20,Hardwired,Ceiling Pendant,Yes,Minimal,Medium,~30 mins,Terminal Block,Junction Box,"Lamp Holder, Cable, Ceiling Rose, Mounting Bracket",Yes,Yes,Screwdriver & Cable Cutter,Default,-,"A60 
ST64 
G95
G80 & Al kind E27 bulbs",Yes,Yes,Recommended,Yes,No,No,Yes,,,,,,2.7,,,,,,,,,e27 blacks pendant lamp holder,gloss lamp holder,pendant lamp holder,"b22, floor lamp, table lamp, led bulb, shade only, e14",0.31,0.14,"blacks pendant lamp holder, e27 blacks pendant lamp holder, gloss pendant lamp holder, e27 pendant lamp holder twisted cable, pendant lamp holder 2m cable, e27 pendant lamp holder uk, pendant lamp holder, e27 pendant lamp holder, blacks pendant light holder, gloss lamp holder",,,,,,,,,,,,,,,,,,,,,,,,,,,,,,,
PHSF2ROTRO,https://sin1.contabostorage.com/4ad62276cb6d4a83bfb1b8a91b839703:newom/newom/newom/img/product_images/2390.jpg,,Lighting Accessory,Pendant Lamp Holder,LEDSone,,E27,Yes,1.0,1.0,M40,,Edison Screw,Yes,M10,20 mm,Yes,No,-,Smooth + Knurled Ring,Metal,Metal,Ceramic,Rose Gold,Rose Gold,90.0,45.0,Twisted,Rose Gold,Fabric Braided,Twisted Braided,3 Core,2m,Yes,"Live,Neatural,Earth",0.75 mm²,100mm,No,No,Metal,Rose Gold,,50mm,900mm,,,,,60W,220-240V,"Yes
Depend on The Switch & Bulb",50Hz,IP20,Hardwired,Ceiling Pendant,Yes,Minimal,Medium,~30 mins,Terminal Block,Junction Box,"Lamp Holder, Cable, Ceiling Rose, Mounting Bracket",Yes,Yes,Screwdriver & Cable Cutter,Default,-,"A60 
ST64 
G95
G80 & Al kind E27 bulbs",Yes,Yes,Recommended,Yes,No,No,Yes,,,,,,2.7,,,,,,,,,e27 yellow brass pendant lamp holder,brass lamp holder,pendant lamp holder,"b22, floor lamp, table lamp, led bulb, shade only, e14",0.31,0.14,"yellow brass pendant lamp holder, e27 yellow brass pendant lamp holder, brass pendant lamp holder, e27 pendant lamp holder twisted cable, pendant lamp holder 2m cable, e27 pendant lamp holder uk, pendant lamp holder, e27 pendant lamp holder, yellow brass pendant light holder, brass lamp holder",,,,,,,,,,,,,,,,,,,,,,,,,,,,,,,
PHSF2BWTSN,https://sin1.contabostorage.com/4ad62276cb6d4a83bfb1b8a91b839703:newom/newom/newom/img/product_images/2389.jpg,,Lighting Accessory,Pendant Lamp Holder,LEDSone,,E27,Yes,1.0,1.0,M40,,Edison Screw,Yes,M10,20 mm,Yes,No,-,Smooth + Knurled Ring,Metal,Metal,Ceramic,Brass,Satinnickle,90.0,45.0,Twisted,Black & White,Fabric Braided,Twisted Braided,3 Core,2m,Yes,"Live,Neatural,Earth",0.75 mm²,100mm,No,No,Metal,Satin Nickel,,50mm,900mm,,,,,60W,220-240V,"Yes
Depend on The Switch & Bulb",50Hz,IP20,Hardwired,Ceiling Pendant,Yes,Minimal,Medium,~30 mins,Terminal Block,Junction Box,"Lamp Holder, Cable, Ceiling Rose, Mounting Bracket",Yes,Yes,Screwdriver & Cable Cutter,Default,-,"A60 
ST64 
G95
G80 & Al kind E27 bulbs",Yes,Yes,Recommended,Yes,No,No,Yes,,,,,,2.7,,,,,,,,,e27 white pendant lamp holder,painetd white lamp holder,pendant lamp holder,"b22, floor lamp, table lamp, led bulb, shade only, e14",0.31,0.14,"white pendant lamp holder, e27 white pendant lamp holder, painetd white pendant lamp holder, e27 pendant lamp holder round cable, pendant lamp holder 2m cable, e27 pendant lamp holder uk, pendant lamp holder, e27 pendant lamp holder, white pendant light holder, painetd white lamp holder",,,,,,,,,,,,,,,,,,,,,,,,,,,,,,,
PHSF2GYTCH,https://sin1.contabostorage.com/4ad62276cb6d4a83bfb1b8a91b839703:newom/newom/newom/img/product_images/2387.jpg,,Lighting Accessory,Pendant Lamp Holder,LEDSone,E27 Chrome Pendant Lamp Holder with 1m Braided Cable,E27,Yes,1.0,1.0,M40,,Edison Screw,Yes,M10,20 mm,Yes,No,-,Smooth + Knurled Ring,Metal,Metal,Ceramic,Polished Chrome,Silver,90.0,45.0,Twisted,Gray,Fabric Braided,Twisted Braided,3 Core,2m,Yes,"Live,Neatural,Earth",0.75 mm²,100mm,No,No,Metal,Chrome,,50mm,900mm,,,,,60W,220-240V,"Yes
Depend on The Switch & Bulb",50Hz,IP20,Hardwired,Ceiling Pendant,Yes,Minimal,Medium,~30 mins,Terminal Block,Junction Box,"Lamp Holder, Cable, Ceiling Rose, Mounting Bracket",Yes,Yes,Screwdriver & Cable Cutter,Default,-,"A60 
ST64 
G95
G80 & Al kind E27 bulbs",Yes,Yes,Recommended,Yes,No,No,Yes,,,,,,2.7,,,,,,,,,e27 satinnickle pendant lamp holder,brass lamp holder,pendant lamp holder,"b22, floor lamp, table lamp, led bulb, shade only, e14",0.31,0.14,"satinnickle pendant lamp holder, e27 satinnickle pendant lamp holder, brass pendant lamp holder, e27 pendant lamp holder round cable, pendant lamp holder 2m cable, e27 pendant lamp holder uk, pendant lamp holder, e27 pendant lamp holder, satinnickle pendant light holder, brass lamp holder",,,,,,,,,,,,,,,,,,,,,,,,,,,,,,,
PHSF2BRTCO,https://sin1.contabostorage.com/4ad62276cb6d4a83bfb1b8a91b839703:newom/newom/newom/img/product_images/2386.jpg,,Lighting Accessory,Pendant Lamp Holder,LEDSone,,E27,Yes,1.0,1.0,M40,,Edison Screw,Yes,M10,20 mm,Yes,No,-,Smooth + Knurled Ring,Metal,Metal,Ceramic,Brass,Copper,90.0,45.0,Twisted,Copper,Fabric Braided,Twisted Braided,3 Core,2m,Yes,"Live,Neatural,Earth",0.75 mm²,100mm,No,No,Metal,Copper,,50mm,900mm,,,Metal,Fabric Braided,60W,220-240V,"Yes
Depend on The Switch & Bulb",50Hz,IP20,Hardwired,Ceiling Pendant,Yes,Minimal,Medium,~30 mins,Terminal Block,Junction Box,"Lamp Holder, Cable, Ceiling Rose, Mounting Bracket",Yes,Yes,Screwdriver & Cable Cutter,Default,-,"A60 
ST64 
G95
G80 & Al kind E27 bulbs",Yes,Yes,Recommended,Yes,No,No,Yes,,,,,,2.7,,,,,,,,,e27 black pendant lamp holder,matte black lamp holder,pendant lamp holder,"b22, floor lamp, table lamp, led bulb, shade only, e14",0.31,0.14,"black pendant lamp holder, e27 black pendant lamp holder, matte black pendant lamp holder, e27 pendant lamp holder round cable, pendant lamp holder 2m cable, e27 pendant lamp holder uk, pendant lamp holder, e27 pendant lamp holder, black pendant light holder, matte black lamp holder",,,,,,,,,,,,,,,,,,,,,,,,,,,,,,,
PHSF2BMTBY,https://sin1.contabostorage.com/4ad62276cb6d4a83bfb1b8a91b839703:newom/newom/newom/img/product_images/2385.jpg,,Lighting Accessory,Pendant Lamp Holder,LEDSone,,E27,Yes,1.0,1.0,M40,,Edison Screw,Yes,M10,20 mm,Yes,No,-,Smooth + Knurled Ring,Metal,Metal,Ceramic,Gloss,Blacks,90.0,45.0,Twisted,Black,Fabric Braided,Twisted Braided,3 Core,2m,Yes,"Live,Neatural,Earth",0.75 mm²,100mm,No,No,Metal,Black,,50mm,900mm,,,,,60W,220-240V,"Yes
Depend on The Switch & Bulb",50Hz,IP20,Hardwired,Ceiling Pendant,Yes,Minimal,Medium,~30 mins,Terminal Block,Junction Box,"Lamp Holder, Cable, Ceiling Rose, Mounting Bracket",Yes,Yes,Screwdriver & Cable Cutter,Default,-,"A60 
ST64 
G95
G80 & Al kind E27 bulbs",Yes,Yes,Recommended,Yes,No,No,Yes,,,,,,2.7,,,,,,,,,e27 blacks pendant lamp holder,gloss lamp holder,pendant lamp holder,"b22, floor lamp, table lamp, led bulb, shade only, e14",0.31,0.14,"blacks pendant lamp holder, e27 blacks pendant lamp holder, gloss pendant lamp holder, e27 pendant lamp holder round cable, pendant lamp holder 2m cable, e27 pendant lamp holder uk, pendant lamp holder, e27 pendant lamp holder, blacks pendant light holder, gloss lamp holder",,,,,,,,,,,,,,,,,,,,,,,,,,,,,,,
PHSF2BMTYB,https://sin1.contabostorage.com/4ad62276cb6d4a83bfb1b8a91b839703:newom/newom/newom/img/product_images/2384.jpg,,Lighting Accessory,Pendant Lamp Holder,LEDSone,,E27,Yes,1.0,1.0,M40,,Edison Screw,Yes,M10,20 mm,Yes,No,-,Smooth + Knurled Ring,Metal,Metal,Ceramic,Brass,Yellow Brass,90.0,45.0,Twisted,Black,Fabric Braided,Twisted Braided,3 Core,2m,Yes,"Live,Neatural,Earth",0.75 mm²,100mm,No,No,Metal,Black,,50mm,900mm,,,,,60W,220-240V,"Yes
Depend on The Switch & Bulb",50Hz,IP20,Hardwired,Ceiling Pendant,Yes,Minimal,Medium,~30 mins,Terminal Block,Junction Box,"Lamp Holder, Cable, Ceiling Rose, Mounting Bracket",Yes,Yes,Screwdriver & Cable Cutter,Default,-,"A60 
ST64 
G95
G80 & Al kind E27 bulbs",Yes,Yes,Recommended,Yes,No,No,Yes,,,,,,2.7,,,,,,,,,e27 yellow brass pendant lamp holder,brass lamp holder,pendant lamp holder,"b22, floor lamp, table lamp, led bulb, shade only, e14",0.31,0.14,"yellow brass pendant lamp holder, e27 yellow brass pendant lamp holder, brass pendant lamp holder, e27 pendant lamp holder round cable, pendant lamp holder 2m cable, e27 pendant lamp holder uk, pendant lamp holder, e27 pendant lamp holder, yellow brass pendant light holder, brass lamp holder",,,,,,,,,,,,,,,,,,,,,,,,,,,,,,,
PHSF2GYRWH,https://sin1.contabostorage.com/4ad62276cb6d4a83bfb1b8a91b839703:newom/newom/newom/img/product_images/2383.jpg,,Lighting Accessory,Pendant Lamp Holder,LEDSone,,E27,Yes,1.0,1.0,M40,,Edison Screw,Yes,M10,20 mm,Yes,No,-,Smooth + Knurled Ring,Metal,Metal,Ceramic,Painetd White,White,90.0,45.0,Round,Gray,Fabric Braided,Braided,3 Core,2m,Yes,"Live,Neatural,Earth",0.75 mm²,100mm,No,No,Metal,White,,50mm,900mm,,,,,60W,220-240V,"Yes
Depend on The Switch & Bulb",50Hz,IP20,Hardwired,Ceiling Pendant,Yes,Minimal,Medium,~30 mins,Terminal Block,Junction Box,"Lamp Holder, Cable, Ceiling Rose, Mounting Bracket",Yes,Yes,Screwdriver & Cable Cutter,Default,-,"A60 
ST64 
G95
G80 & Al kind E27 bulbs",Yes,Yes,Recommended,Yes,No,No,Yes,,,,,,2.7,,,,,,,,,e27 rose gold pendant lamp holder,pendant lamp holder round cable,lamp holder with cable,"b22, floor lamp, table lamp, led bulb, shade only, e14",0.31,0.14,"rose gold pendant lamp holder, e27 rose gold pendant lamp holder, e27 pendant lamp holder round cable, pendant lamp holder 2m cable, e27 pendant lamp holder uk, pendant lamp holder, e27 pendant lamp holder, rose gold pendant light holder, rose gold lamp holder, pendant lamp holder round cable",,,,,,,,,,,,,,,,,,,,,,,,,,,,,,,
PHSF2BWRSN,https://sin1.contabostorage.com/4ad62276cb6d4a83bfb1b8a91b839703:newom/newom/newom/img/product_images/2382.jpg,,Lighting Accessory,Pendant Lamp Holder,LEDSone,,E27,Yes,1.0,1.0,M40,,Edison Screw,Yes,M10,20 mm,Yes,No,-,Smooth + Knurled Ring,Metal,Metal,Ceramic,Brass,Satinnickle,90.0,45.0,Round,Black & White,Fabric Braided,Braided,3 Core,2m,Yes,"Live,Neatural,Earth",0.75 mm²,100mm,No,No,Metal,White,,50mm,900mm,,,,,60W,220-240V,"Yes
Depend on The Switch & Bulb",50Hz,IP20,Hardwired,Ceiling Pendant,Yes,Minimal,Medium,~30 mins,Terminal Block,Junction Box,"Lamp Holder, Cable, Ceiling Rose, Mounting Bracket",Yes,Yes,Screwdriver & Cable Cutter,Default,-,"A60 
ST64 
G95
G80 & Al kind E27 bulbs",Yes,Yes,Recommended,Yes,No,No,Yes,,,,,,2.7,,,,,,,,,e27 green brass pendant lamp holder,brass lamp holder,pendant lamp holder,"b22, floor lamp, table lamp, led bulb, shade only, e14",0.31,0.14,"green brass pendant lamp holder, e27 green brass pendant lamp holder, brass pendant lamp holder, e27 pendant lamp holder round cable, pendant lamp holder 2m cable, e27 pendant lamp holder uk, pendant lamp holder, e27 pendant lamp holder, green brass pendant light holder, brass lamp holder",,,,,,,,,,,,,,,,,,,,,,,,,,,,,,,
PHSF2BMRBM,https://sin1.contabostorage.com/4ad62276cb6d4a83bfb1b8a91b839703:newom/newom/newom/img/product_images/2381.jpg,,Lighting Accessory,Pendant Lamp Holder,LEDSone,,E27,Yes,1.0,1.0,M40,,Edison Screw,Yes,M10,20 mm,Yes,No,-,Smooth + Knurled Ring,Metal,Metal,Ceramic,Matte Black,Black,90.0,45.0,Round,Black,Fabric Braided,Braided,3 Core,2m,Yes,"Live,Neatural,Earth",0.75 mm²,100mm,No,No,Metal,Black,,50mm,900mm,,,,,60W,220-240V,"Yes
Depend on The Switch & Bulb",50Hz,IP20,Hardwired,Ceiling Pendant,Yes,Minimal,Medium,~30 mins,Terminal Block,Junction Box,"Lamp Holder, Cable, Ceiling Rose, Mounting Bracket",Yes,Yes,Screwdriver & Cable Cutter,Default,-,"A60 
ST64 
G95
G80 & Al kind E27 bulbs",Yes,Yes,Recommended,Yes,No,No,Yes,,,,,,2.7,,,,,,,,,e27 french gold pendant lamp holder,french gold (rose gold tone) lamp holder,pendant lamp holder,"b22, floor lamp, table lamp, led bulb, shade only, e14",0.31,0.14,"french gold pendant lamp holder, e27 french gold pendant lamp holder, french gold (rose gold tone) pendant lamp holder, e27 pendant lamp holder round cable, pendant lamp holder 2m cable, e27 pendant lamp holder uk, pendant lamp holder, e27 pendant lamp holder, french gold pendant light holder, french gold (rose gold tone) lamp holder",,,,,,,,,,,,,,,,,,,,,,,,,,,,,,,
PHSF2BMRBY,https://sin1.contabostorage.com/4ad62276cb6d4a83bfb1b8a91b839703:newom/newom/newom/img/product_images/2380.jpg,,Lighting Accessory,Pendant Lamp Holder,LEDSone,,E27,Yes,1.0,1.0,M40,,Edison Screw,Yes,M10,20 mm,Yes,No,-,Smooth + Knurled Ring,Metal,Metal,Ceramic,Gloss,Blacks,90.0,45.0,Round,Black,Fabric Braided,Braided,3 Core,2m,Yes,"Live,Neatural,Earth",0.75 mm²,100mm,No,No,Metal,Black,,50mm,900mm,,,,,60W,220-240V,"Yes
Depend on The Switch & Bulb",50Hz,IP20,Hardwired,Ceiling Pendant,Yes,Minimal,Medium,~30 mins,Terminal Block,Junction Box,"Lamp Holder, Cable, Ceiling Rose, Mounting Bracket",Yes,Yes,Screwdriver & Cable Cutter,Default,-,"A60 
ST64 
G95
G80 & Al kind E27 bulbs",Yes,Yes,Recommended,Yes,No,No,Yes,,,,,,2.7,,,,,,,,,e27 silver pendant lamp holder,polished chrome lamp holder,pendant lamp holder,"b22, floor lamp, table lamp, led bulb, shade only, e14",0.31,0.14,"silver pendant lamp holder, e27 silver pendant lamp holder, polished chrome pendant lamp holder, e27 pendant lamp holder round cable, pendant lamp holder 2m cable, e27 pendant lamp holder uk, pendant lamp holder, e27 pendant lamp holder, silver pendant light holder, polished chrome lamp holder",,,,,,,,,,,,,,,,,,,,,,,,,,,,,,,
PHSF2GDRYB,https://sin1.contabostorage.com/4ad62276cb6d4a83bfb1b8a91b839703:newom/newom/newom/img/product_images/2379.jpg,,Lighting Accessory,Pendant Lamp Holder,LEDSone,,E27,Yes,1.0,1.0,M40,,Edison Screw,Yes,M10,20 mm,Yes,No,-,Smooth + Knurled Ring,Metal,Metal,Ceramic,Brass,Yellow Brass,90.0,45.0,Round,Gold,Fabric Braided,Braided,3 Core,2m,Yes,"Live,Neatural,Earth",0.75 mm²,100mm,No,No,Metal,Yellow Brass,,50mm,900mm,,,,,60W,220-240V,"Yes
Depend on The Switch & Bulb",50Hz,IP20,Hardwired,Ceiling Pendant,Yes,Minimal,Medium,~30 mins,Terminal Block,Junction Box,"Lamp Holder, Cable, Ceiling Rose, Mounting Bracket",Yes,Yes,Screwdriver & Cable Cutter,Default,-,"A60 
ST64 
G95
G80 & Al kind E27 bulbs",Yes,Yes,Recommended,Yes,No,No,Yes,,,,,,2.7,,,,,,,,,e27 copper pendant lamp holder,brass lamp holder,pendant lamp holder,"b22, floor lamp, table lamp, led bulb, shade only, e14",0.31,0.14,"copper pendant lamp holder, e27 copper pendant lamp holder, brass pendant lamp holder, e27 pendant lamp holder round cable, pendant lamp holder 2m cable, e27 pendant lamp holder uk, pendant lamp holder, e27 pendant lamp holder, copper pendant light holder, brass lamp holder",,,,,,,,,,,,,,,,,,,,,,,,,,,,,,,
PHSF2RORRO,https://sin1.contabostorage.com/4ad62276cb6d4a83bfb1b8a91b839703:newom/newom/newom/img/product_images/2378.jpg,,Lighting Accessory,Pendant Lamp Holder,LEDSone,,E27,Yes,1.0,1.0,M40,,Edison Screw,Yes,M10,20 mm,Yes,No,-,Smooth + Knurled Ring,Metal,Metal,Ceramic,Rose Gold,Rose Gold,90.0,45.0,Round,Pink,Fabric Braided,Braided,3 Core,2m,Yes,"Live,Neatural,Earth",0.75 mm²,100mm,No,No,Metal,Rose Gold,,50mm,900mm,,,,,60W,220-240V,"Yes
Depend on The Switch & Bulb",50Hz,IP20,Hardwired,Ceiling Pendant,Yes,Minimal,Medium,~30 mins,Terminal Block,Junction Box,"Lamp Holder, Cable, Ceiling Rose, Mounting Bracket",Yes,Yes,Screwdriver & Cable Cutter,Default,-,"A60 
ST64 
G95
G80 & Al kind E27 bulbs",Yes,Yes,Recommended,Yes,No,No,Yes,,,,,,2.7,,,,,,,,,e27 yellow brass pendant lamp holder,brass lamp holder,pendant lamp holder,"b22, floor lamp, table lamp, led bulb, shade only, e14",0.31,0.14,"yellow brass pendant lamp holder, e27 yellow brass pendant lamp holder, brass pendant lamp holder, e27 pendant lamp holder round cable, pendant lamp holder 2m cable, e27 pendant lamp holder uk, pendant lamp holder, e27 pendant lamp holder, yellow brass pendant light holder, brass lamp holder",,,,,,,,,,,,,,,,,,,,,,,,,,,,,,,
PHSF2AGRGB,https://sin1.contabostorage.com/4ad62276cb6d4a83bfb1b8a91b839703:newom/newom/newom/img/product_images/2377.jpg,,Lighting Accessory,Pendant Lamp Holder,LEDSone,,E27,Yes,1.0,1.0,M40,,Edison Screw,Yes,M10,20 mm,Yes,No,-,Smooth + Knurled Ring,Metal,Metal,Ceramic,Brass,Green Brass,90.0,45.0,Round,Green,Fabric Braided,Braided,3 Core,2m,Yes,"Live,Neatural,Earth",0.75 mm²,100mm,No,No,Metal,Green Brash,,50mm,900mm,,,,,60W,220-240V,"Yes
Depend on The Switch & Bulb",50Hz,IP20,Hardwired,Ceiling Pendant,Yes,Minimal,Medium,~30 mins,Terminal Block,Junction Box,"Lamp Holder, Cable, Ceiling Rose, Mounting Bracket",Yes,Yes,Screwdriver & Cable Cutter,Default,-,"A60 
ST64 
G95
G80 & Al kind E27 bulbs",Yes,Yes,Recommended,Yes,No,No,Yes,,,,,,2.7,,,,,,,,,e27 white pendant lamp holder,painetd white lamp holder,pendant lamp holder,"b22, floor lamp, table lamp, led bulb, shade only, e14",0.31,0.14,"white pendant lamp holder, e27 white pendant lamp holder, painetd white pendant lamp holder, e27 pendant lamp holder twisted cable, pendant lamp holder 1m cable, e27 pendant lamp holder uk, pendant lamp holder, e27 pendant lamp holder, white pendant light holder, painetd white lamp holder",,,,,,,,,,,,,,,,,,,,,,,,,,,,,,,
PHSF2GDRFG,https://sin1.contabostorage.com/4ad62276cb6d4a83bfb1b8a91b839703:newom/newom/newom/img/product_images/2376.jpg,,Lighting Accessory,Pendant Lamp Holder,LEDSone,,E27,Yes,1.0,1.0,M40,,Edison Screw,Yes,M10,20 mm,Yes,No,-,Smooth + Knurled Ring,Metal,Metal,Ceramic,French Gold (Rose Gold Tone),French Gold,90.0,45.0,Round,Gold,Fabric Braided,Braided,3 Core,2m,Yes,"Live,Neatural,Earth",0.75 mm²,100mm,No,No,Metal,French Gold,,50mm,900mm,,,,,60W,220-240V,"Yes
Depend on The Switch & Bulb",50Hz,IP20,Hardwired,Ceiling Pendant,Yes,Minimal,Medium,~30 mins,Terminal Block,Junction Box,"Lamp Holder, Cable, Ceiling Rose, Mounting Bracket",Yes,Yes,Screwdriver & Cable Cutter,Default,-,"A60 
ST64 
G95
G80 & Al kind E27 bulbs",Yes,Yes,Recommended,Yes,No,No,Yes,,,,,,2.7,,,,,,,,,e27 yellow brass pendant lamp holder,brass lamp holder,pendant lamp holder,"b22, floor lamp, table lamp, led bulb, shade only, e14",0.31,0.14,"yellow brass pendant lamp holder, e27 yellow brass pendant lamp holder, brass pendant lamp holder, e27 pendant lamp holder twisted cable, pendant lamp holder 1m cable, e27 pendant lamp holder uk, pendant lamp holder, e27 pendant lamp holder, yellow brass pendant light holder, brass lamp holder",,,,,,,,,,,,,,,,,,,,,,,,,,,,,,,
PHSF2GYRCH,https://sin1.contabostorage.com/4ad62276cb6d4a83bfb1b8a91b839703:newom/newom/newom/img/product_images/2375.jpg,,Lighting Accessory,Pendant Lamp Holder,LEDSone,E27 Chrome Pendant Lamp Holder with 1m Braided Cable,E27,Yes,1.0,1.0,M40,,Edison Screw,Yes,M10,20 mm,Yes,No,-,Smooth + Knurled Ring,Metal,Metal,Ceramic,Polished Chrome,Silver,90.0,45.0,Round,Grey,Fabric Braided,Braided,3 Core,2m,Yes,"Live,Neatural,Earth",0.75 mm²,100mm,No,No,Metal,Chrome,,50mm,900mm,,,,,60W,220-240V,"Yes
Depend on The Switch & Bulb",50Hz,IP20,Hardwired,Ceiling Pendant,Yes,Minimal,Medium,~30 mins,Terminal Block,Junction Box,"Lamp Holder, Cable, Ceiling Rose, Mounting Bracket",Yes,Yes,Screwdriver & Cable Cutter,Default,-,"A60 
ST64 
G95
G80 & Al kind E27 bulbs",Yes,Yes,Recommended,Yes,No,No,Yes,,,,,,2.7,,,,,,,,,e27 french gold pendant lamp holder,french gold (rose gold tone) lamp holder,pendant lamp holder,"b22, floor lamp, table lamp, led bulb, shade only, e14",0.31,0.14,"french gold pendant lamp holder, e27 french gold pendant lamp holder, french gold (rose gold tone) pendant lamp holder, e27 pendant lamp holder twisted cable, pendant lamp holder 1m cable, e27 pendant lamp holder uk, pendant lamp holder, e27 pendant lamp holder, french gold pendant light holder, french gold (rose gold tone) lamp holder",,,,,,,,,,,,,,,,,,,,,,,,,,,,,,,
PHSF2BRRCO,https://sin1.contabostorage.com/4ad62276cb6d4a83bfb1b8a91b839703:newom/newom/newom/img/product_images/2374.jpg,,Lighting Accessory,Pendant Lamp Holder,LEDSone,,E27,Yes,1.0,1.0,M40,,Edison Screw,Yes,M10,20 mm,Yes,No,-,Smooth + Knurled Ring,Metal,Metal,Ceramic,Brass,Copper,90.0,45.0,Round,Copper,Fabric Braided,Braided,3 Core,2m,Yes,"Live,Neatural,Earth",0.75 mm²,100mm,No,No,Metal,Copper,,50mm,900mm,,,Metal,Fabric Braided,60W,220-240V,"Yes
Depend on The Switch & Bulb",50Hz,IP20,Hardwired,Ceiling Pendant,Yes,Minimal,Medium,~30 mins,Terminal Block,Junction Box,"Lamp Holder, Cable, Ceiling Rose, Mounting Bracket",Yes,Yes,Screwdriver & Cable Cutter,Default,-,"A60 
ST64 
G95
G80 & Al kind E27 bulbs",Yes,Yes,Recommended,Yes,No,No,Yes,,,,,,2.7,,,,,,,,,e27 rose gold pendant lamp holder,pendant lamp holder twisted cable,lamp holder with cable,"b22, floor lamp, table lamp, led bulb, shade only, e14",0.31,0.14,"rose gold pendant lamp holder, e27 rose gold pendant lamp holder, e27 pendant lamp holder twisted cable, pendant lamp holder 1m cable, e27 pendant lamp holder uk, pendant lamp holder, e27 pendant lamp holder, rose gold pendant light holder, rose gold lamp holder, pendant lamp holder twisted cable",,,,,,,,,,,,,,,,,,,,,,,,,,,,,,,
PHSF2BMRYB,https://sin1.contabostorage.com/4ad62276cb6d4a83bfb1b8a91b839703:newom/newom/newom/img/product_images/2373.jpg,,Lighting Accessory,Pendant Lamp Holder,LEDSone,,E27,Yes,1.0,1.0,M40,,Edison Screw,Yes,M10,20 mm,Yes,No,-,Smooth + Knurled Ring,Metal,Metal,Ceramic,Brass,Yellow Brass,90.0,45.0,Round,Black,Fabric Braided,Braided,3 Core,2m,Yes,"Live,Neatural,Earth",0.75 mm²,100mm,No,No,Metal,Black,,50mm,900mm,,,,,60W,220-240V,"Yes
Depend on The Switch & Bulb",50Hz,IP20,Hardwired,Ceiling Pendant,Yes,Minimal,Medium,~30 mins,Terminal Block,Junction Box,"Lamp Holder, Cable, Ceiling Rose, Mounting Bracket",Yes,Yes,Screwdriver & Cable Cutter,Default,-,"A60 
ST64 
G95
G80 & Al kind E27 bulbs",Yes,Yes,Recommended,Yes,No,No,Yes,,,,,,2.7,,,,,,,,,e27 satinnickle pendant lamp holder,brass lamp holder,pendant lamp holder,"b22, floor lamp, table lamp, led bulb, shade only, e14",0.31,0.14,"satinnickle pendant lamp holder, e27 satinnickle pendant lamp holder, brass pendant lamp holder, e27 pendant lamp holder twisted cable, pendant lamp holder 1m cable, e27 pendant lamp holder uk, pendant lamp holder, e27 pendant lamp holder, satinnickle pendant light holder, brass lamp holder",,,,,,,,,,,,,,,,,,,,,,,,,,,,,,,
PHSF1GYTWH,https://sin1.contabostorage.com/4ad62276cb6d4a83bfb1b8a91b839703:newom/newom/newom/img/product_images/2337.jpg,,Lighting Accessory,Pendant Lamp Holder,LEDSone,,E27,Yes,1.0,1.0,M40,,Edison Screw,Yes,M10,20 mm,Yes,No,-,Smooth + Knurled Ring,Metal,Metal,Ceramic,Painetd White,White,90.0,45.0,Twisted,White,Fabric Braided,Twisted Braided,3 Core,1m,Yes,"Live,Neatural,Earth",0.75 mm²,100mm,No,No,Metal,White,,50mm,900mm,,,,,60W,220-240V,"Yes
Depend on The Switch & Bulb",50Hz,IP20,Hardwired,Ceiling Pendant,Yes,Minimal,Medium,~30 mins,Terminal Block,Junction Box,"Lamp Holder, Cable, Ceiling Rose, Mounting Bracket",Yes,Yes,Screwdriver & Cable Cutter,Default,-,"A60 
ST64 
G95
G80 & Al kind E27 bulbs",Yes,Yes,Recommended,Yes,No,No,Yes,,,,,,2.7,,,,,,,,,e27 green brass pendant lamp holder,brass lamp holder,pendant lamp holder,"b22, floor lamp, table lamp, led bulb, shade only, e14",0.31,0.14,"green brass pendant lamp holder, e27 green brass pendant lamp holder, brass pendant lamp holder, e27 pendant lamp holder twisted cable, pendant lamp holder 1m cable, e27 pendant lamp holder uk, pendant lamp holder, e27 pendant lamp holder, green brass pendant light holder, brass lamp holder",,,,,,,,,,,,,,,,,,,,,,,,,,,,,,,
PHSF1GDTYB,https://sin1.contabostorage.com/4ad62276cb6d4a83bfb1b8a91b839703:newom/newom/newom/img/product_images/2336.jpg,,Lighting Accessory,Pendant Lamp Holder,LEDSone,,E27,Yes,1.0,1.0,M40,,Edison Screw,Yes,M10,20 mm,Yes,No,-,Smooth + Knurled Ring,Metal,Metal,Ceramic,Brass,Yellow Brass,90.0,45.0,Twisted,Gold,Fabric Braided,Twisted Braided,3 Core,1m,Yes,"Live,Neatural,Earth",0.75 mm²,100mm,No,No,Metal,Yellow Brass,,50mm,900mm,,,,,60W,220-240V,"Yes
Depend on The Switch & Bulb",50Hz,IP20,Hardwired,Ceiling Pendant,Yes,Minimal,Medium,~30 mins,Terminal Block,Junction Box,"Lamp Holder, Cable, Ceiling Rose, Mounting Bracket",Yes,Yes,Screwdriver & Cable Cutter,Default,-,"A60 
ST64 
G95
G80 & Al kind E27 bulbs",Yes,Yes,Recommended,Yes,No,No,Yes,,,,,,2.7,,,,,,,,,e27 silver pendant lamp holder,polished chrome lamp holder,pendant lamp holder,"b22, floor lamp, table lamp, led bulb, shade only, e14",0.31,0.14,"silver pendant lamp holder, e27 silver pendant lamp holder, polished chrome pendant lamp holder, e27 pendant lamp holder twisted cable, pendant lamp holder 1m cable, e27 pendant lamp holder uk, pendant lamp holder, e27 pendant lamp holder, silver pendant light holder, polished chrome lamp holder",,,,,,,,,,,,,,,,,,,,,,,,,,,,,,,
PHSF1GDTFG,https://sin1.contabostorage.com/4ad62276cb6d4a83bfb1b8a91b839703:newom/newom/newom/img/product_images/2335.jpg,,Lighting Accessory,Pendant Lamp Holder,LEDSone,,E27,Yes,1.0,1.0,M40,,Edison Screw,Yes,M10,20 mm,Yes,No,-,Smooth + Knurled Ring,Metal,Metal,Ceramic,French Gold (Rose Gold Tone),French Gold,90.0,45.0,Twisted,Gold,Fabric Braided,Twisted Braided,3 Core,1m,Yes,"Live,Neatural,Earth",0.75 mm²,100mm,No,No,Metal,French Gold,,50mm,900mm,,,,,60W,220-240V,"Yes
Depend on The Switch & Bulb",50Hz,IP20,Hardwired,Ceiling Pendant,Yes,Minimal,Medium,~30 mins,Terminal Block,Junction Box,"Lamp Holder, Cable, Ceiling Rose, Mounting Bracket",Yes,Yes,Screwdriver & Cable Cutter,Default,-,"A60 
ST64 
G95
G80 & Al kind E27 bulbs",Yes,Yes,Recommended,Yes,No,No,Yes,,,,,,2.7,,,,,,,,,e27 copper pendant lamp holder,brass lamp holder,pendant lamp holder,"b22, floor lamp, table lamp, led bulb, shade only, e14",0.31,0.14,"copper pendant lamp holder, e27 copper pendant lamp holder, brass pendant lamp holder, e27 pendant lamp holder twisted cable, pendant lamp holder 1m cable, e27 pendant lamp holder uk, pendant lamp holder, e27 pendant lamp holder, copper pendant light holder, brass lamp holder",,,,,,,,,,,,,,,,,,,,,,,,,,,,,,,
PHSF1ROTRO,https://sin1.contabostorage.com/4ad62276cb6d4a83bfb1b8a91b839703:newom/newom/newom/img/product_images/2334.jpg,,Lighting Accessory,Pendant Lamp Holder,LEDSone,,E27,Yes,1.0,1.0,M40,,Edison Screw,Yes,M10,20 mm,Yes,No,-,Smooth + Knurled Ring,Metal,Metal,Ceramic,Rose Gold,Rose Gold,90.0,45.0,Twisted,Pinlk,Fabric Braided,Twisted Braided,3 Core,1m,Yes,"Live,Neatural,Earth",0.75 mm²,100mm,No,No,Metal,Rose Gold,,50mm,900mm,,,,,60W,220-240V,"Yes
Depend on The Switch & Bulb",50Hz,IP20,Hardwired,Ceiling Pendant,Yes,Minimal,Medium,~30 mins,Terminal Block,Junction Box,"Lamp Holder, Cable, Ceiling Rose, Mounting Bracket",Yes,Yes,Screwdriver & Cable Cutter,Default,-,"A60 
ST64 
G95
G80 & Al kind E27 bulbs",Yes,Yes,Recommended,Yes,No,No,Yes,,,,,,2.7,,,,,,,,,e27 blacks pendant lamp holder,gloss lamp holder,pendant lamp holder,"b22, floor lamp, table lamp, led bulb, shade only, e14",0.31,0.14,"blacks pendant lamp holder, e27 blacks pendant lamp holder, gloss pendant lamp holder, e27 pendant lamp holder twisted cable, pendant lamp holder 1m cable, e27 pendant lamp holder uk, pendant lamp holder, e27 pendant lamp holder, blacks pendant light holder, gloss lamp holder",,,,,,,,,,,,,,,,,,,,,,,,,,,,,,,
PHSF1BWTSN,https://sin1.contabostorage.com/4ad62276cb6d4a83bfb1b8a91b839703:newom/newom/newom/img/product_images/2333.jpg,,Lighting Accessory,Pendant Lamp Holder,LEDSone,,E27,Yes,1.0,1.0,M40,,Edison Screw,Yes,M10,20 mm,Yes,No,-,Smooth + Knurled Ring,Metal,Metal,Ceramic,Brass,Satinnickle,90.0,45.0,Twisted,Black White,Fabric Braided,Twisted Zigzag,3 Core,1m,Yes,"Live,Neatural,Earth",0.75 mm²,100mm,No,No,Metal,Satin Nickel,,50mm,900mm,,,,,60W,220-240V,"Yes
Depend on The Switch & Bulb",50Hz,IP20,Hardwired,Ceiling Pendant,Yes,Minimal,Medium,~30 mins,Terminal Block,Junction Box,"Lamp Holder, Cable, Ceiling Rose, Mounting Bracket",Yes,Yes,Screwdriver & Cable Cutter,Default,-,"A60 
ST64 
G95
G80 & Al kind E27 bulbs",Yes,Yes,Recommended,Yes,No,No,Yes,,,,,,2.7,,,,,,,,,e27 yellow brass pendant lamp holder,brass lamp holder,pendant lamp holder,"b22, floor lamp, table lamp, led bulb, shade only, e14",0.31,0.14,"yellow brass pendant lamp holder, e27 yellow brass pendant lamp holder, brass pendant lamp holder, e27 pendant lamp holder twisted cable, pendant lamp holder 1m cable, e27 pendant lamp holder uk, pendant lamp holder, e27 pendant lamp holder, yellow brass pendant light holder, brass lamp holder",,,,,,,,,,,,,,,,,,,,,,,,,,,,,,,
PHSF1AGTGB,https://sin1.contabostorage.com/4ad62276cb6d4a83bfb1b8a91b839703:newom/newom/newom/img/product_images/2332.jpg,,Lighting Accessory,Pendant Lamp Holder,LEDSone,,E27,Yes,1.0,1.0,M40,,Edison Screw,Yes,M10,20 mm,Yes,No,-,Smooth + Knurled Ring,Metal,Metal,Ceramic,Brass,Green Brass,90.0,45.0,Twisted,Green,Fabric Braided,Twisted Braided,3 Core,1m,Yes,"Live,Neatural,Earth",0.75 mm²,100mm,No,No,Metal,Green Brash,,50mm,900mm,,,,,60W,220-240V,"Yes
Depend on The Switch & Bulb",50Hz,IP20,Hardwired,Ceiling Pendant,Yes,Minimal,Medium,~30 mins,Terminal Block,Junction Box,"Lamp Holder, Cable, Ceiling Rose, Mounting Bracket",Yes,Yes,Screwdriver & Cable Cutter,Default,-,"A60 
ST64 
G95
G80 & Al kind E27 bulbs",Yes,Yes,Recommended,Yes,No,No,Yes,,,,,,2.7,,,,,,,,,e27 white pendant lamp holder,painetd white lamp holder,pendant lamp holder,"b22, floor lamp, table lamp, led bulb, shade only, e14",0.31,0.14,"white pendant lamp holder, e27 white pendant lamp holder, painetd white pendant lamp holder, e27 pendant lamp holder round cable, pendant lamp holder 1m cable, e27 pendant lamp holder uk, pendant lamp holder, e27 pendant lamp holder, white pendant light holder, painetd white lamp holder",,,,,,,,,,,,,,,,,,,,,,,,,,,,,,,
PHSF1GYTCH,https://sin1.contabostorage.com/4ad62276cb6d4a83bfb1b8a91b839703:newom/newom/newom/img/product_images/2331.jpg,,Lighting Accessory,Pendant Lamp Holder,LEDSone,E27 Chrome Pendant Lamp Holder with 1m Braided Cable,E27,Yes,1.0,1.0,M40,,Edison Screw,Yes,M10,20 mm,Yes,No,-,Smooth + Knurled Ring,Metal,Metal,Ceramic,Polished Chrome,Silver,90.0,45.0,Twisted,Gray,Fabric Braided,Twisted Braided,3 Core,1m,Yes,"Live,Neatural,Earth",0.75 mm²,100mm,No,No,Metal,Chrome,,50mm,900mm,,,,,60W,220-240V,"Yes
Depend on The Switch & Bulb",50Hz,IP20,Hardwired,Ceiling Pendant,Yes,Minimal,Medium,~30 mins,Terminal Block,Junction Box,"Lamp Holder, Cable, Ceiling Rose, Mounting Bracket",Yes,Yes,Screwdriver & Cable Cutter,Default,-,"A60 
ST64 
G95
G80 & Al kind E27 bulbs",Yes,Yes,Recommended,Yes,No,No,Yes,,,,,,2.7,,,,,,,,,e27 satinnickle pendant lamp holder,brass lamp holder,pendant lamp holder,"b22, floor lamp, table lamp, led bulb, shade only, e14",0.31,0.14,"satinnickle pendant lamp holder, e27 satinnickle pendant lamp holder, brass pendant lamp holder, e27 pendant lamp holder round cable, pendant lamp holder 1m cable, e27 pendant lamp holder uk, pendant lamp holder, e27 pendant lamp holder, satinnickle pendant light holder, brass lamp holder",,,,,,,,,,,,,,,,,,,,,,,,,,,,,,,
PHSF1BRTCO,https://sin1.contabostorage.com/4ad62276cb6d4a83bfb1b8a91b839703:newom/newom/newom/img/product_images/2330.jpg,,Lighting Accessory,Pendant Lamp Holder,LEDSone,,E27,Yes,1.0,1.0,M40,,Edison Screw,Yes,M10,20 mm,Yes,No,-,Smooth + Knurled Ring,Metal,Metal,Ceramic,Brass,Copper,90.0,45.0,Twisted,Copper,Fabric Braided,Twisted Braided,3 Core,1m,Yes,"Live,Neatural,Earth",0.75 mm²,100mm,No,No,Metal,Copper,,50mm,900mm,,,Metal,Fabric Braided,60W,220-240V,"Yes
Depend on The Switch & Bulb",50Hz,IP20,Hardwired,Ceiling Pendant,Yes,Minimal,Medium,~30 mins,Terminal Block,Junction Box,"Lamp Holder, Cable, Ceiling Rose, Mounting Bracket",Yes,Yes,Screwdriver & Cable Cutter,Default,-,"A60 
ST64 
G95
G80 & Al kind E27 bulbs",Yes,Yes,Recommended,Yes,No,No,Yes,,,,,,2.7,,,,,,,,,e27 blacks pendant lamp holder,gloss lamp holder,pendant lamp holder,"b22, floor lamp, table lamp, led bulb, shade only, e14",0.31,0.14,"blacks pendant lamp holder, e27 blacks pendant lamp holder, gloss pendant lamp holder, e27 pendant lamp holder round cable, pendant lamp holder 1m cable, e27 pendant lamp holder uk, pendant lamp holder, e27 pendant lamp holder, blacks pendant light holder, gloss lamp holder",,,,,,,,,,,,,,,,,,,,,,,,,,,,,,,
PHSF1BMTBY,https://sin1.contabostorage.com/4ad62276cb6d4a83bfb1b8a91b839703:newom/newom/newom/img/product_images/2329.jpg,,Lighting Accessory,Pendant Lamp Holder,LEDSone,,E27,Yes,1.0,1.0,M40,,Edison Screw,Yes,M10,20 mm,Yes,No,-,Smooth + Knurled Ring,Metal,Metal,Ceramic,Gloss,Blacks,90.0,45.0,Twisted,Black,Fabric Braided,Twisted Braided,3 Core,1m,Yes,"Live,Neatural,Earth",0.75 mm²,100mm,No,No,Metal,Black,,50mm,900mm,,,,,60W,220-240V,"Yes
Depend on The Switch & Bulb",50Hz,IP20,Hardwired,Ceiling Pendant,Yes,Minimal,Medium,~30 mins,Terminal Block,Junction Box,"Lamp Holder, Cable, Ceiling Rose, Mounting Bracket",Yes,Yes,Screwdriver & Cable Cutter,Default,-,"A60 
ST64 
G95
G80 & Al kind E27 bulbs",Yes,Yes,Recommended,Yes,No,No,Yes,,,,,,2.7,,,,,,,,,e27 yellow brass pendant lamp holder,brass lamp holder,pendant lamp holder,"b22, floor lamp, table lamp, led bulb, shade only, e14",0.31,0.14,"yellow brass pendant lamp holder, e27 yellow brass pendant lamp holder, brass pendant lamp holder, e27 pendant lamp holder round cable, pendant lamp holder 1m cable, e27 pendant lamp holder uk, pendant lamp holder, e27 pendant lamp holder, yellow brass pendant light holder, brass lamp holder",,,,,,,,,,,,,,,,,,,,,,,,,,,,,,,
PHSF1BMTYB,https://sin1.contabostorage.com/4ad62276cb6d4a83bfb1b8a91b839703:newom/newom/newom/img/product_images/2328.jpg,,Lighting Accessory,Pendant Lamp Holder,LEDSone,,E27,Yes,1.0,1.0,M40,,Edison Screw,Yes,M10,20 mm,Yes,No,-,Smooth + Knurled Ring,Metal,Metal,Ceramic,Brass,Yellow Brass,90.0,45.0,Twisted,Gold,Fabric Braided,Twisted Braided,3 Core,1m,Yes,"Live,Neatural,Earth",0.75 mm²,100mm,No,No,Metal,Yellow Brass,,50mm,900mm,,,,,60W,220-240V,"Yes
Depend on The Switch & Bulb",50Hz,IP20,Hardwired,Ceiling Pendant,Yes,Minimal,Medium,~30 mins,Terminal Block,Junction Box,"Lamp Holder, Cable, Ceiling Rose, Mounting Bracket",Yes,Yes,Screwdriver & Cable Cutter,Default,-,"A60 
ST64 
G95
G80 & Al kind E27 bulbs",Yes,Yes,Recommended,Yes,No,No,Yes,,,,,,2.7,,,,,,,,,e27 rose gold pendant lamp holder,pendant lamp holder round cable,lamp holder with cable,"b22, floor lamp, table lamp, led bulb, shade only, e14",0.31,0.14,"rose gold pendant lamp holder, e27 rose gold pendant lamp holder, e27 pendant lamp holder round cable, pendant lamp holder 1m cable, e27 pendant lamp holder uk, pendant lamp holder, e27 pendant lamp holder, rose gold pendant light holder, rose gold lamp holder, pendant lamp holder round cable",,,,,,,,,,,,,,,,,,,,,,,,,,,,,,,
PHSF1GYRWH,https://sin1.contabostorage.com/4ad62276cb6d4a83bfb1b8a91b839703:newom/newom/newom/img/product_images/2327.jpg,,Lighting Accessory,Pendant Lamp Holder,LEDSone,,E27,Yes,1.0,1.0,M40,,Edison Screw,Yes,M10,20 mm,Yes,No,-,Smooth + Knurled Ring,Metal,Metal,Ceramic,Painetd White,White,90.0,45.0,Round,Gray,Fabric Braided,Braided,3 Core,1m,Yes,"Live,Neatural,Earth",0.75 mm²,100mm,No,No,Metal,White,,50mm,900mm,,,,,60W,220-240V,"Yes
Depend on The Switch & Bulb",50Hz,IP20,Hardwired,Ceiling Pendant,Yes,Minimal,Medium,~30 mins,Terminal Block,Junction Box,"Lamp Holder, Cable, Ceiling Rose, Mounting Bracket",Yes,Yes,Screwdriver & Cable Cutter,Default,-,"A60 
ST64 
G95
G80 & Al kind E27 bulbs",Yes,Yes,Recommended,Yes,No,No,Yes,,,,,,2.7,,,,,,,,,e27 green brass pendant lamp holder,brass lamp holder,pendant lamp holder,"b22, floor lamp, table lamp, led bulb, shade only, e14",0.31,0.14,"green brass pendant lamp holder, e27 green brass pendant lamp holder, brass pendant lamp holder, e27 pendant lamp holder round cable, pendant lamp holder 1m cable, e27 pendant lamp holder uk, pendant lamp holder, e27 pendant lamp holder, green brass pendant light holder, brass lamp holder",,,,,,,,,,,,,,,,,,,,,,,,,,,,,,,
PHSF1BWRSN,https://sin1.contabostorage.com/4ad62276cb6d4a83bfb1b8a91b839703:newom/newom/newom/img/product_images/2326.jpg,,Lighting Accessory,Pendant Lamp Holder,LEDSone,,E27,Yes,1.0,1.0,M40,,Edison Screw,Yes,M10,20 mm,Yes,No,-,Smooth + Knurled Ring,Metal,Metal,Ceramic,Brass,Satinnickle,90.0,45.0,Round,Black White,Fabric Braided,Braided Zigzag,3 Core,1m,Yes,"Live,Neatural,Earth",0.75 mm²,100mm,No,No,Metal,Satin Nickel,,50mm,900mm,,,,,60W,220-240V,"Yes
Depend on The Switch & Bulb",50Hz,IP20,Hardwired,Ceiling Pendant,Yes,Minimal,Medium,~30 mins,Terminal Block,Junction Box,"Lamp Holder, Cable, Ceiling Rose, Mounting Bracket",Yes,Yes,Screwdriver & Cable Cutter,Default,-,"A60 
ST64 
G95
G80 & Al kind E27 bulbs",Yes,Yes,Recommended,Yes,No,No,Yes,,,,,,2.7,,,,,,,,,e27 french gold pendant lamp holder,french gold (rose gold tone) lamp holder,pendant lamp holder,"b22, floor lamp, table lamp, led bulb, shade only, e14",0.31,0.14,"french gold pendant lamp holder, e27 french gold pendant lamp holder, french gold (rose gold tone) pendant lamp holder, e27 pendant lamp holder round cable, pendant lamp holder 1m cable, e27 pendant lamp holder uk, pendant lamp holder, e27 pendant lamp holder, french gold pendant light holder, french gold (rose gold tone) lamp holder",,,,,,,,,,,,,,,,,,,,,,,,,,,,,,,
PHSF1BMRBY,https://sin1.contabostorage.com/4ad62276cb6d4a83bfb1b8a91b839703:newom/newom/newom/img/product_images/2325.jpg,,Lighting Accessory,Pendant Lamp Holder,LEDSone,,E27,Yes,1.0,1.0,M40,,Edison Screw,Yes,M10,20 mm,Yes,No,-,Smooth + Knurled Ring,Metal,Metal,Ceramic,Gloss,Blacks,90.0,45.0,Round,Black,Fabric Braided,Braided,3 Core,1m,Yes,"Live,Neatural,Earth",0.75 mm²,100mm,No,No,Metal,Black,,50mm,900mm,,,,,60W,220-240V,"Yes
Depend on The Switch & Bulb",50Hz,IP20,Hardwired,Ceiling Pendant,Yes,Minimal,Medium,~30 mins,Terminal Block,Junction Box,"Lamp Holder, Cable, Ceiling Rose, Mounting Bracket",Yes,Yes,Screwdriver & Cable Cutter,Default,-,"A60 
ST64 
G95
G80 & Al kind E27 bulbs",Yes,Yes,Recommended,Yes,No,No,Yes,,,,,,2.7,,,,,,,,,e27 silver pendant lamp holder,polished chrome lamp holder,pendant lamp holder,"b22, floor lamp, table lamp, led bulb, shade only, e14",0.31,0.14,"silver pendant lamp holder, e27 silver pendant lamp holder, polished chrome pendant lamp holder, e27 pendant lamp holder round cable, pendant lamp holder 1m cable, e27 pendant lamp holder uk, pendant lamp holder, e27 pendant lamp holder, silver pendant light holder, polished chrome lamp holder",,,,,,,,,,,,,,,,,,,,,,,,,,,,,,,
PHSF1GDRYB,https://sin1.contabostorage.com/4ad62276cb6d4a83bfb1b8a91b839703:newom/newom/newom/img/product_images/2324.jpg,,Lighting Accessory,Pendant Lamp Holder,LEDSone,,E27,Yes,1.0,1.0,M40,,Edison Screw,Yes,M10,20 mm,Yes,No,-,Smooth + Knurled Ring,Metal,Metal,Ceramic,Brass,Yellow Brass,90.0,45.0,Round,Gold,Fabric Braided,Braided,3 Core,1m,Yes,"Live,Neatural,Earth",0.75 mm²,100mm,No,No,Metal,Yellow Brass,,50mm,900mm,,,,,60W,220-240V,"Yes
Depend on The Switch & Bulb",50Hz,IP20,Hardwired,Ceiling Pendant,Yes,Minimal,Medium,~30 mins,Terminal Block,Junction Box,"Lamp Holder, Cable, Ceiling Rose, Mounting Bracket",Yes,Yes,Screwdriver & Cable Cutter,Default,-,"A60 
ST64 
G95
G80 & Al kind E27 bulbs",Yes,Yes,Recommended,Yes,No,No,Yes,,,,,,2.7,,,,,,,,,e27 copper pendant lamp holder,brass lamp holder,pendant lamp holder,"b22, floor lamp, table lamp, led bulb, shade only, e14",0.31,0.14,"copper pendant lamp holder, e27 copper pendant lamp holder, brass pendant lamp holder, e27 pendant lamp holder round cable, pendant lamp holder 1m cable, e27 pendant lamp holder uk, pendant lamp holder, e27 pendant lamp holder, copper pendant light holder, brass lamp holder",,,,,,,,,,,,,,,,,,,,,,,,,,,,,,,
PHSF1RORRO,https://sin1.contabostorage.com/4ad62276cb6d4a83bfb1b8a91b839703:newom/newom/newom/img/product_images/2323.jpg,,Lighting Accessory,Pendant Lamp Holder,LEDSone,,E27,Yes,1.0,1.0,M40,,Edison Screw,Yes,M10,20 mm,Yes,No,-,Smooth + Knurled Ring,Metal,Metal,Ceramic,Rose Gold,Rose Gold,90.0,45.0,Round,Pink,Fabric Braided,Braided,3 Core,1m,Yes,"Live,Neatural,Earth",0.75 mm²,100mm,No,No,Metal,Rose Gold,,50mm,900mm,,,,,60W,220-240V,"Yes
Depend on The Switch & Bulb",50Hz,IP20,Hardwired,Ceiling Pendant,Yes,Minimal,Medium,~30 mins,Terminal Block,Junction Box,"Lamp Holder, Cable, Ceiling Rose, Mounting Bracket",Yes,Yes,Screwdriver & Cable Cutter,Default,-,"A60 
ST64 
G95
G80 & Al kind E27 bulbs",Yes,Yes,Recommended,Yes,No,No,Yes,,,,,,2.7,,,,,,,,,e27 yellow brass pendant lamp holder,brass lamp holder,pendant lamp holder,"b22, floor lamp, table lamp, led bulb, shade only, e14",0.31,0.14,"yellow brass pendant lamp holder, e27 yellow brass pendant lamp holder, brass pendant lamp holder, e27 pendant lamp holder round cable, pendant lamp holder 1m cable, e27 pendant lamp holder uk, pendant lamp holder, e27 pendant lamp holder, yellow brass pendant light holder, brass lamp holder",,,,,,,,,,,,,,,,,,,,,,,,,,,,,,,
PHSF1AGRGB,https://sin1.contabostorage.com/4ad62276cb6d4a83bfb1b8a91b839703:newom/newom/newom/img/product_images/2322.jpg,,Lighting Accessory,Pendant Lamp Holder,LEDSone,,E27,Yes,1.0,1.0,M40,,Edison Screw,Yes,M10,20 mm,Yes,No,-,Smooth + Knurled Ring,Metal,Material,Ceramic,Brass,Green Brass,90.0,45.0,Round,Green,Fabric Braided,Braided,3 Core,1m,Yes,"Live,Neatural,Earth",0.75 mm²,100mm,No,No,Metal,Green Brash,,50mm,900mm,,,,,60W,220-240V,"Yes
Depend on The Switch & Bulb",50Hz,IP20,Hardwired,Ceiling Pendant,Yes,Minimal,Medium,~30 mins,Terminal Block,Junction Box,"Lamp Holder, Cable, Ceiling Rose, Mounting Bracket",Yes,Yes,Screwdriver & Cable Cutter,Default,-,"A60 
ST64 
G95
G80 & Al kind E27 bulbs",Yes,Yes,Recommended,Yes,No,No,Yes,,,,,,2.7,,,,,,,,,e27 black pendant lamp holder,matte black lamp holder,pendant lamp holder,"b22, floor lamp, table lamp, led bulb, shade only, e14",0.31,0.14,"black pendant lamp holder, e27 black pendant lamp holder, matte black pendant lamp holder, e27 pendant lamp holder round cable, pendant lamp holder 1m cable, e27 pendant lamp holder uk, pendant lamp holder, e27 pendant lamp holder, black pendant light holder, matte black lamp holder",,,,,,,,,,,,,,,,,,,,,,,,,,,,,,,
PHSF1GDRFG,https://sin1.contabostorage.com/4ad62276cb6d4a83bfb1b8a91b839703:newom/newom/newom/img/product_images/2321.jpg,,Lighting Accessory,Pendant Lamp Holder,LEDSone,,E27,Yes,1.0,1.0,M40,,Edison Screw,Yes,M10,20 mm,Yes,No,-,Smooth + Knurled Ring,Metal,Metal,Ceramic,French Gold (Rose Gold Tone),French Gold,90.0,45.0,Round,YEllow,Fabric Braided,Braided,3 Core,1m,Yes,"Live,Neatural,Earth",0.75 mm²,100mm,No,No,Metal,French Gold,,50mm,900mm,,,,,60W,220-240V,"Yes
Depend on The Switch & Bulb",50Hz,IP20,Hardwired,Ceiling Pendant,Yes,Minimal,Medium,~30 mins,Terminal Block,Junction Box,"Lamp Holder, Cable, Ceiling Rose, Mounting Bracket",Yes,Yes,Screwdriver & Cable Cutter,Default,-,"A60 
ST64 
G95
G80 & Al kind E27 bulbs",Yes,Yes,Recommended,Yes,No,No,Yes,,,,,,2.7,,,,,,,,,e27 black pendant lamp holder,matte black lamp holder,pendant lamp holder,"b22, floor lamp, table lamp, led bulb, shade only, e14",0.31,0.14,"black pendant lamp holder, e27 black pendant lamp holder, matte black pendant lamp holder, e27 pendant lamp holder twisted cable, pendant lamp holder 1m cable, e27 pendant lamp holder uk, pendant lamp holder, e27 pendant lamp holder, black pendant light holder, matte black lamp holder",,,,,,,,,,,,,,,,,,,,,,,,,,,,,,,
PHSF1GYRCH,https://sin1.contabostorage.com/4ad62276cb6d4a83bfb1b8a91b839703:newom/newom/newom/img/product_images/2320.jpg,,Lighting Accessory,Pendant Lamp Holder,LEDSone,E27 Chrome Pendant Lamp Holder with 1m Braided Cable,E27,Yes,1.0,1.0,M40,,Edison Screw,Yes,M10,20 mm,Yes,No,-,Smooth + Knurled Ring,Metal,Metal,Ceramic,Polished Chrome,Silver,90.0,45.0,Round,Gray,Fabric Braided,Braided,3 Core,1m,Yes,"Live,Neatural,Earth",0.75 mm²,100mm,No,No,Metal,Chrome,,50mm,900mm,,,,,60W,220-240V,"Yes
Depend on The Switch & Bulb",50Hz,IP20,Hardwired,Ceiling Pendant,Yes,Minimal,Medium,~30 mins,Terminal Block,Junction Box,"Lamp Holder, Cable, Ceiling Rose, Mounting Bracket",Yes,Yes,Screwdriver & Cable Cutter,Default,-,"A60 
ST64 
G95
G80 & Al kind E27 bulbs",Yes,Yes,Recommended,Yes,No,No,Yes,,,,,,2.7,,,,,,,,,e27 black pendant lamp holder,matte black lamp holder,pendant lamp holder,"b22, floor lamp, table lamp, led bulb, shade only, e14",0.31,0.14,"black pendant lamp holder, e27 black pendant lamp holder, matte black pendant lamp holder, e27 pendant lamp holder round cable, pendant lamp holder 1m cable, e27 pendant lamp holder uk, pendant lamp holder, e27 pendant lamp holder, black pendant light holder, matte black lamp holder",,,,,,,,,,,,,,,,,,,,,,,,,,,,,,,
PHSF1BRRCO,https://sin1.contabostorage.com/4ad62276cb6d4a83bfb1b8a91b839703:newom/newom/newom/img/product_images/2319.jpg,,Lighting Accessory,Pendant Lamp Holder,LEDSone,,E27,Yes,1.0,1.0,M40,,Edison Screw,Yes,M10,20 mm,Yes,No,-,Smooth + Knurled Ring,Metal,Metal,Ceramic,Brass,Copper,90.0,45.0,Round,Copper,Fabric Braided,Braided,3 Core,1m,Yes,"Live,Neatural,Earth",0.75 mm²,100mm,No,No,Metal,Copper,,50mm,900mm,,,Metal,Fabric Braided,60W,220-240V,"Yes
Depend on The Switch & Bulb",50Hz,IP20,Hardwired,Ceiling Pendant,Yes,Minimal,Medium,~30 mins,Terminal Block,Junction Box,"Lamp Holder, Cable, Ceiling Rose, Mounting Bracket",Yes,Yes,Screwdriver & Cable Cutter,Default,-,"A60 
ST64 
G95
G80 & Al kind E27 bulbs",Yes,Yes,Recommended,Yes,No,No,Yes,,,,,,2.7,,,,,,,,,e27 green brass pendant lamp holder,brass lamp holder,pendant lamp holder,"b22, floor lamp, table lamp, led bulb, shade only, e14",0.31,0.14,"green brass pendant lamp holder, e27 green brass pendant lamp holder, brass pendant lamp holder, e27 pendant lamp holder round cable, pendant lamp holder 1m cable, e27 pendant lamp holder uk, pendant lamp holder, e27 pendant lamp holder, green brass pendant light holder, brass lamp holder",,,,,,,,,,,,,,,,,,,,,,,,,,,,,,,
PHSF1BMRYB,https://sin1.contabostorage.com/4ad62276cb6d4a83bfb1b8a91b839703:newom/newom/newom/img/product_images/2318.jpg,,Lighting Accessory,Pendant Lamp Holder,LEDSone,,E27,Yes,1.0,1.0,M40,,Edison Screw,Yes,M10,20 mm,Yes,No,-,Smooth + Knurled Ring,Metal,Metal,Ceramic,Brass,Yellow Brass,90.0,45.0,Round,Black,Fabric Braided,Braided,3 Core,1m,Yes,"Live,Neatural,Earth",0.75 mm²,100mm,No,No,Metal,Yellow Brass,,50mm,900mm,,,,,60W,220-240V,"Yes
Depend on The Switch & Bulb",50Hz,IP20,Hardwired,Ceiling Pendant,Yes,Minimal,Medium,~30 mins,Terminal Block,Junction Box,"Lamp Holder, Cable, Ceiling Rose, Mounting Bracket",Yes,Yes,Screwdriver & Cable Cutter,Default,-,"A60 
ST64 
G95
G80 & Al kind E27 bulbs",Yes,Yes,Recommended,Yes,No,No,Yes,,,,,,2.7,,,,,,,,,e27 black pendant lamp holder,matte black lamp holder,pendant lamp holder,"b22, floor lamp, table lamp, led bulb, shade only, e14",0.31,0.14,"black pendant lamp holder, e27 black pendant lamp holder, matte black pendant lamp holder, e27 pendant lamp holder round cable, pendant lamp holder 1m cable, e27 pendant lamp holder uk, pendant lamp holder, e27 pendant lamp holder, black pendant light holder, matte black lamp holder",,,,,,,,,,,,,,,,,,,,,,,,,,,,,,,
PHSF1BMRBM,https://sin1.contabostorage.com/4ad62276cb6d4a83bfb1b8a91b839703:newom/newom/newom/img/product_images/2339.jpg,,Lighting Accessory,Pendant Lamp Holder,LEDSone,,E27,Yes,1.0,1.0,M40,,Edison Screw,Yes,M10,20 mm,Yes,No,-,Smooth + Knurled Ring,Metal,Metal,Ceramic,Matte Black,Black,90.0,45.0,Round,Black,Fabric Braided,Braided,3 Core,1m,Yes,"Live,Neatural,Earth",0.75 mm²,100mm,No,No,Metal,Black,,50mm,900mm,,,,,60W,220-240V,"Yes
Depend on The Switch & Bulb",50Hz,IP20,Hardwired,Ceiling Pendant,Yes,Minimal,Medium,~30 mins,Terminal Block,Junction Box,"Lamp Holder, Cable, Ceiling Rose, Mounting Bracket",Yes,Yes,Screwdriver & Cable Cutter,Default,-,"A60 
ST64 
G95
G80 & Al kind E27 bulbs",Yes,Yes,Recommended,Yes,No,No,Yes,,,,,,2.7,,,,,,,,,e27 black pendant lamp holder,matte black lamp holder,pendant lamp holder,"b22, floor lamp, table lamp, led bulb, shade only, e14",0.31,0.14,"black pendant lamp holder, e27 black pendant lamp holder, matte black pendant lamp holder, e27 pendant lamp holder round cable, pendant lamp holder 1m cable, e27 pendant lamp holder uk, pendant lamp holder, e27 pendant lamp holder, black pendant light holder, matte black lamp holder",,,,,,,,,,,,,,,,,,,,,,,,,,,,,,,
PHSF1BMTBM,https://sin1.contabostorage.com/4ad62276cb6d4a83bfb1b8a91b839703:newom/newom/newom/img/product_images/2338.jpg,,Lighting Accessory,Pendant Lamp Holder,LEDSone,,E27,Yes,1.0,1.0,M40,,Edison Screw,Yes,M10,20 mm,Yes,No,-,Smooth + Knurled Ring,Metal,Metal,Ceramic,Matte Black,Black,90.0,45.0,Twisted,Black,Fabric Braided,Twisted Braided,3 Core,1m,Yes,"Live,Neatural,Earth",0.75 mm²,100mm,No,No,Metal,Black,,50mm,900mm,,,,,60W,220-240V,"Yes
Depend on The Switch & Bulb",50Hz,IP20,Hardwired,Ceiling Pendant,Yes,Minimal,Medium,~30 mins,Terminal Block,Junction Box,"Lamp Holder, Cable, Ceiling Rose, Mounting Bracket",Yes,Yes,Screwdriver & Cable Cutter,Default,-,"A60 
ST64 
G95
G80 & Al kind E27 bulbs",Yes,Yes,Recommended,Yes,No,No,Yes,,,,,,2.7,,,,,,,,,e27 black pendant lamp holder,matte black lamp holder,pendant lamp holder,"b22, floor lamp, table lamp, led bulb, shade only, e14",0.31,0.14,"black pendant lamp holder, e27 black pendant lamp holder, matte black pendant lamp holder, e27 pendant lamp holder round cable, pendant lamp holder 1m cable, e27 pendant lamp holder uk, pendant lamp holder, e27 pendant lamp holder, black pendant light holder, matte black lamp holder",,,,,,,,,,,,,,,,,,,,,,,,,,,,,,,
PHCH1F120RBM,https://sin1.contabostorage.com/4ad62276cb6d4a83bfb1b8a91b839703:newom/newom/newom/img/product_images/39544.jpg,,Lighting Accessory,Pendant Lamp Holder,LEDSone,,E27,Yes,1.0,1.0,M40,,Edison Screw,Yes,M10,20 mm,Yes,No,-,Smooth,Metal,PVC,PVC,Matte Black,Black,90.0,45.0,Round,Black,PVC,Smooth,3 Core,1m,Yes,"Live,Neatural,Earth",0.75 mm²,100mm,No,No,Metal,Black,,50mm,900mm,,,,,60W,220-240V,"Yes
Depend on The Switch & Bulb",50Hz,IP20,Hardwired,Ceiling Pendant,Yes,Minimal,Medium,~30 mins,Terminal Block,Junction Box,"Lamp Holder, Cable, Ceiling Rose, Mounting Bracket",Yes,Yes,Screwdriver & Cable Cutter,Default,-,"A60 
ST64 
G95
G80 & Al kind E27 bulbs",Yes,Yes,Recommended,Yes,No,No,Yes,,,,,,2.7,,,,,,,,,e27 black pendant lamp holder,matte black lamp holder,pendant lamp holder,"b22, floor lamp, table lamp, led bulb, shade only, e14",0.31,0.14,"black pendant lamp holder, e27 black pendant lamp holder, matte black pendant lamp holder, e27 pendant lamp holder round cable, pendant lamp holder 1m cable, e27 pendant lamp holder uk, pendant lamp holder, e27 pendant lamp holder, black pendant light holder, matte black lamp holder",,,,,,,,,,,,,,,,,,,,,,,,,,,,,,,
PHCH1GDRGB,https://sin1.contabostorage.com/4ad62276cb6d4a83bfb1b8a91b839703:newom/newom/newom/img/product_images/38752.jpg,,Lighting Accessory,Pendant Lamp Holder,LEDSone,,E27,Yes,1.0,1.0,M40,,Edison Screw,Yes,M10,20 mm,Yes,No,-,Smooth + Knurled Ring,Metal,Material,Ceramic,Brass,Green Brass,70.0,40.0,Round,Gold,Fabric Braided,Braided,3 Core,1m,Yes,"Live,Neatural,Earth",0.75 mm²,100mm,No,No,Metal,Green Brash,,50mm,900mm,,,,,60W,220-240V,"Yes
Depend on The Switch & Bulb",50Hz,IP20,Hardwired,Ceiling Pendant,Yes,Minimal,Medium,~30 mins,Terminal Block,Junction Box,"Lamp Holder, Cable, Ceiling Rose, Mounting Bracket",Yes,Yes,Screwdriver & Cable Cutter,Default,-,"A60 
ST64 
G95
G80 & Al kind E27 bulbs",Yes,Yes,Recommended,Yes,No,No,Yes,,,,,,2.7,,,,,,,,,e27 yellow brass pendant lamp holder,brass lamp holder,pendant lamp holder,"b22, floor lamp, table lamp, led bulb, shade only, e14",0.31,0.14,"yellow brass pendant lamp holder, e27 yellow brass pendant lamp holder, brass pendant lamp holder, e27 pendant lamp holder round cable, pendant lamp holder 1m cable, e27 pendant lamp holder uk, pendant lamp holder, e27 pendant lamp holder, yellow brass pendant light holder, brass lamp holder",,,,,,,,,,,,,,,,,,,,,,,,,,,,,,,
PHHT1FBRBM,https://sin1.contabostorage.com/4ad62276cb6d4a83bfb1b8a91b839703:newom/newom/newom/img/product_images/33008.jpg,,Lighting Accessory,Pendant Lamp Holder,LEDSone,,E27,Yes,1.0,1.0,M40,,Edison Screw,Yes,M10,20 mm,Yes,No,-,Smooth Cylinder,Metal,PVC,PVC,Matte Black,Black,60.0,40.0,Round,Black,Fabric Braided,Braided,3 Core,1m,Yes,"Live,Neatural,Earth",0.75 mm²,100mm,No,No,Metal,Black,,50mm,900mm,,,,,60W,220-240V,"Yes
Depend on The Switch & Bulb",50Hz,IP20,Hardwired,Ceiling Pendant,Yes,Minimal,Medium,~30 mins,Terminal Block,Junction Box,"Lamp Holder, Cable, Ceiling Rose, Mounting Bracket",Yes,Yes,Screwdriver & Cable Cutter,Default,-,"A60 
ST64 
G95
G80 & Al kind E27 bulbs",Yes,Yes,Recommended,Yes,No,No,Yes,,,,,,2.7,,,,,,,,,e27 white pendant lamp holder,painetd white lamp holder,pendant lamp holder,"b22, floor lamp, table lamp, led bulb, shade only, e14",0.31,0.14,"white pendant lamp holder, e27 white pendant lamp holder, painetd white pendant lamp holder, e27 pendant lamp holder round cable, pendant lamp holder 1m cable, e27 pendant lamp holder uk, pendant lamp holder, e27 pendant lamp holder, white pendant light holder, painetd white lamp holder",,,,,,,,,,,,,,,,,,,,,,,,,,,,,,,
PHFHT1PBRBM,https://sin1.contabostorage.com/4ad62276cb6d4a83bfb1b8a91b839703:newom/newom/newom/img/product_images/37504.jpg,,Lighting Accessory,Pendant Lamp Holder,LEDSone,,E27,Yes,1.0,1.0,M40,,Edison Screw,Yes,M10,20 mm,Yes,No,-,Smooth Cylinder,Metal,PVC,PVC,Matte Black,Black,60.0,40.0,Round,Black,Fabric Braided,Braided,3 Core,1m,Yes,"Live,Neatural,Earth",0.75 mm²,100mm,No,No,Metal,Black,,50mm,900mm,,,,,60W,220-240V,"Yes
Depend on The Switch & Bulb",50Hz,IP20,Hardwired,Ceiling Pendant,Yes,Minimal,Medium,~30 mins,Terminal Block,Junction Box,"Lamp Holder, Cable, Ceiling Rose, Mounting Bracket",Yes,Yes,Screwdriver & Cable Cutter,Default,-,"A60 
ST64 
G95
G80 & Al kind E27 bulbs",Yes,Yes,Recommended,Yes,No,No,Yes,,,,,,2.7,,,,,,,,,e27 black pendant lamp holder,matte black lamp holder,pendant lamp holder,"b22, floor lamp, table lamp, led bulb, shade only, e14",0.31,0.14,"black pendant lamp holder, e27 black pendant lamp holder, matte black pendant lamp holder, e27 pendant lamp holder round cable, pendant lamp holder 1m cable, e27 pendant lamp holder uk, pendant lamp holder, e27 pendant lamp holder, black pendant light holder, matte black lamp holder",,,,,,,,,,,,,,,,,,,,,,,,,,,,,,,
PHCH1FBRBM,https://sin1.contabostorage.com/4ad62276cb6d4a83bfb1b8a91b839703:newom/newom/newom/img/product_images/3887.jpg,,Lighting Accessory,Pendant Lamp Holder,LEDSone,,E27,Yes,1.0,1.0,M40,,Edison Screw,Yes,M10,20 mm,Yes,No,-,Smooth Cylinder,Metal,PVC,PVC,Matte Black,Black,80.0,50.0,Round,Black,Fabric Braided,Braided,3 Core,1m,Yes,"Live,Neatural,Earth",0.75 mm²,100mm,No,No,Metal,Black,,50mm,900mm,,,,,60W,220-240V,"Yes
Depend on The Switch & Bulb",50Hz,IP20,Hardwired,Ceiling Pendant,Yes,Minimal,Medium,~30 mins,Terminal Block,Junction Box,"Lamp Holder, Cable, Ceiling Rose, Mounting Bracket",Yes,Yes,Screwdriver & Cable Cutter,Default,-,"A60 
ST64 
G95
G80 & Al kind E27 bulbs",Yes,Yes,Recommended,Yes,No,No,Yes,,,,,,2.7,,,,,,,,,e27 black pendant lamp holder,matte black lamp holder,pendant lamp holder,"b22, floor lamp, table lamp, led bulb, shade only, e14",0.31,0.14,"black pendant lamp holder, e27 black pendant lamp holder, matte black pendant lamp holder, e27 pendant lamp holder round cable, pendant lamp holder 1m cable, e27 pendant lamp holder uk, pendant lamp holder, e27 pendant lamp holder, black pendant light holder, matte black lamp holder",,,,,,,,,,,,,,,,,,,,,,,,,,,,,,,
PHBR1BMRBM,https://sin1.contabostorage.com/4ad62276cb6d4a83bfb1b8a91b839703:newom/newom/newom/img/product_images/33014.jpg,,Lighting Accessory,Pendant Lamp Holder,LEDSone,,E27,Yes,1.0,1.0,M40,,Edison Screw,Yes,M10,20 mm,Yes,No,-,Smooth Cylinder,PVC,PVC,PVC,Matte Black,Black,56.0,58.0,Round,Black,Fabric Braided,Braided,3 Core,1m,Yes,"Live,Neatural,Earth",0.75 mm²,100mm,No,No,Metal,Black,,50mm,900mm,,,,,60W,220-240V,"Yes
Depend on The Switch & Bulb",50Hz,IP20,Hardwired,Ceiling Pendant,Yes,Minimal,Medium,~30 mins,Terminal Block,Junction Box,"Lamp Holder, Cable, Ceiling Rose, Mounting Bracket",Yes,Yes,Screwdriver & Cable Cutter,Default,-,"A60 
ST64 
G95
G80 & Al kind E27 bulbs",Yes,Yes,Recommended,Yes,No,No,Yes,,,,,,2.7,,,,,,,,,e27 black pendant lamp holder,matte black lamp holder,pendant lamp holder,"b22, floor lamp, table lamp, led bulb, shade only, e14",0.31,0.14,"black pendant lamp holder, e27 black pendant lamp holder, matte black pendant lamp holder, e27 pendant lamp holder round cable, pendant lamp holder 1m cable, e27 pendant lamp holder uk, pendant lamp holder, e27 pendant lamp holder, black pendant light holder, matte black lamp holder",,,,,,,,,,,,,,,,,,,,,,,,,,,,,,,
PHMF1PBRYB,https://sin1.contabostorage.com/4ad62276cb6d4a83bfb1b8a91b839703:newom/newom/newom/img/product_images/4969.jpg,,Lighting Accessory,Pendant Lamp Holder,LEDSone,,E27,-,-,-,-,,Edison Screw,No,M10,20 mm,Yes,No,-,Smooth,Metal,-,PVC,Brass,Yellow Brass,190.0,190.0,Round,Black,PVC,Smooth,3 Core,1m,Yes,"Live,Neatural,Earth",0.75 mm²,100mm,No,No,Metal,Yellow Brass,,50mm,900mm,,,,,60W,220-240V,"Yes
Depend on The Switch & Bulb",50Hz,IP20,Hardwired,Ceiling Pendant,Yes,Minimal,Medium,~30 mins,Terminal Block,Junction Box,"Lamp Holder, Cable, Ceiling Rose, Mounting Bracket",Yes,Yes,Screwdriver & Cable Cutter,Default,-,"A60 
ST64 
G95
G80 & Al kind E27 bulbs",Yes,Yes,Recommended,Yes,No,No,Yes,,,,,,2.7,,,,,,,,,e27 black pendant lamp holder,matte black lamp holder,pendant lamp holder,"b22, floor lamp, table lamp, led bulb, shade only, e14",0.31,0.14,"black pendant lamp holder, e27 black pendant lamp holder, matte black pendant lamp holder, e27 pendant lamp holder round cable, pendant lamp holder 1m cable, e27 pendant lamp holder uk, pendant lamp holder, e27 pendant lamp holder, black pendant light holder, matte black lamp holder",,,,,,,,,,,,,,,,,,,,,,,,,,,,,,,
PHMF1PBRWH,https://sin1.contabostorage.com/4ad62276cb6d4a83bfb1b8a91b839703:newom/newom/newom/img/product_images/4968.jpg,,Lighting Accessory,Pendant Lamp Holder,LEDSone,,E27,-,-,-,-,,Edison Screw,No,M10,20 mm,Yes,No,-,Smooth,Metal,-,PVC,Painetd White,White,190.0,190.0,Round,White,PVC,Smooth,3 Core,1m,Yes,"Live,Neatural,Earth",0.75 mm²,100mm,No,No,Metal,White,,50mm,900mm,,,,,60W,220-240V,"Yes
Depend on The Switch & Bulb",50Hz,IP20,Hardwired,Ceiling Pendant,Yes,Minimal,Medium,~30 mins,Terminal Block,Junction Box,"Lamp Holder, Cable, Ceiling Rose, Mounting Bracket",Yes,Yes,Screwdriver & Cable Cutter,Default,-,"A60 
ST64 
G95
G80 & Al kind E27 bulbs",Yes,Yes,Recommended,Yes,No,No,Yes,,,,,,2.7,,,,,,,,,e27 red pendant lamp holder,rustic red lamp holder,pendant lamp holder,"b22, floor lamp, table lamp, led bulb, shade only, e14",0.31,0.14,"red pendant lamp holder, e27 red pendant lamp holder, rustic red pendant lamp holder, e27 pendant lamp holder round cable, pendant lamp holder 1m cable, e27 pendant lamp holder uk, pendant lamp holder, e27 pendant lamp holder, red pendant light holder, rustic red lamp holder",,,,,,,,,,,,,,,,,,,,,,,,,,,,,,,
PHMF1PBRBM,https://sin1.contabostorage.com/4ad62276cb6d4a83bfb1b8a91b839703:newom/newom/newom/img/product_images/4967.jpg,,Lighting Accessory,Pendant Lamp Holder,LEDSone,,E27,-,-,-,-,,Edison Screw,No,M10,20 mm,Yes,No,-,Smooth,Metal,-,PVC,Matte Black,Black,190.0,190.0,Round,Black,PVC,Smooth,3 Core,1m,Yes,"Live,Neatural,Earth",0.75 mm²,100mm,No,No,Metal,Black,,50mm,900mm,,,,,60W,220-240V,"Yes
Depend on The Switch & Bulb",50Hz,IP20,Hardwired,Ceiling Pendant,Yes,Minimal,Medium,~30 mins,Terminal Block,Junction Box,"Lamp Holder, Cable, Ceiling Rose, Mounting Bracket",Yes,Yes,Screwdriver & Cable Cutter,Default,-,"A60 
ST64 
G95
G80 & Al kind E27 bulbs",Yes,Yes,Recommended,Yes,No,No,Yes,,,,,,3.44,,,,,,,,,e27 silver pendant lamp holder,brushed silver lamp holder,pendant lamp holder,"b22, floor lamp, table lamp, led bulb, shade only, e14",0.31,0.14,"silver pendant lamp holder, e27 silver pendant lamp holder, brushed silver pendant lamp holder, e27 pendant lamp holder round cable, pendant lamp holder 1m cable, e27 pendant lamp holder uk, pendant lamp holder, e27 pendant lamp holder, silver pendant light holder, brushed silver lamp holder",,,,,,,,,,,,,,,,,,,,,,,,,,,,,,,
PHDC1PBRBX,https://sin1.contabostorage.com/4ad62276cb6d4a83bfb1b8a91b839703:newom/newom/newom/img/product_images/2678.jpg,,Lighting Accessory,Pendant Lamp Holder,LEDSone,,E27,-,-,-,-,,Edison Screw,No,M10,20 mm,Yes,No,-,Smooth,Metal,-,PVC,Matte Black,Black,65.0,40.0,Round,Black,PVC,Smooth,3 Core,1m,Yes,"Live,Neatural,Earth",0.75 mm²,100mm,No,No,Metal,Black,,50mm,900mm,,,,,60W,220-240V,"Yes
Depend on The Switch & Bulb",50Hz,IP20,Hardwired,Ceiling Pendant,Yes,Minimal,Medium,~30 mins,Terminal Block,Junction Box,"Lamp Holder, Cable, Ceiling Rose, Mounting Bracket",Yes,Yes,Screwdriver & Cable Cutter,Default,-,"A60 
ST64 
G95
G80 & Al kind E27 bulbs",Yes,Yes,Recommended,Yes,No,No,Yes,,,,,,3.44,,,,,,,,,e27 brushed copper pendant lamp holder,brass lamp holder,pendant lamp holder,"b22, floor lamp, table lamp, led bulb, shade only, e14",0.31,0.14,"brushed copper pendant lamp holder, e27 brushed copper pendant lamp holder, brass pendant lamp holder, e27 pendant lamp holder round cable, pendant lamp holder 1m cable, e27 pendant lamp holder uk, pendant lamp holder, e27 pendant lamp holder, brushed copper pendant light holder, brass lamp holder",,,,,,,,,,,,,,,,,,,,,,,,,,,,,,,
PHGP1PBRBM,https://sin1.contabostorage.com/4ad62276cb6d4a83bfb1b8a91b839703:newom/newom/newom/img/product_images/2423.jpg,,Lighting Accessory,Pendant Lamp Holder,LEDSone,,E27,-,-,-,-,,Edison Screw,No,M10,20 mm,Yes,No,-,Smooth,,,,Matte Black,Black,65.0,40.0,Round,Black,PVC,Smooth,3 Core,1m,Yes,"Live,Neatural,Earth",0.75 mm²,100mm,No,No,Metal,Black,,50mm,900mm,,,,,60W,220-240V,"Yes
Depend on The Switch & Bulb",50Hz,IP20,Hardwired,Ceiling Pendant,Yes,Minimal,Medium,~30 mins,Terminal Block,Junction Box,"Lamp Holder, Cable, Ceiling Rose, Mounting Bracket",Yes,Yes,Screwdriver & Cable Cutter,Default,-,"A60 
ST64 
G95
G80 & Al kind E27 bulbs",Yes,Yes,Recommended,Yes,No,No,Yes,,,,,,3.44,,,,,,,,,e27 black pendant lamp holder,matte black lamp holder,pendant lamp holder,"b22, floor lamp, table lamp, led bulb, shade only, e14",0.31,0.14,"black pendant lamp holder, e27 black pendant lamp holder, matte black pendant lamp holder, e27 pendant lamp holder round cable, pendant lamp holder 1m cable, e27 pendant lamp holder uk, pendant lamp holder, e27 pendant lamp holder, black pendant light holder, matte black lamp holder",,,,,,,,,,,,,,,,,,,,,,,,,,,,,,,
PHPO1PBRBM,https://sin1.contabostorage.com/4ad62276cb6d4a83bfb1b8a91b839703:newom/newom/newom/img/product_images/250.jpg,,Lighting Accessory,Pendant Lamp Holder,LEDSone,,E27,-,-,-,-,,Edison Screw,No,M10,20 mm,Yes,No,-,Smooth,,,,Matte Black,Black,,75.0,Round,Black,PVC,Smooth,3 Core,1m,Yes,"Live,Neatural,Earth",0.75 mm²,100mm,No,No,Metal,Black,,50mm,900mm,,,,,60W,220-240V,"Yes
Depend on The Switch & Bulb",50Hz,IP20,Hardwired,Ceiling Pendant,Yes,Minimal,Medium,~30 mins,Terminal Block,Junction Box,"Lamp Holder, Cable, Ceiling Rose, Mounting Bracket",Yes,Yes,Screwdriver & Cable Cutter,Default,-,"A60 
ST64 
G95
G80 & Al kind E27 bulbs",Yes,Yes,Recommended,Yes,No,No,Yes,,,,,,3.44,,,,,,,,,e27 brushed brass pendant lamp holder,brass lamp holder,pendant lamp holder,"b22, floor lamp, table lamp, led bulb, shade only, e14",0.31,0.14,"brushed brass pendant lamp holder, e27 brushed brass pendant lamp holder, brass pendant lamp holder, e27 pendant lamp holder round cable, pendant lamp holder 1m cable, e27 pendant lamp holder uk, pendant lamp holder, e27 pendant lamp holder, brushed brass pendant light holder, brass lamp holder",,,,,,,,,,,,,,,,,,,,,,,,,,,,,,,
PHWL1PBRRR,https://sin1.contabostorage.com/4ad62276cb6d4a83bfb1b8a91b839703:newom/newom/newom/img/product_images/2402.jpg,,Lighting Accessory,Pendant Lamp Holder,LEDSone,,E27,-,-,-,-,,Edison Screw,No,M10,20 mm,Yes,No,-,"Smooth  Distress
Brushed Cylinder",Metal,-,PVC,Rustic Red,Red,70.0,40.0,Round,Black,PVC,Smooth,3 Core,1m,Yes,"Live,Neatural,Earth",0.75 mm²,100mm,No,No,Metal,Black,,50mm,900mm,,,,,60W,220-240V,"Yes
Depend on The Switch & Bulb",50Hz,IP20,Hardwired,Ceiling Pendant,Yes,Minimal,Medium,~30 mins,Terminal Block,Junction Box,"Lamp Holder, Cable, Ceiling Rose, Mounting Bracket",Yes,Yes,Screwdriver & Cable Cutter,Default,-,"A60 
ST64 
G95
G80 & Al kind E27 bulbs",Yes,Yes,Recommended,Yes,No,No,Yes,,,,,,3.44,,,,,,,,,e27 black pendant lamp holder,matte black lamp holder,pendant lamp holder,"b22, floor lamp, table lamp, led bulb, shade only, e14",0.31,0.14,"black pendant lamp holder, e27 black pendant lamp holder, matte black pendant lamp holder, e27 pendant lamp holder rope cable cable, pendant lamp holder 2m cable, e27 pendant lamp holder uk, pendant lamp holder, e27 pendant lamp holder, black pendant light holder, matte black lamp holder",,,,,,,,,,,,,,,,,,,,,,,,,,,,,,,
PHWL1PBRBS,https://sin1.contabostorage.com/4ad62276cb6d4a83bfb1b8a91b839703:newom/newom/newom/img/product_images/2401.jpg,,Lighting Accessory,Pendant Lamp Holder,LEDSone,,E27,-,-,-,-,,Edison Screw,No,M10,20 mm,Yes,No,-,"Smooth  Distress
Brushed Cylinder",Metal,-,PVC,Brushed Silver,Silver,70.0,40.0,Round,Black,PVC,Smooth,3 Core,1m,Yes,"Live,Neatural,Earth",0.75 mm²,100mm,No,No,Metal,Black,,50mm,900mm,,,,,60W,220-240V,"Yes
Depend on The Switch & Bulb",50Hz,IP20,Hardwired,Ceiling Pendant,Yes,Minimal,Medium,~30 mins,Terminal Block,Junction Box,"Lamp Holder, Cable, Ceiling Rose, Mounting Bracket",Yes,Yes,Screwdriver & Cable Cutter,Default,-,"A60 
ST64 
G95
G80 & Al kind E27 bulbs",Yes,Yes,Recommended,Yes,No,No,Yes,,,,,,3.44,,,,,,,,,e27 silicone red pendant lamp holder,gloss plastic finish lamp holder,pendant lamp holder,"b22, floor lamp, table lamp, led bulb, shade only, e14",0.31,0.14,"silicone red pendant lamp holder, e27 silicone red pendant lamp holder, gloss plastic finish pendant lamp holder, e27 pendant lamp holder rope cable cable, pendant lamp holder 1m cable, e27 pendant lamp holder uk, pendant lamp holder, e27 pendant lamp holder, silicone red pendant light holder, gloss plastic finish lamp holder",,,,,,,,,,,,,,,,,,,,,,,,,,,,,,,
PHWL1PBRBC,https://sin1.contabostorage.com/4ad62276cb6d4a83bfb1b8a91b839703:newom/newom/newom/img/product_images/2400.jpg,,Lighting Accessory,Pendant Lamp Holder,LEDSone,,E27,-,-,-,-,,Edison Screw,No,M10,20 mm,Yes,No,-,"Smooth  Distress
Brushed Cylinder",Metal,-,PVC,Brass,Brushed Copper,70.0,40.0,Round,Black,PVC,Smooth,3 Core,1m,Yes,"Live,Neatural,Earth",0.75 mm²,100mm,No,No,Metal,Black,,50mm,900mm,,,,,60W,220-240V,"Yes
Depend on The Switch & Bulb",50Hz,IP20,Hardwired,Ceiling Pendant,Yes,Minimal,Medium,~30 mins,Terminal Block,Junction Box,"Lamp Holder, Cable, Ceiling Rose, Mounting Bracket",Yes,Yes,Screwdriver & Cable Cutter,Default,-,"A60 
ST64 
G95
G80 & Al kind E27 bulbs",Yes,Yes,Recommended,Yes,No,No,Yes,,,,,,3.44,,,,,,,,,e27 browns pendant lamp holder,woven lamp holder,pendant lamp holder,"b22, floor lamp, table lamp, led bulb, shade only, e14",0.31,0.14,"browns pendant lamp holder, e27 browns pendant lamp holder, woven pendant lamp holder, e27 pendant lamp holder rope cable cable, pendant lamp holder 1m cable, e27 pendant lamp holder uk, pendant lamp holder, e27 pendant lamp holder, browns pendant light holder, woven lamp holder",,,,,,,,,,,,,,,,,,,,,,,,,,,,,,,
PHWL1PBRBM,https://sin1.contabostorage.com/4ad62276cb6d4a83bfb1b8a91b839703:newom/newom/newom/img/product_images/2399.jpg,,Lighting Accessory,Pendant Lamp Holder,LEDSone,,E27,-,-,-,-,,Edison Screw,No,M10,20 mm,Yes,No,-,"Smooth  Distress
Brushed Cylinder",Metal,-,PVC,Matte Black,Black,70.0,40.0,Round,Black,PVC,Smooth,3 Core,1m,Yes,"Live,Neatural,Earth",0.75 mm²,100mm,No,No,Metal,Black,,50mm,900mm,,,,,60W,220-240V,"Yes
Depend on The Switch & Bulb",50Hz,IP20,Hardwired,Ceiling Pendant,Yes,Minimal,Medium,~30 mins,Terminal Block,Junction Box,"Lamp Holder, Cable, Ceiling Rose, Mounting Bracket",Yes,Yes,Screwdriver & Cable Cutter,Default,-,"A60 
ST64 
G95
G80 & Al kind E27 bulbs",Yes,Yes,Recommended,Yes,No,No,Yes,,,,,,3.44,,,,,,,,,e27 browns pendant lamp holder,woven lamp holder,pendant lamp holder,"b22, floor lamp, table lamp, led bulb, shade only, e14",0.31,0.14,"browns pendant lamp holder, e27 browns pendant lamp holder, woven pendant lamp holder, e27 pendant lamp holder rope cable cable, pendant lamp holder 1m cable, e27 pendant lamp holder uk, pendant lamp holder, e27 pendant lamp holder, browns pendant light holder, woven lamp holder",,,,,,,,,,,,,,,,,,,,,,,,,,,,,,,
PHWL1PBRBB,https://sin1.contabostorage.com/4ad62276cb6d4a83bfb1b8a91b839703:newom/newom/newom/img/product_images/2398.jpg,,Lighting Accessory,Pendant Lamp Holder,LEDSone,,E27,-,-,-,-,,Edison Screw,No,M10,20 mm,Yes,No,-,"Smooth  Distress
Brushed Cylinder",Metal,-,PVC,Brass,Brushed Brass,70.0,40.0,Round,Black,PVC,Smooth,3 Core,1m,Yes,"Live,Neatural,Earth",0.75 mm²,100mm,No,No,Metal,Black,,50mm,900mm,,,,,60W,220-240V,"Yes
Depend on The Switch & Bulb",50Hz,IP20,Hardwired,Ceiling Pendant,Yes,Minimal,Medium,~30 mins,Terminal Block,Junction Box,"Lamp Holder, Cable, Ceiling Rose, Mounting Bracket",Yes,Yes,Screwdriver & Cable Cutter,Default,-,"A60 
ST64 
G95
G80 & Al kind E27 bulbs",Yes,Yes,Recommended,Yes,No,No,Yes,,,,,,3.44,,,,,,,,,e27 browns pendant lamp holder,woven lamp holder,pendant lamp holder,"b22, floor lamp, table lamp, led bulb, shade only, e14",0.31,0.14,"browns pendant lamp holder, e27 browns pendant lamp holder, woven pendant lamp holder, e27 pendant lamp holder rope cable cable, pendant lamp holder 2m cable, e27 pendant lamp holder uk, pendant lamp holder, e27 pendant lamp holder, browns pendant light holder, woven lamp holder",,,,,,,,,,,,,,,,,,,,,,,,,,,,,,,
PHUH2HE3TBM,https://sin1.contabostorage.com/4ad62276cb6d4a83bfb1b8a91b839703:newom/newom/newom/img/product_images/33970.jpg,,Lighting Accessory,Pendant Lamp Holder,LEDSone,Decorative Rope Pendant Light with Ceiling Rose,E27,Yes,1.0,1.0,M40,,Edison Screw,No,M10,20 mm,Yes,No,-,Rope Wrapped,Hemp / Natural Fiber Rope,PVC,PVC,Matte Black,Black,70.0,40.0,Rope Cable,Natural Hemp,Natural Fiber Rope,Twisted Rope,3 Core,2m,Yes,"Live,Neatural,Earth",0.75 mm²,100mm,No,No,Metal,Black,,50mm,900mm,,,,,60W,220-240V,"Yes
Depend on The Switch & Bulb",50Hz,IP20,Hardwired,Ceiling Pendant,Yes,Minimal,Medium,~30 mins,Terminal Block,Junction Box,"Lamp Holder, Cable, Ceiling Rose, Mounting Bracket",Yes,Yes,Screwdriver & Cable Cutter,Default,-,"A60 
ST64 
G95
G80 & Al kind E27 bulbs",Yes,Yes,Recommended,Yes,No,No,Yes,,,,,,2.7,,,,,,,,,e27 black pendant lamp holder,matte black lamp holder,pendant lamp holder,"b22, floor lamp, table lamp, led bulb, shade only, e14",0.31,0.14,"black pendant lamp holder, e27 black pendant lamp holder, matte black pendant lamp holder, e27 pendant lamp holder rope cable cable, pendant lamp holder 2m cable, e27 pendant lamp holder uk, pendant lamp holder, e27 pendant lamp holder, black pendant light holder, matte black lamp holder",,,,,,,,,,,,,,,,,,,,,,,,,,,,,,,
PHHR1BRTRE,https://sin1.contabostorage.com/4ad62276cb6d4a83bfb1b8a91b839703:newom/newom/newom/img/product_images/4918.jpg,,Lighting Accessory,Pendant Lamp Holder,LEDSone,Decorative Rope Pendant Light with Ceiling Rose,E27,-,-,-,-,,Edison Screw,No,M10,20 mm,Yes,No,-,Rope Wrapped,Hemp / Natural Fiber Rope,PVC,PVC,Gloss Plastic Finish,Silicone Red,70.0,40.0,Rope Cable,Red,Natural Fiber Rope,Twisted Rope,3 Core,1m,Yes,"Live,Neatural,Earth",0.75 mm²,100mm,No,No,Metal,Black,,50mm,900mm,,,,,60W,220-240V,"Yes
Depend on The Switch & Bulb",50Hz,IP20,Hardwired,Ceiling Pendant,Yes,Minimal,Medium,~30 mins,Terminal Block,Junction Box,"Lamp Holder, Cable, Ceiling Rose, Mounting Bracket",Yes,Yes,Screwdriver & Cable Cutter,Default,-,"A60 
ST64 
G95
G80 & Al kind E27 bulbs",Yes,Yes,Recommended,Yes,No,No,Yes,,,,,,2.7,,,,,,,,,e27 black pendant lamp holder,matte black lamp holder,pendant lamp holder,"b22, floor lamp, table lamp, led bulb, shade only, e14",0.31,0.14,"black pendant lamp holder, e27 black pendant lamp holder, matte black pendant lamp holder, e27 pendant lamp holder rope cable cable, pendant lamp holder 1m cable, e27 pendant lamp holder uk, pendant lamp holder, e27 pendant lamp holder, black pendant light holder, matte black lamp holder",,,,,,,,,,,,,,,,,,,,,,,,,,,,,,,
PHHR3DSTHE,https://sin1.contabostorage.com/4ad62276cb6d4a83bfb1b8a91b839703:newom/newom/newom/img/product_images/3878.jpg,,Lighting Accessory,Pendant Lamp Holder,LEDSone,Decorative Rope Pendant Light with Ceiling Rose,E27,-,-,-,-,,Edison Screw,No,M10,20 mm,Yes,No,-,Rope Wrapped,Hemp / Natural Fiber Rope,PVC,PVC,Woven,Browns,70.0,40.0,Rope Cable,Natural Hemp,Natural Fiber Rope,Twisted Rope,3 Core,1m,Yes,"Live,Neatural,Earth",0.75 mm²,100mm,No,No,Metal,Black,,50mm,900mm,,,,,60W,220-240V,"Yes
Depend on The Switch & Bulb",50Hz,IP20,Hardwired,Ceiling Pendant,Yes,Minimal,Medium,~30 mins,Terminal Block,Junction Box,"Lamp Holder, Cable, Ceiling Rose, Mounting Bracket",Yes,Yes,Screwdriver & Cable Cutter,Default,-,"A60 
ST64 
G95
G80 & Al kind E27 bulbs",Yes,Yes,Recommended,Yes,No,No,Yes,,,,,,2.7,,,,,,,,,e27 black pendant lamp holder,matte black lamp holder,pendant lamp holder,"b22, floor lamp, table lamp, led bulb, shade only, e14",0.31,0.14,"black pendant lamp holder, e27 black pendant lamp holder, matte black pendant lamp holder, e27 pendant lamp holder rope cable cable, pendant lamp holder 1m cable, e27 pendant lamp holder uk, pendant lamp holder, e27 pendant lamp holder, black pendant light holder, matte black lamp holder",,,,,,,,,,,,,,,,,,,,,,,,,,,,,,,
PHHR1DSTHE,https://sin1.contabostorage.com/4ad62276cb6d4a83bfb1b8a91b839703:newom/newom/newom/img/product_images/3837.jpg,,Lighting Accessory,Pendant Lamp Holder,LEDSone,Decorative Rope Pendant Light with Ceiling Rose,E27,-,-,-,-,,Edison Screw,No,M10,20 mm,Yes,No,-,Rope Wrapped,Hemp / Natural Fiber Rope,PVC,PVC,Woven,Browns,70.0,40.0,Rope Cable,Natural Hemp,Natural Fiber Rope,Twisted Rope,3 Core,1m,Yes,"Live,Neatural,Earth",0.75 mm²,100mm,No,No,Metal,Black,,50mm,900mm,,,,,60W,220-240V,"Yes
Depend on The Switch & Bulb",50Hz,IP20,Hardwired,Ceiling Pendant,Yes,Minimal,Medium,~30 mins,Terminal Block,Junction Box,"Lamp Holder, Cable, Ceiling Rose, Mounting Bracket",Yes,Yes,Screwdriver & Cable Cutter,Default,-,"A60 
ST64 
G95
G80 & Al kind E27 bulbs",Yes,Yes,Recommended,Yes,No,No,Yes,,,,,,2.7,,,,,,,,,e27 browns pendant lamp holder,woven lamp holder,pendant lamp holder,"b22, floor lamp, table lamp, led bulb, shade only, e14",0.31,0.14,"browns pendant lamp holder, e27 browns pendant lamp holder, woven pendant lamp holder, e27 pendant lamp holder rope cable cable, pendant lamp holder 1m cable, e27 pendant lamp holder uk, pendant lamp holder, e27 pendant lamp holder, browns pendant light holder, woven lamp holder",,,,,,,,,,,,,,,,,,,,,,,,,,,,,,,
PHHR2HETHE,https://sin1.contabostorage.com/4ad62276cb6d4a83bfb1b8a91b839703:newom/newom/newom/img/product_images/2626.jpg,,Lighting Accessory,Pendant Lamp Holder,LEDSone,Decorative Rope Pendant Light with Ceiling Rose,E27,-,-,-,-,,Edison Screw,No,M10,20 mm,Yes,No,-,Rope Wrapped,Hemp / Natural Fiber Rope,PVC,PVC,Woven,Browns,70.0,40.0,Rope Cable,Natural Hemp,Natural Fiber Rope,Twisted Rope,3 Core,2m,Yes,"Live,Neatural,Earth",0.75 mm²,100mm,No,No,Metal,Black,,50mm,900mm,,,,,60W,220-240V,"Yes
Depend on The Switch & Bulb",50Hz,IP20,Hardwired,Ceiling Pendant,Yes,Minimal,Medium,~30 mins,Terminal Block,Junction Box,"Lamp Holder, Cable, Ceiling Rose, Mounting Bracket",Yes,Yes,Screwdriver & Cable Cutter,Default,-,"A60 
ST64 
G95
G80 & Al kind E27 bulbs",Yes,Yes,Recommended,Yes,No,No,Yes,,,,,,2.7,,,,,,,,,e27 yellow brass pendant lamp holder,brass lamp holder,pendant lamp holder,"b22, floor lamp, table lamp, led bulb, shade only, e14",0.31,0.14,"yellow brass pendant lamp holder, e27 yellow brass pendant lamp holder, brass pendant lamp holder, e27 pendant lamp holder rope cable cable, pendant lamp holder 1m cable, e27 pendant lamp holder uk, pendant lamp holder, e27 pendant lamp holder, yellow brass pendant light holder, brass lamp holder",,,,,,,,,,,,,,,,,,,,,,,,,,,,,,,
PHUH2HETBM,https://sin1.contabostorage.com/4ad62276cb6d4a83bfb1b8a91b839703:newom/newom/newom/img/product_images/784.jpg,,Lighting Accessory,Pendant Lamp Holder,LEDSone,Decorative Rope Pendant Light with Ceiling Rose,E27,Yes,1.0,1.0,M40,,Edison Screw,No,M10,20 mm,Yes,No,-,Rope Wrapped,Hemp / Natural Fiber Rope,PVC,PVC,Matte Black,Black,70.0,40.0,Rope Cable,Natural Hemp,Natural Fiber Rope,Twisted Rope,3 Core,2m,Yes,"Live,Neatural,Earth",0.75 mm²,100mm,No,No,Metal,Black,,50mm,900mm,,,,,60W,220-240V,"Yes
Depend on The Switch & Bulb",50Hz,IP20,Hardwired,Ceiling Pendant,Yes,Minimal,Medium,~30 mins,Terminal Block,Junction Box,"Lamp Holder, Cable, Ceiling Rose, Mounting Bracket",Yes,Yes,Screwdriver & Cable Cutter,Default,-,"A60 
ST64 
G95
G80 & Al kind E27 bulbs",Yes,Yes,Recommended,Yes,No,No,Yes,,,,,,2.7,,,,,,,,,e27 black pendant lamp holder,matte black lamp holder,pendant lamp holder,"b22, floor lamp, table lamp, led bulb, shade only, e14",0.31,0.14,"black pendant lamp holder, e27 black pendant lamp holder, matte black pendant lamp holder, e27 pendant lamp holder rope cable cable, pendant lamp holder 1m cable, e27 pendant lamp holder uk, pendant lamp holder, e27 pendant lamp holder, black pendant light holder, matte black lamp holder",,,,,,,,,,,,,,,,,,,,,,,,,,,,,,,
PHUH1HETBM,https://sin1.contabostorage.com/4ad62276cb6d4a83bfb1b8a91b839703:newom/newom/newom/img/product_images/783.jpg,,Lighting Accessory,Pendant Lamp Holder,LEDSone,Decorative Rope Pendant Light with Ceiling Rose,E27,Yes,1.0,1.0,M40,,Edison Screw,No,M10,20 mm,Yes,No,-,Rope Wrapped,Hemp / Natural Fiber Rope,PVC,PVC,Matte Black,Black,70.0,40.0,Rope Cable,Natural Hemp,Natural Fiber Rope,Twisted Rope,3 Core,1m,Yes,"Live,Neatural,Earth",0.75 mm²,100mm,No,No,Metal,Black,,50mm,900mm,,,,,60W,220-240V,"Yes
Depend on The Switch & Bulb",50Hz,IP20,Hardwired,Ceiling Pendant,Yes,Minimal,Medium,~30 mins,Terminal Block,Junction Box,"Lamp Holder, Cable, Ceiling Rose, Mounting Bracket",Yes,Yes,Screwdriver & Cable Cutter,Default,-,"A60 
ST64 
G95
G80 & Al kind E27 bulbs",Yes,Yes,Recommended,Yes,No,No,Yes,,,,,,2.7,,,,,,,,,e27 browns pendant lamp holder,woven lamp holder,pendant lamp holder,"b22, floor lamp, table lamp, led bulb, shade only, e14",0.31,0.14,"browns pendant lamp holder, e27 browns pendant lamp holder, woven pendant lamp holder, e27 pendant lamp holder rope cable cable, pendant lamp holder 1m cable, e27 pendant lamp holder uk, pendant lamp holder, e27 pendant lamp holder, browns pendant light holder, woven lamp holder",,,,,,,,,,,,,,,,,,,,,,,,,,,,,,,
PHUH0.5HETBM,https://sin1.contabostorage.com/4ad62276cb6d4a83bfb1b8a91b839703:newom/newom/newom/img/product_images/782.jpg,,Lighting Accessory,Pendant Lamp Holder,LEDSone,Decorative Rope Pendant Light with Ceiling Rose,E27,Yes,1.0,1.0,M40,,Edison Screw,No,M10,20 mm,Yes,No,-,Rope Wrapped,Hemp / Natural Fiber Rope,PVC,PVC,Matte Black,Black,70.0,40.0,Rope Cable,Natural Hemp,Natural Fiber Rope,Twisted Rope,3 Core,1m,Yes,"Live,Neatural,Earth",0.75 mm²,100mm,No,No,Metal,Black,,50mm,900mm,,,,,60W,220-240V,"Yes
Depend on The Switch & Bulb",50Hz,IP20,Hardwired,Ceiling Pendant,Yes,Minimal,Medium,~30 mins,Terminal Block,Junction Box,"Lamp Holder, Cable, Ceiling Rose, Mounting Bracket",Yes,Yes,Screwdriver & Cable Cutter,Default,-,"A60 
ST64 
G95
G80 & Al kind E27 bulbs",Yes,Yes,Recommended,Yes,No,No,Yes,,,,,,2.7,,,,,,,,,e27 browns pendant lamp holder,glossy painted lamp holder,pendant lamp holder,"b22, floor lamp, table lamp, led bulb, shade only, e14",0.31,0.14,"browns pendant lamp holder, e27 browns pendant lamp holder, glossy painted pendant lamp holder, e27 pendant lamp holder rope cable cable, pendant lamp holder 1m cable, e27 pendant lamp holder uk, pendant lamp holder, e27 pendant lamp holder, browns pendant light holder, glossy painted lamp holder",,,,,,,,,,,,,,,,,,,,,,,,,,,,,,,
PHDH1HETHE,https://sin1.contabostorage.com/4ad62276cb6d4a83bfb1b8a91b839703:newom/newom/newom/img/product_images/1808.jpg,,Lighting Accessory,Pendant Lamp Holder,LEDSone,Decorative Rope Pendant Light with Ceiling Rose,E27,-,-,-,-,,Edison Screw,No,M10,20 mm,Yes,No,-,Rope Wrapped,Hemp / Natural Fiber Rope,PVC,PVC,Woven,Browns,70.0,40.0,Rope Cable,Natural Hemp,Natural Fiber Rope,Twisted Rope,3 Core,1m,Yes,"Live,Neatural,Earth",0.75 mm²,100mm,No,No,Metal,Black,,50mm,900mm,,,,,60W,220-240V,"Yes
Depend on The Switch & Bulb",50Hz,IP20,Hardwired,Ceiling Pendant,Yes,Minimal,Medium,~30 mins,Terminal Block,Junction Box,"Lamp Holder, Cable, Ceiling Rose, Mounting Bracket",Yes,Yes,Screwdriver & Cable Cutter,Default,-,"A60 
ST64 
G95
G80 & Al kind E27 bulbs",Yes,Yes,Recommended,Yes,No,No,Yes,,,,,,2.7,,,,,,,,,e27 browns pendant lamp holder,woven lamp holder,pendant lamp holder,"b22, floor lamp, table lamp, led bulb, shade only, e14",0.31,0.14,"browns pendant lamp holder, e27 browns pendant lamp holder, woven pendant lamp holder, e27 pendant lamp holder rope cable cable, pendant lamp holder 1m cable, e27 pendant lamp holder uk, pendant lamp holder, e27 pendant lamp holder, browns pendant light holder, woven lamp holder",,,,,,,,,,,,,,,,,,,,,,,,,,,,,,,
PHSH1HETYB,https://sin1.contabostorage.com/4ad62276cb6d4a83bfb1b8a91b839703:newom/newom/newom/img/product_images/1807.jpg,,Lighting Accessory,Pendant Lamp Holder,LEDSone,Decorative Rope Pendant Light with Ceiling Rose,E27,Yes,1.0,1.0,M40,,Edison Screw,No,M10,20 mm,Yes,No,-,Rope Wrapped,Hemp / Natural Fiber Rope,Metal,Ceramic,Brass,Yellow Brass,70.0,40.0,Rope Cable,Natural Hemp,Natural Fiber Rope,Twisted Rope,3 Core,1m,Yes,"Live,Neatural,Earth",0.75 mm²,100mm,No,No,Metal,Black,,50mm,900mm,,,,,60W,220-240V,"Yes
Depend on The Switch & Bulb",50Hz,IP20,Hardwired,Ceiling Pendant,Yes,Minimal,Medium,~30 mins,Terminal Block,Junction Box,"Lamp Holder, Cable, Ceiling Rose, Mounting Bracket",Yes,Yes,Screwdriver & Cable Cutter,Default,-,"A60 
ST64 
G95
G80 & Al kind E27 bulbs",Yes,Yes,Recommended,Yes,No,No,Yes,,,,,,2.7,,,,,,,,,e27 brushed copper pendant lamp holder,brass lamp holder,pendant lamp holder,"b22, floor lamp, table lamp, led bulb, shade only, e14",0.31,0.14,"brushed copper pendant lamp holder, e27 brushed copper pendant lamp holder, brass pendant lamp holder, e27 pendant lamp holder round cable, pendant lamp holder 1m cable, e27 pendant lamp holder uk, pendant lamp holder, e27 pendant lamp holder, brushed copper pendant light holder, brass lamp holder",,,,,,,,,,,,,,,,,,,,,,,,,,,,,,,
PHHR1BMTBM,https://sin1.contabostorage.com/4ad62276cb6d4a83bfb1b8a91b839703:newom/newom/newom/img/product_images/1620.jpg,,Lighting Accessory,Pendant Lamp Holder,LEDSone,Decorative Rope Pendant Light with Ceiling Rose,E27,-,-,-,-,,Edison Screw,No,M10,20 mm,Yes,No,-,Rope Wrapped,Hemp / Natural Fiber Rope,PVC,PVC,Matte Black,Black,70.0,40.0,Rope Cable,Black,Natural Fiber Rope,Twisted Rope,3 Core,1m,Yes,"Live,Neatural,Earth",0.75 mm²,100mm,No,No,Metal,Black,,50mm,900mm,,,,,60W,220-240V,"Yes
Depend on The Switch & Bulb",50Hz,IP20,Hardwired,Ceiling Pendant,Yes,Minimal,Medium,~30 mins,Terminal Block,Junction Box,"Lamp Holder, Cable, Ceiling Rose, Mounting Bracket",Yes,Yes,Screwdriver & Cable Cutter,Default,-,"A60 
ST64 
G95
G80 & Al kind E27 bulbs",Yes,Yes,Recommended,Yes,No,No,Yes,,,,,,2.7,,,,,,,,,e27 red pendant lamp holder,rustic red lamp holder,pendant lamp holder,"b22, floor lamp, table lamp, led bulb, shade only, e14",0.31,0.14,"red pendant lamp holder, e27 red pendant lamp holder, rustic red pendant lamp holder, e27 pendant lamp holder round cable, pendant lamp holder 1m cable, e27 pendant lamp holder uk, pendant lamp holder, e27 pendant lamp holder, red pendant light holder, rustic red lamp holder",,,,,,,,,,,,,,,,,,,,,,,,,,,,,,,
PHHR1BRTBR,https://sin1.contabostorage.com/4ad62276cb6d4a83bfb1b8a91b839703:newom/newom/newom/img/product_images/1619.jpg,,Lighting Accessory,Pendant Lamp Holder,LEDSone,Decorative Rope Pendant Light with Ceiling Rose,E27,-,-,-,-,,Edison Screw,No,M10,20 mm,Yes,No,-,Rope Wrapped,Hemp / Natural Fiber Rope,PVC,PVC,Woven,Browns,70.0,40.0,Rope Cable,Brown,Natural Fiber Rope,Twisted Rope,3 Core,1m,Yes,"Live,Neatural,Earth",0.75 mm²,100mm,No,No,Metal,Black,,50mm,900mm,,,,,60W,220-240V,"Yes
Depend on The Switch & Bulb",50Hz,IP20,Hardwired,Ceiling Pendant,Yes,Minimal,Medium,~30 mins,Terminal Block,Junction Box,"Lamp Holder, Cable, Ceiling Rose, Mounting Bracket",Yes,Yes,Screwdriver & Cable Cutter,Default,-,"A60 
ST64 
G95
G80 & Al kind E27 bulbs",Yes,Yes,Recommended,Yes,No,No,Yes,,,,,,2.7,,,,,,,,,e27 silver pendant lamp holder,brushed silver lamp holder,pendant lamp holder,"b22, floor lamp, table lamp, led bulb, shade only, e14",0.31,0.14,"silver pendant lamp holder, e27 silver pendant lamp holder, brushed silver pendant lamp holder, e27 pendant lamp holder round cable, pendant lamp holder 1m cable, e27 pendant lamp holder uk, pendant lamp holder, e27 pendant lamp holder, silver pendant light holder, brushed silver lamp holder",,,,,,,,,,,,,,,,,,,,,,,,,,,,,,,
PHHR1YETYE,https://sin1.contabostorage.com/4ad62276cb6d4a83bfb1b8a91b839703:newom/newom/newom/img/product_images/1618.jpg,,Lighting Accessory,Pendant Lamp Holder,LEDSone,Decorative Rope Pendant Light with Ceiling Rose,E27,-,-,-,-,,Edison Screw,No,M10,20 mm,Yes,No,-,Rope Wrapped,Hemp / Natural Fiber Rope,PVC,PVC,Glossy painted,Browns,70.0,40.0,Rope Cable,Yellow,Natural Fiber Rope,Twisted Rope,3 Core,1m,Yes,"Live,Neatural,Earth",0.75 mm²,100mm,No,No,Metal,Black,,50mm,900mm,,,,,60W,220-240V,"Yes
Depend on The Switch & Bulb",50Hz,IP20,Hardwired,Ceiling Pendant,Yes,Minimal,Medium,~30 mins,Terminal Block,Junction Box,"Lamp Holder, Cable, Ceiling Rose, Mounting Bracket",Yes,Yes,Screwdriver & Cable Cutter,Default,-,"A60 
ST64 
G95
G80 & Al kind E27 bulbs",Yes,Yes,Recommended,Yes,No,No,Yes,,,,,,2.7,,,,,,,,,e27 black pendant lamp holder,matte black lamp holder,pendant lamp holder,"b22, floor lamp, table lamp, led bulb, shade only, e14",0.31,0.14,"black pendant lamp holder, e27 black pendant lamp holder, matte black pendant lamp holder, e27 pendant lamp holder round cable, pendant lamp holder 1m cable, e27 pendant lamp holder uk, pendant lamp holder, e27 pendant lamp holder, black pendant light holder, matte black lamp holder",,,,,,,,,,,,,,,,,,,,,,,,,,,,,,,
PHHR1HETHE,https://sin1.contabostorage.com/4ad62276cb6d4a83bfb1b8a91b839703:newom/newom/newom/img/product_images/1617.jpg,,Lighting Accessory,Pendant Lamp Holder,LEDSone,Decorative Rope Pendant Light with Ceiling Rose,E27,-,-,-,-,,Edison Screw,No,M10,20 mm,Yes,No,-,Rope Wrapped,Hemp / Natural Fiber Rope,PVC,PVC,Woven,Browns,90.0,50.0,Rope Cable,Natural Hemp,Natural Fiber Rope,Twisted Rope,3 Core,1m,Yes,"Live,Neatural,Earth",0.75 mm²,100mm,No,No,Metal,Black,,50mm,900mm,,,,,60W,220-240V,"Yes
Depend on The Switch & Bulb",50Hz,IP20,Hardwired,Ceiling Pendant,Yes,Minimal,Medium,~30 mins,Terminal Block,Junction Box,"Lamp Holder, Cable, Ceiling Rose, Mounting Bracket",Yes,Yes,Screwdriver & Cable Cutter,Default,-,"A60 
ST64 
G95
G80 & Al kind E27 bulbs",Yes,Yes,Recommended,Yes,No,No,Yes,,,,,,2.7,,,,,,,,,e27 white pendant lamp holder,painetd white lamp holder,pendant lamp holder,"b22, floor lamp, table lamp, led bulb, shade only, e14",0.31,0.14,"white pendant lamp holder, e27 white pendant lamp holder, painetd white pendant lamp holder, e27 pendant lamp holder round cable, pendant lamp holder 1m cable, e27 pendant lamp holder uk, pendant lamp holder, e27 pendant lamp holder, white pendant light holder, painetd white lamp holder",,,,,,,,,,,,,,,,,,,,,,,,,,,,,,,
PHTT1PBR3BC,https://sin1.contabostorage.com/4ad62276cb6d4a83bfb1b8a91b839703:newom/newom/newom/img/product_images/2350.jpg,,Lighting Accessory,Pendant Lamp Holder,LEDSone,,E27,-,-,-,-,,Edison Screw,No,M10,20 mm,Yes,No,-,"Smooth  Distress
Brushed Cylinder",Metal,-,PVC,Brass,Brushed Copper,,,Round,Black,PVC,Smooth,3 Core,1m,Yes,"Live,Neatural,Earth",0.75 mm²,100mm,No,No,Metal,Burss copper,,50mm,900mm,,,,,60W,220-240V,"Yes
Depend on The Switch & Bulb",50Hz,IP20,Hardwired,Ceiling Pendant,Yes,Minimal,Medium,~30 mins,Terminal Block,Junction Box,"Lamp Holder, Cable, Ceiling Rose, Mounting Bracket",Yes,Yes,Screwdriver & Cable Cutter,Default,-,"A60 
ST64 
G95
G80 & Al kind E27 bulbs",Yes,Yes,Recommended,Yes,No,No,Yes,,,,,,2.7,,,,,,,,,e27 white pendant lamp holder,painetd white lamp holder,pendant lamp holder,"b22, floor lamp, table lamp, led bulb, shade only, e14",0.31,0.14,"white pendant lamp holder, e27 white pendant lamp holder, painetd white pendant lamp holder, e27 pendant lamp holder round cable, pendant lamp holder 1m cable, e27 pendant lamp holder uk, pendant lamp holder, e27 pendant lamp holder, white pendant light holder, painetd white lamp holder",,,,,,,,,,,,,,,,,,,,,,,,,,,,,,,
PHTT1PBR3RR,https://sin1.contabostorage.com/4ad62276cb6d4a83bfb1b8a91b839703:newom/newom/newom/img/product_images/2349.jpg,,Lighting Accessory,Pendant Lamp Holder,LEDSone,,E27,-,-,-,-,,Edison Screw,No,M10,20 mm,Yes,No,-,"Smooth  Distress
Brushed Cylinder",Metal,-,PVC,Rustic Red,Red,,,Round,Black,PVC,Smooth,3 Core,1m,Yes,"Live,Neatural,Earth",0.75 mm²,100mm,No,No,Metal,Rustic Red,,50mm,900mm,,,,,60W,220-240V,"Yes
Depend on The Switch & Bulb",50Hz,IP20,Hardwired,Ceiling Pendant,Yes,Minimal,Medium,~30 mins,Terminal Block,Junction Box,"Lamp Holder, Cable, Ceiling Rose, Mounting Bracket",Yes,Yes,Screwdriver & Cable Cutter,Default,-,"A60 
ST64 
G95
G80 & Al kind E27 bulbs",Yes,Yes,Recommended,Yes,No,No,Yes,,,,,,2.7,,,,,,,,,e27 white pendant lamp holder,painetd white lamp holder,pendant lamp holder,"b22, floor lamp, table lamp, led bulb, shade only, e14",0.31,0.14,"white pendant lamp holder, e27 white pendant lamp holder, painetd white pendant lamp holder, e27 pendant lamp holder round cable, pendant lamp holder 1m cable, e27 pendant lamp holder uk, pendant lamp holder, e27 pendant lamp holder, white pendant light holder, painetd white lamp holder",,,,,,,,,,,,,,,,,,,,,,,,,,,,,,,
PHTT1PBR3BS,https://sin1.contabostorage.com/4ad62276cb6d4a83bfb1b8a91b839703:newom/newom/newom/img/product_images/2348.jpg,,Lighting Accessory,Pendant Lamp Holder,LEDSone,,E27,-,-,-,-,,Edison Screw,No,M10,20 mm,Yes,No,-,"Smooth  Distress
Brushed Cylinder",Metal,-,PVC,Brushed Silver,Silver,,,Round,Black,PVC,Smooth,3 Core,1m,Yes,"Live,Neatural,Earth",0.75 mm²,100mm,No,No,Metal,Bursh Silver,,50mm,900mm,,,,,60W,220-240V,"Yes
Depend on The Switch & Bulb",50Hz,IP20,Hardwired,Ceiling Pendant,Yes,Minimal,Medium,~30 mins,Terminal Block,Junction Box,"Lamp Holder, Cable, Ceiling Rose, Mounting Bracket",Yes,Yes,Screwdriver & Cable Cutter,Default,-,"A60 
ST64 
G95
G80 & Al kind E27 bulbs",Yes,Yes,Recommended,Yes,No,No,Yes,,,,,,2.7,,,,,,,,,e27 black pendant lamp holder,matte black lamp holder,pendant lamp holder,"b22, floor lamp, table lamp, led bulb, shade only, e14",0.31,0.14,"black pendant lamp holder, e27 black pendant lamp holder, matte black pendant lamp holder, e27 pendant lamp holder round cable, pendant lamp holder 1m cable, e27 pendant lamp holder uk, pendant lamp holder, e27 pendant lamp holder, black pendant light holder, matte black lamp holder",,,,,,,,,,,,,,,,,,,,,,,,,,,,,,,
PHTT1PBR3BM,https://sin1.contabostorage.com/4ad62276cb6d4a83bfb1b8a91b839703:newom/newom/newom/img/product_images/2347.jpg,,Lighting Accessory,Pendant Lamp Holder,LEDSone,,E27,-,-,-,-,,Edison Screw,No,M10,20 mm,Yes,No,-,"Smooth  
Cylinder",Metal,-,PVC,Matte Black,Black,79.0,38.0,Round,Black,PVC,Smooth,3 Core,1m,Yes,"Live,Neatural,Earth",0.75 mm²,100mm,No,No,Metal,Black,,50mm,900mm,,,,,60W,220-240V,"Yes
Depend on The Switch & Bulb",50Hz,IP20,Hardwired,Ceiling Pendant,Yes,Minimal,Medium,~30 mins,Terminal Block,Junction Box,"Lamp Holder, Cable, Ceiling Rose, Mounting Bracket",Yes,Yes,Screwdriver & Cable Cutter,Default,-,"A60 
ST64 
G95
G80 & Al kind E27 bulbs",Yes,Yes,Recommended,Yes,No,No,Yes,,,,,,3.44,,,,,,,,,e27 yellow brass pendant lamp holder,brass lamp holder,pendant lamp holder,"b22, floor lamp, table lamp, led bulb, shade only, e14",0.31,0.14,"yellow brass pendant lamp holder, e27 yellow brass pendant lamp holder, brass pendant lamp holder, e27 pendant lamp holder round cable, pendant lamp holder 1m cable, e27 pendant lamp holder uk, pendant lamp holder, e27 pendant lamp holder, yellow brass pendant light holder, brass lamp holder",,,,,,,,,,,,,,,,,,,,,,,,,,,,,,,
PHCD1PBR3WH,https://sin1.contabostorage.com/4ad62276cb6d4a83bfb1b8a91b839703:newom/newom/newom/img/product_images/2395.jpg,,Lighting Accessory,Pendant Lamp Holder,LEDSone,,E27,Default,Default,Default,Default,,Edison Screw,Default,M10,20 mm,Yes,No,-,"Smooth  
Cylinder",Metal,PVC,PVC,Painetd White,White,60.0,40.0,Round,Black,PVC,Smooth,3 Core,1m,Yes,"Live,Neatural,Earth",0.75 mm²,100mm,No,No,Metal,Black,,50mm,900mm,,,,,60W,220-240V,"Yes
Depend on The Switch & Bulb",50Hz,IP20,Hardwired,Ceiling Pendant,Yes,Minimal,Medium,~30 mins,Terminal Block,Junction Box,"Lamp Holder, Cable, Ceiling Rose, Mounting Bracket",Yes,Yes,Screwdriver & Cable Cutter,Default,-,"A60 
ST64 
G95
G80 & Al kind E27 bulbs",Yes,Yes,Recommended,Yes,No,No,Yes,,,,,,3.44,,,,,,,,,e27 black pendant lamp holder,matte black lamp holder,pendant lamp holder,"b22, floor lamp, table lamp, led bulb, shade only, e14",0.31,0.14,"black pendant lamp holder, e27 black pendant lamp holder, matte black pendant lamp holder, e27 pendant lamp holder round cable, pendant lamp holder 1m cable, e27 pendant lamp holder uk, pendant lamp holder, e27 pendant lamp holder, black pendant light holder, matte black lamp holder",,,,,,,,,,,,,,,,,,,,,,,,,,,,,,,
PHCI1PBR3WH,https://sin1.contabostorage.com/4ad62276cb6d4a83bfb1b8a91b839703:newom/newom/newom/img/product_images/2396.jpg,,Lighting Accessory,Pendant Lamp Holder,LEDSone,,E27,Default,Default,Default,Default,,Edison Screw,Default,M10,20 mm,Yes,No,-,"Smooth  
Cylinder",Metal,PVC,PVC,Painetd White,White,60.0,40.0,Round,Black,PVC,Smooth,3 Core,1m,Yes,"Live,Neatural,Earth",0.75 mm²,100mm,No,No,Metal,Black,,50mm,900mm,,,,,60W,220-240V,"Yes
Depend on The Switch & Bulb",50Hz,IP20,Hardwired,Ceiling Pendant,Yes,Minimal,Medium,~30 mins,Terminal Block,Junction Box,"Lamp Holder, Cable, Ceiling Rose, Mounting Bracket",Yes,Yes,Screwdriver & Cable Cutter,Default,-,"A60 
ST64 
G95
G80 & Al kind E27 bulbs",Yes,Yes,Recommended,Yes,No,No,Yes,,,,,,3.44,,,,,,,,,e27 black pendant lamp holder,matte black lamp holder,pendant lamp holder,"b22, floor lamp, table lamp, led bulb, shade only, e14",0.31,0.14,"black pendant lamp holder, e27 black pendant lamp holder, matte black pendant lamp holder, e27 pendant lamp holder round cable, pendant lamp holder 1m cable, e27 pendant lamp holder uk, pendant lamp holder, e27 pendant lamp holder, black pendant light holder, matte black lamp holder",,,,,,,,,,,,,,,,,,,,,,,,,,,,,,,
PHCD1PBRWH,https://sin1.contabostorage.com/4ad62276cb6d4a83bfb1b8a91b839703:newom/newom/newom/img/product_images/251.jpg,,Lighting Accessory,Pendant Lamp Holder,LEDSone,,E27,Default,Default,Default,Default,,Edison Screw,Default,M10,20 mm,Yes,No,-,"Smooth  
Cylinder",Metal,PVC,PVC,Painetd White,White,60.0,40.0,Round,Black,PVC,Smooth,3 Core,1m,Yes,"Live,Neatural,Earth",0.75 mm²,100mm,No,No,Metal,Black,,50mm,900mm,,,,,60W,220-240V,"Yes
Depend on The Switch & Bulb",50Hz,IP20,Hardwired,Ceiling Pendant,Yes,Minimal,Medium,~30 mins,Terminal Block,Junction Box,"Lamp Holder, Cable, Ceiling Rose, Mounting Bracket",Yes,Yes,Screwdriver & Cable Cutter,Default,-,"A60 
ST64 
G95
G80 & Al kind E27 bulbs",Yes,Yes,Recommended,Yes,No,No,Yes,,,,,,2.7,,,,,,,,,e27 black pendant lamp holder,matte black lamp holder,pendant lamp holder,"b22, floor lamp, table lamp, led bulb, shade only, e14",0.31,0.14,"black pendant lamp holder, e27 black pendant lamp holder, matte black pendant lamp holder, e27 pendant lamp holder round cable, pendant lamp holder 1m cable, e27 pendant lamp holder uk, pendant lamp holder, e27 pendant lamp holder, black pendant light holder, matte black lamp holder",,,,,,,,,,,,,,,,,,,,,,,,,,,,,,,
PHHCF1BMRBM,https://sin1.contabostorage.com/4ad62276cb6d4a83bfb1b8a91b839703:newom/newom/newom/img/product_images/40421.jpg,,Lighting Accessory,Pendant Lamp Holder,LEDSone,,E27,Yes,1.0,1.0,M40,,Edison Screw,Yes,M10,20 mm,Yes,No,-,"Smooth  Distress
Brushed Cylinder With Decorative ARC",Metal,PVC,PVC,Matte Black,Black,250.0,150.0,Round,Black,PVC,Smooth,3 Core,1m,Yes,"Live,Neatural,Earth",0.75 mm²,100mm,No,Yes,Metal,Black,,50mm,900mm,,,,,60W,220-240V,"Yes
Depend on The Switch & Bulb",50Hz,IP20,Hardwired,Ceiling Pendant,Yes,Minimal,Medium,~30 mins,Terminal Block,Junction Box,"Lamp Holder, Cable, Ceiling Rose, Mounting Bracket",Yes,Yes,Screwdriver & Cable Cutter,Default,-,"A60 
ST64 
G95
G80 & Al kind E27 bulbs",Yes,Yes,Recommended,Yes,No,No,Yes,,,,,,2.7,,,,,,,,,e27 white pendant lamp holder,painetd white lamp holder,pendant lamp holder,"b22, floor lamp, table lamp, led bulb, shade only, e14",0.31,0.14,"white pendant lamp holder, e27 white pendant lamp holder, painetd white pendant lamp holder, e27 pendant lamp holder round cable, pendant lamp holder 1m cable, e27 pendant lamp holder uk, pendant lamp holder, e27 pendant lamp holder, white pendant light holder, painetd white lamp holder",,,,,,,,,,,,,,,,,,,,,,,,,,,,,,,
PHHCF1BMRYB,https://sin1.contabostorage.com/4ad62276cb6d4a83bfb1b8a91b839703:newom/newom/newom/img/product_images/40420.jpg,,Lighting Accessory,Pendant Lamp Holder,LEDSone,,E27,Yes,1.0,1.0,M40,,Edison Screw,Yes,M10,20 mm,Yes,No,-,"Smooth  Distress
Brushed Cylinder With Decorative ARC",Metal,PVC,PVC,Brass,Yellow Brass,250.0,150.0,Round,Black,PVC,Smooth,3 Core,1m,Yes,"Live,Neatural,Earth",0.75 mm²,100mm,No,Yes,Metal,Yellow Brass,,50mm,900mm,,,,,60W,220-240V,"Yes
Depend on The Switch & Bulb",50Hz,IP20,Hardwired,Ceiling Pendant,Yes,Minimal,Medium,~30 mins,Terminal Block,Junction Box,"Lamp Holder, Cable, Ceiling Rose, Mounting Bracket",Yes,Yes,Screwdriver & Cable Cutter,Default,-,"A60 
ST64 
G95
G80 & Al kind E27 bulbs",Yes,Yes,Recommended,Yes,No,No,Yes,,,,,,2.7,,,,,,,,,e27 white pendant lamp holder,painetd white lamp holder,pendant lamp holder,"b22, floor lamp, table lamp, led bulb, shade only, e14",0.31,0.14,"white pendant lamp holder, e27 white pendant lamp holder, painetd white pendant lamp holder, e27 pendant lamp holder round cable, pendant lamp holder 1m cable, e27 pendant lamp holder uk, pendant lamp holder, e27 pendant lamp holder, white pendant light holder, painetd white lamp holder",,,,,,,,,,,,,,,,,,,,,,,,,,,,,,,
PHBAF1BMRBM,https://sin1.contabostorage.com/4ad62276cb6d4a83bfb1b8a91b839703:newom/newom/newom/img/product_images/34776.jpg,,Lighting Accessory,Pendant Lamp Holder,LEDSone,,E27,Yes,1.0,1.0,M40,,Edison Screw,Yes,M10,20 mm,Yes,No,-,"Smooth  Distress
Brushed 
Decorative ARC",Metal,PVC,PVC,Matte Black,Black,,,Round,Black,PVC,Smooth,3 Core,1m,Yes,"Live,Neatural,Earth",0.75 mm²,100mm,No,Yes,Metal,Black,,50mm,900mm,,,,,60W,220-240V,"Yes
Depend on The Switch & Bulb",50Hz,IP20,Hardwired,Ceiling Pendant,Yes,Minimal,Medium,~30 mins,Terminal Block,Junction Box,"Lamp Holder, Cable, Ceiling Rose, Mounting Bracket",Yes,Yes,Screwdriver & Cable Cutter,Default,-,"A60 
ST64 
G95
G80 & Al kind E27 bulbs",Yes,Yes,Recommended,Yes,No,No,Yes,,,,,,2.7,,,,,,,,,e27 white pendant lamp holder,painetd white lamp holder,pendant lamp holder,"b22, floor lamp, table lamp, led bulb, shade only, e14",0.31,0.14,"white pendant lamp holder, e27 white pendant lamp holder, painetd white pendant lamp holder, e27 pendant lamp holder round cable, pendant lamp holder 2m cable, e27 pendant lamp holder uk, pendant lamp holder, e27 pendant lamp holder, white pendant light holder, painetd white lamp holder",,,,,,,,,,,,,,,,,,,,,,,,,,,,,,,
PHCD1PBRBM,https://sin1.contabostorage.com/4ad62276cb6d4a83bfb1b8a91b839703:newom/newom/newom/img/product_images/34427.jpg,,Lighting Accessory,Pendant Lamp Holder,LEDSone,,E27,Yes,1.0,1.0,M40,,Edison Screw,Yes,M10,20 mm,Yes,No,-,"Smooth  Distress
Brushed 
Decorative ARC",Metal,PVC,PVC,Matte Black,Black,,,Round,Black,PVC,Smooth,3 Core,1m,Yes,"Live,Neatural,Earth",0.75 mm²,100mm,No,Yes,Metal,Black,,50mm,900mm,,,,,60W,220-240V,"Yes
Depend on The Switch & Bulb",50Hz,IP20,Hardwired,Ceiling Pendant,Yes,Minimal,Medium,~30 mins,Terminal Block,Junction Box,"Lamp Holder, Cable, Ceiling Rose, Mounting Bracket",Yes,Yes,Screwdriver & Cable Cutter,Default,-,"A60 
ST64 
G95
G80 & Al kind E27 bulbs",Yes,Yes,Recommended,Yes,No,No,Yes,,,,,,2.7,,,,,,,,,e27 white pendant lamp holder,painetd white lamp holder,pendant lamp holder,"b22, floor lamp, table lamp, led bulb, shade only, e14",0.31,0.14,"white pendant lamp holder, e27 white pendant lamp holder, painetd white pendant lamp holder, e27 pendant lamp holder round cable, pendant lamp holder 2m cable, e27 pendant lamp holder uk, pendant lamp holder, e27 pendant lamp holder, white pendant light holder, painetd white lamp holder",,,,,,,,,,,,,,,,,,,,,,,,,,,,,,,
PHCD1PBRBW,https://sin1.contabostorage.com/4ad62276cb6d4a83bfb1b8a91b839703:newom/newom/newom/img/product_images/33900.jpg,,Lighting Accessory,Pendant Lamp Holder,LEDSone,,E27,Yes,1.0,1.0,M40,,Edison Screw,Yes,M10,20 mm,Yes,No,-,"Smooth  Distress
Brushed 
Decorative ARC",Metal,PVC,PVC,Matte Black,Black,,,Round,Black,PVC,Smooth,3 Core,1m,Yes,"Live,Neatural,Earth",0.75 mm²,100mm,No,Yes,Metal,Black,,50mm,900mm,,,,,60W,220-240V,"Yes
Depend on The Switch & Bulb",50Hz,IP20,Hardwired,Ceiling Pendant,Yes,Minimal,Medium,~30 mins,Terminal Block,Junction Box,"Lamp Holder, Cable, Ceiling Rose, Mounting Bracket",Yes,Yes,Screwdriver & Cable Cutter,Default,-,"A60 
ST64 
G95
G80 & Al kind E27 bulbs",Yes,Yes,Recommended,Yes,No,No,Yes,,,,,,2.7,,,,,,,,,e27 white pendant lamp holder,painetd white lamp holder,pendant lamp holder,"b22, floor lamp, table lamp, led bulb, shade only, e14",0.31,0.14,"white pendant lamp holder, e27 white pendant lamp holder, painetd white pendant lamp holder, e27 pendant lamp holder round cable, pendant lamp holder 2m cable, e27 pendant lamp holder uk, pendant lamp holder, e27 pendant lamp holder, white pendant light holder, painetd white lamp holder",,,,,,,,,,,,,,,,,,,,,,,,,,,,,,,
PHBAF1BMRBM,https://sin1.contabostorage.com/4ad62276cb6d4a83bfb1b8a91b839703:newom/newom/newom/img/product_images/34776.jpg,,Lighting Accessory,Pendant Lamp Holder,LEDSone,,E27,Yes,1.0,1.0,M40,,Edison Screw,Yes,M10,20 mm,Yes,No,-,"Smooth  Distress
Brushed 
Decorative ARC",Metal,PVC,PVC,Matte Black,Black,,,Round,Black,PVC,Smooth,3 Core,1m,Yes,"Live,Neatural,Earth",0.75 mm²,100mm,No,Yes,Metal,Black,,50mm,900mm,,,,,60W,220-240V,"Yes
Depend on The Switch & Bulb",50Hz,IP20,Hardwired,Ceiling Pendant,Yes,Minimal,Medium,~30 mins,Terminal Block,Junction Box,"Lamp Holder, Cable, Ceiling Rose, Mounting Bracket",Yes,Yes,Screwdriver & Cable Cutter,Default,-,"A60 
ST64 
G95
G80 & Al kind E27 bulbs",Yes,Yes,Recommended,Yes,No,No,Yes,,,,,,2.7,,,,,,,,,e27 white pendant lamp holder,painetd white lamp holder,pendant lamp holder,"b22, floor lamp, table lamp, led bulb, shade only, e14",0.31,0.14,"white pendant lamp holder, e27 white pendant lamp holder, painetd white pendant lamp holder, e27 pendant lamp holder round cable, pendant lamp holder 2m cable, e27 pendant lamp holder uk, pendant lamp holder, e27 pendant lamp holder, white pendant light holder, painetd white lamp holder",,,,,,,,,,,,,,,,,,,,,,,,,,,,,,,
PHCD1PBRBM,https://sin1.contabostorage.com/4ad62276cb6d4a83bfb1b8a91b839703:newom/newom/newom/img/product_images/34427.jpg,,Lighting Accessory,Pendant Lamp Holder,LEDSone,,E27,Yes,1.0,1.0,M40,,Edison Screw,Yes,M10,20 mm,Yes,No,-,"Smooth  Distress
Brushed 
Decorative ARC",Metal,PVC,PVC,Matte Black,Black,,,Round,Black,PVC,Smooth,3 Core,1m,Yes,"Live,Neatural,Earth",0.75 mm²,100mm,No,Yes,Metal,Black,,50mm,900mm,,,,,60W,220-240V,"Yes
Depend on The Switch & Bulb",50Hz,IP20,Hardwired,Ceiling Pendant,Yes,Minimal,Medium,~30 mins,Terminal Block,Junction Box,"Lamp Holder, Cable, Ceiling Rose, Mounting Bracket",Yes,Yes,Screwdriver & Cable Cutter,Default,-,"A60 
ST64 
G95
G80 & Al kind E27 bulbs",Yes,Yes,Recommended,Yes,No,No,Yes,,,,,,2.7,,,,,,,,,e27 white pendant lamp holder,painetd white lamp holder,pendant lamp holder,"b22, floor lamp, table lamp, led bulb, shade only, e14",0.31,0.14,"white pendant lamp holder, e27 white pendant lamp holder, painetd white pendant lamp holder, e27 pendant lamp holder round cable, pendant lamp holder 2m cable, e27 pendant lamp holder uk, pendant lamp holder, e27 pendant lamp holder, white pendant light holder, painetd white lamp holder",,,,,,,,,,,,,,,,,,,,,,,,,,,,,,,
PHCD1PBRBW,https://sin1.contabostorage.com/4ad62276cb6d4a83bfb1b8a91b839703:newom/newom/newom/img/product_images/33900.jpg,,Lighting Accessory,Pendant Lamp Holder,LEDSone,,E27,Yes,1.0,1.0,M40,,Edison Screw,Yes,M10,20 mm,Yes,No,-,"Smooth  Distress
Brushed 
Decorative ARC",Metal,PVC,PVC,Matte Black,Black,,,Round,Black,PVC,Smooth,3 Core,1m,Yes,"Live,Neatural,Earth",0.75 mm²,100mm,No,Yes,Metal,Black,,50mm,900mm,,,,,60W,220-240V,"Yes
Depend on The Switch & Bulb",50Hz,IP20,Hardwired,Ceiling Pendant,Yes,Minimal,Medium,~30 mins,Terminal Block,Junction Box,"Lamp Holder, Cable, Ceiling Rose, Mounting Bracket",Yes,Yes,Screwdriver & Cable Cutter,Default,-,"A60 
ST64 
G95
G80 & Al kind E27 bulbs",Yes,Yes,Recommended,Yes,No,No,Yes,,,,,,2.7,,,,,,,,,e27 white pendant lamp holder,painetd white lamp holder,pendant lamp holder,"b22, floor lamp, table lamp, led bulb, shade only, e14",0.31,0.14,"white pendant lamp holder, e27 white pendant lamp holder, painetd white pendant lamp holder, e27 pendant lamp holder round cable, pendant lamp holder 2m cable, e27 pendant lamp holder uk, pendant lamp holder, e27 pendant lamp holder, white pendant light holder, painetd white lamp holder",,,,,,,,,,,,,,,,,,,,,,,,,,,,,,,
PHSF1PBR40WH,https://sin1.contabostorage.com/4ad62276cb6d4a83bfb1b8a91b839703:newom/newom/newom/img/product_images/3138.jpg,,Lighting Accessory,Pendant Lamp Holder,LEDSone,,E27,-,-,-,-,,Edison Screw,No,M10,20 mm,Yes,No,-,Smooth,PVC,-,PVC,Painetd White,White,65.0,40.0,Round,Black,PVC,Smooth,3 Core,1m,Yes,"Live,Neatural,Earth",0.75 mm²,100mm,No,No,Metal,Black,,50mm,900mm,,,,,60W,220-240V,"Yes
Depend on The Switch & Bulb",50Hz,IP20,Hardwired,Ceiling Pendant,Yes,Minimal,Medium,~30 mins,Terminal Block,Junction Box,"Lamp Holder, Cable, Ceiling Rose, Mounting Bracket",Yes,Yes,Screwdriver & Cable Cutter,Default,-,"A60 
ST64 
G95
G80 & Al kind E27 bulbs",Yes,Yes,Recommended,Yes,No,No,Yes,,,,,,2.7,,,,,,,,,E27 Black Ceiling Rose Pendant Kit 2m Black Cable,E27 black pendant light kit with ceiling rose,pendant lamp holder ceiling rose kit,"-ceiling rose only, -lampshade, -bulb, -led bulb, -lamp shade, -bayonet, -b22, -gu10, -e14, -plug in, -table lamp, -floor lamp, -wall light",0.31,0.14,E27 black pendant light kit | black ceiling rose pendant set | black pendant lamp holder with cable | E27 pendant light fitting kit 2m | black pendant light with ceiling rose 2m,,,,,,,,,,,,,,,,,,,,,,,,,,,,,,,
PHSF1PWR40WH,https://sin1.contabostorage.com/4ad62276cb6d4a83bfb1b8a91b839703:newom/newom/newom/img/product_images/3137.jpg,,Lighting Accessory,Pendant Lamp Holder,LEDSone,,E27,-,-,-,-,,Edison Screw,No,M10,20 mm,Yes,No,-,Smooth,PVC,-,PVC,Painetd White,White,65.0,40.0,Round,Black,PVC,Smooth,3 Core,1m,Yes,"Live,Neatural,Earth",0.75 mm²,100mm,No,No,Metal,White,,50mm,900mm,,,,,60W,220-240V,"Yes
Depend on The Switch & Bulb",50Hz,IP20,Hardwired,Ceiling Pendant,Yes,Minimal,Medium,~30 mins,Terminal Block,Junction Box,"Lamp Holder, Cable, Ceiling Rose, Mounting Bracket",Yes,Yes,Screwdriver & Cable Cutter,Default,-,"A60 
ST64 
G95
G80 & Al kind E27 bulbs",Yes,Yes,Recommended,Yes,No,No,Yes,,,,,,2.7,,,,,,,,,E27 White Ceiling Rose Pendant Kit 1m Black Cable,E27 white pendant light kit with ceiling rose,pendant lamp holder ceiling rose kit,"-ceiling rose only, -lampshade, -bulb, -led bulb, -lamp shade, -bayonet, -b22, -gu10, -e14, -plug in, -table lamp, -floor lamp, -wall light",0.31,0.14,E27 white pendant light kit | white ceiling rose pendant set | E27 pendant lamp holder with cable 1m | white pendant light fitting kit | Black cable pendant light with ceiling rose,,,,,,,,,,,,,,,,,,,,,,,,,,,,,,,
PHSF1PWR20WH,https://sin1.contabostorage.com/4ad62276cb6d4a83bfb1b8a91b839703:newom/newom/newom/img/product_images/2667.jpg,,Lighting Accessory,Pendant Lamp Holder,LEDSone,,E27,-,-,-,-,,Edison Screw,No,M10,20 mm,Yes,No,-,Smooth,PVC,-,PVC,Painetd White,White,65.0,40.0,Round,Black,PVC,Smooth,3 Core,2m,Yes,"Live,Neatural,Earth",0.75 mm²,100mm,No,No,Metal,White,,50mm,900mm,,,,,60W,220-240V,"Yes
Depend on The Switch & Bulb",50Hz,IP20,Hardwired,Ceiling Pendant,Yes,Minimal,Medium,~30 mins,Terminal Block,Junction Box,"Lamp Holder, Cable, Ceiling Rose, Mounting Bracket",Yes,Yes,Screwdriver & Cable Cutter,Default,-,"A60 
ST64 
G95
G80 & Al kind E27 bulbs",Yes,Yes,Recommended,Yes,No,No,Yes,,,,,,2.7,,,,,,,,,E27 White Ceiling Rose Pendant Kit 1m White Cable,E27 white pendant light kit with ceiling rose,pendant lamp holder ceiling rose kit,"-ceiling rose only, -lampshade, -bulb, -led bulb, -lamp shade, -bayonet, -b22, -gu10, -e14, -plug in, -table lamp, -floor lamp, -wall light",0.31,0.14,E27 white pendant light kit | white ceiling rose pendant set | E27 pendant lamp holder with cable 1m | white pendant light fitting kit | White cable pendant light with ceiling rose,,,,,,,,,,,,,,,,,,,,,,,,,,,,,,,
PHSF1PBR20WH,https://sin1.contabostorage.com/4ad62276cb6d4a83bfb1b8a91b839703:newom/newom/newom/img/product_images/2666.jpg,,Lighting Accessory,Pendant Lamp Holder,LEDSone,,E27,-,-,-,-,,Edison Screw,No,M10,20 mm,Yes,No,-,Smooth,PVC,-,PVC,Painetd White,White,65.0,40.0,Round,Black,PVC,Smooth,3 Core,2m,Yes,"Live,Neatural,Earth",0.75 mm²,100mm,No,No,Metal,Black,,50mm,900mm,,,,,60W,220-240V,"Yes
Depend on The Switch & Bulb",50Hz,IP20,Hardwired,Ceiling Pendant,Yes,Minimal,Medium,~30 mins,Terminal Block,Junction Box,"Lamp Holder, Cable, Ceiling Rose, Mounting Bracket",Yes,Yes,Screwdriver & Cable Cutter,Default,-,"A60 
ST64 
G95
G80 & Al kind E27 bulbs",Yes,Yes,Recommended,Yes,No,No,Yes,,,,,,2.7,,,,,,,,,E27 White Ceiling Rose Pendant Kit 2m White Cable,E27 white pendant light kit with ceiling rose,pendant lamp holder ceiling rose kit,"-ceiling rose only, -lampshade, -bulb, -led bulb, -lamp shade, -bayonet, -b22, -gu10, -e14, -plug in, -table lamp, -floor lamp, -wall light",0.31,0.14,E27 white pendant light kit | white ceiling rose pendant set | E27 pendant lamp holder with cable 2m | white pendant light fitting kit | White cable pendant light with ceiling rose,,,,,,,,,,,,,,,,,,,,,,,,,,,,,,,
PHSF1PBR20WH,https://sin1.contabostorage.com/4ad62276cb6d4a83bfb1b8a91b839703:newom/newom/newom/img/product_images/2666.jpg,,Lighting Accessory,Pendant Lamp Holder,LEDSone,,E27,-,-,-,-,,Edison Screw,No,M10,20 mm,Yes,No,-,Smooth,PVC,-,PVC,Painetd White,White,65.0,40.0,Round,Black,PVC,Smooth,3 Core,2m,Yes,"Live,Neatural,Earth",0.75 mm²,100mm,No,No,Metal,Black,,50mm,900mm,,,,,60W,220-240V,"Yes
Depend on The Switch & Bulb",50Hz,IP20,Hardwired,Ceiling Pendant,Yes,Minimal,Medium,~30 mins,Terminal Block,Junction Box,"Lamp Holder, Cable, Ceiling Rose, Mounting Bracket",Yes,Yes,Screwdriver & Cable Cutter,Default,-,"A60 
ST64 
G95
G80 & Al kind E27 bulbs",Yes,Yes,Recommended,Yes,No,No,Yes,,,,,,2.7,,,,,,,,,E27 Black Ceiling Rose Pendant Kit 2m Black Cable,E27 black pendant light kit with ceiling rose,pendant lamp holder ceiling rose kit,"-ceiling rose only, -lampshade, -bulb, -led bulb, -lamp shade, -bayonet, -b22, -gu10, -e14, -plug in, -table lamp, -floor lamp, -wall light",0.31,0.14,E27 black pendant light kit | black ceiling rose pendant set | black pendant lamp holder with cable | E27 pendant light fitting kit 2m | black pendant light with ceiling rose 2m,,,,,,,,,,,,,,,,,,,,,,,,,,,,,,,
