sheet_row,sku,product_type,product_subtype,product_name,body_material_primary,finish_name,colour_family,mount_type,parts_list,cable_type,cable_material,img_url
3,PHAH2RCHBW,Lighting Accessory,Pendant Lamp Holder,E27 Chrome Pendant Lamp Holder with 2m Braided Cable,Metal,Polished Chrome,Silver,Pendant,"Lamp Holder, Shade Ring, Lock Nut, Cable",Round,Fabric Braided,https://sin1.contabostorage.com/4ad62276cb6d4a83bfb1b8a91b839703:newom/newom/newom/img/product_images/760.jpg
4,PHAH2RBMBM,Lighting Accessory,Pendant Lamp Holder,E27 Shiny Black Pendant Lamp Holder with 2m Braided Cable,Metal,Black,Black,Pendant,"Lamp Holder, Shade Ring, Lock Nut, Cable",Round,Fabric Braided,https://sin1.contabostorage.com/4ad62276cb6d4a83bfb1b8a91b839703:newom/newom/newom/img/product_images/763.jpg
5,PHAH2RGBGD,Lighting Accessory,Pendant Lamp Holder,E27 Green BrassPendant Lamp Holder with 2m Braided Cable,Metal,Green Brass,Green,Pendant,"Lamp Holder, Shade Ring, Lock Nut, Cable",Round,Fabric Braided,https://sin1.contabostorage.com/4ad62276cb6d4a83bfb1b8a91b839703:newom/newom/newom/img/product_images/762.jpg
6,PHAH2RYBGD,Lighting Accessory,Pendant Lamp Holder,E27 Yellow Brass Pendant Lamp Holder with 2m Braided Cable,Metal,Yellow Brass,Yellow,Pendant,"Lamp Holder, Shade Ring, Lock Nut, Cable",Round,Fabric Braided,https://sin1.contabostorage.com/4ad62276cb6d4a83bfb1b8a91b839703:newom/newom/newom/img/product_images/3135.jpg
7,PHBH1BRTCO,Lighting Accessory,Pendant Lamp Holder,E27 Copper Pendant Lamp Holder with 1m Twisted Cable,Metal,Brass,Copper,Pendant,"Lamp Holder, Shade Ring, Lock Nut, Cable",Twisted,Fabric Braided,https://sin1.contabostorage.com/4ad62276cb6d4a83bfb1b8a91b839703:newom/newom/newom/img/product_images/35229.jpg
8,PHBH1GDTYB,Lighting Accessory,Pendant Lamp Holder,E27 Yellow Brass Pendant Lamp Holder with 1m Twisted Cable,Metal,Brass,Yellow Brass,Pendant,"Lamp Holder, Shade Ring, Lock Nut, Cable",Twisted,Fabric Braided,https://sin1.contabostorage.com/4ad62276cb6d4a83bfb1b8a91b839703:newom/newom/newom/img/product_images/3151.jpg
9,PHBH1BMRBM,Lighting Accessory,Pendant Lamp Holder,E27  Shiny Black Lamp Holder with 1m Twisted Cable,Metal,Black,Black,Pendant,"Lamp Holder, Shade Ring, Lock Nut, Cable",Round,Fabric Braided,https://sin1.contabostorage.com/4ad62276cb6d4a83bfb1b8a91b839703:newom/newom/newom/img/product_images/858.jpg
10,PHBH1BRTYB,Lighting Accessory,Pendant Lamp Holder,E27 Yellow Brass Pendant Lamp Holder with 1m Twisted Cable,Metal,Brass,Yellow Brass,Pendant,"Lamp Holder, Shade Ring, Lock Nut, Cable",Twisted,Fabric Braided,https://sin1.contabostorage.com/4ad62276cb6d4a83bfb1b8a91b839703:newom/newom/newom/img/product_images/857.jpg
11,PHIH1PBRYB,Lighting Accessory,Pendant Lamp Holder,E27 Yellow Brass Pendant Lamp Holder with 1m Twisted Cable,Metal,Brass,Yellow Brass,Pendant,"Lamp Holder, Shade Ring, Lock Nut, Cable",Round,PVC,https://sin1.contabostorage.com/4ad62276cb6d4a83bfb1b8a91b839703:newom/newom/newom/img/product_images/852.jpg
12,PHIH1PBRCO,Lighting Accessory,Pendant Lamp Holder,E27 Copper Pendant Lamp Holder with 1m Round Cable,Metal,Brass,Copper,Pendant,"Lamp Holder, Shade Ring, Lock Nut, Cable",Round,PVC,https://sin1.contabostorage.com/4ad62276cb6d4a83bfb1b8a91b839703:newom/newom/newom/img/product_images/851.jpg
13,PHHH1BRTYB,Lighting Accessory,Pendant Lamp Holder,E27 Yellow Brass Pendant Lamp Holder with 1m Twisted Cable and Metal Cage,Metal,Brass,Yellow Brass,Pendant,"Lamp Holder, Shade Ring, Lock Nut, Cable",Twisted,Fabric Braided,https://sin1.contabostorage.com/4ad62276cb6d4a83bfb1b8a91b839703:newom/newom/newom/img/product_images/770.jpg
14,PHHH1AGTGB,Lighting Accessory,Pendant Lamp Holder,E27 Green BrassPendant Lamp Holder with 1m Twisted Green Braided Cable,Metal,Brass,Green Brass,Pendant,"Lamp Holder, Shade Ring, Lock Nut, Cable",Twisted,Fabric Braided,https://sin1.contabostorage.com/4ad62276cb6d4a83bfb1b8a91b839703:newom/newom/newom/img/product_images/769.jpg
15,PHBL2PBRBM,Lighting Accessory,Pendant Lamp Holder,E27 Black Pendant Lamp Holder with 2m Rubber Cable,Thermoplastic,Black,Black,Pendant,"Lamp Holder, Shade Ring, Lock Nut, Cable",Round,PVC,https://sin1.contabostorage.com/4ad62276cb6d4a83bfb1b8a91b839703:newom/newom/newom/img/product_images/742.jpg
16,PHBL1PBRBM,Lighting Accessory,Pendant Lamp Holder,E27 Black Pendant Lamp Holder with 2m Rubber Cable,Thermoplastic,Black,Black,Pendant,"Lamp Holder, Shade Ring, Lock Nut, Cable",Round,PVC,https://sin1.contabostorage.com/4ad62276cb6d4a83bfb1b8a91b839703:newom/newom/newom/img/product_images/741.jpg
17,PHRR1PBRBM,Lighting Accessory,Pendant Lamp Holder,E27 Black Pendant Lamp Holder with 2m Rubber Cable,Thermoplastic,Black,Black,Pendant,"Lamp Holder, Shade Ring, Lock Nut, Cable",Round,PVC,https://sin1.contabostorage.com/4ad62276cb6d4a83bfb1b8a91b839703:newom/newom/newom/img/product_images/2556.jpg
18,PHSW1PBRBM,Lighting Accessory,Pendant Lamp Holder,E27 Black Pendant Lamp Holder with 2m Rubber Cable,Thermoplastic,Black,Black,Pendant,"Lamp Holder, Shade Ring, Lock Nut, Cable",Round,PVC,https://sin1.contabostorage.com/4ad62276cb6d4a83bfb1b8a91b839703:newom/newom/newom/img/product_images/740.jpg
19,PHSW2HETBM,Lighting Accessory,Pendant Lamp Holder,E27 Black Pendant Lamp Holder with 2m Rubber Cable,Thermoplastic,Black,Black,Pendant,"Lamp Holder, Shade Ring, Lock Nut, Cable",Twisted,Natural Fiber Rope,https://sin1.contabostorage.com/4ad62276cb6d4a83bfb1b8a91b839703:newom/newom/newom/img/product_images/2990.jpg
20,PHPV1HERBM,Lighting Accessory,Pendant Lamp Holder,E27 Black Pendant Lamp Holder with 2m Rubber Cable,Thermoplastic,Black,Black,Pendant,"Lamp Holder, Shade Ring, Lock Nut, Cable",Round,Natural Fiber Rope,https://sin1.contabostorage.com/4ad62276cb6d4a83bfb1b8a91b839703:newom/newom/newom/img/product_images/2482.jpg
21,PHTD1AGTGB,Lighting Accessory,Pendant Lamp Holder,E27 Green BrassPendant Lamp Holder with 1m Twisted Green Braided Cable,Metal,Brass,Green Brass,Pendant,"Lamp Holder, Shade Ring, Lock Nut, Cable",Twisted,Fabric Braided,https://sin1.contabostorage.com/4ad62276cb6d4a83bfb1b8a91b839703:newom/newom/newom/img/product_images/739.jpg
22,PHHT1PWRYE,Lighting Accessory,Pendant Lamp Holder,1m Transparent PVC Cable Pendant Light Holder,Metal,Glossy painted,Yellow,Pendant,"Lamp Holder, Shade Ring, Lock Nut, Cable",Round,PVC,https://sin1.contabostorage.com/4ad62276cb6d4a83bfb1b8a91b839703:newom/newom/newom/img/product_images/3483.jpg
23,PHHT1PWRPI,Lighting Accessory,Pendant Lamp Holder,1m Transparent PVC Cable Pendant Light Holder,Metal,Painted Pink,Pink,Pendant,"Lamp Holder, Shade Ring, Lock Nut, Cable",Round,PVC,https://sin1.contabostorage.com/4ad62276cb6d4a83bfb1b8a91b839703:newom/newom/newom/img/product_images/3482.jpg
24,PHHT1PWRGY,Lighting Accessory,Pendant Lamp Holder,1m Transparent PVC Cable Pendant Light Holder,Metal,Matte Gray,Grey,Pendant,"Lamp Holder, Shade Ring, Lock Nut, Cable",Round,PVC,https://sin1.contabostorage.com/4ad62276cb6d4a83bfb1b8a91b839703:newom/newom/newom/img/product_images/3480.jpg
25,PHHT1PWRBT,Lighting Accessory,Pendant Lamp Holder,1m Transparent PVC Cable Pendant Light Holder,Metal,Glossy painted,Blue,Pendant,"Lamp Holder, Shade Ring, Lock Nut, Cable",Round,PVC,https://sin1.contabostorage.com/4ad62276cb6d4a83bfb1b8a91b839703:newom/newom/newom/img/product_images/3479.jpg
26,PHHT1PWRWH,Lighting Accessory,Pendant Lamp Holder,1m Transparent PVC Cable Pendant Light Holder,Metal,Painetd White,White,Pendant,"Lamp Holder, Shade Ring, Lock Nut, Cable",Round,PVC,https://sin1.contabostorage.com/4ad62276cb6d4a83bfb1b8a91b839703:newom/newom/newom/img/product_images/2558.jpg
27,PHHT1PCRCH,Lighting Accessory,Pendant Lamp Holder,E27 Chrome Pendant Lamp Holder with 1m Braided Cable,Metal,Polished Chrome,Silver,Pendant,"Lamp Holder, Shade Ring, Lock Nut, Cable",Round,PVC,https://sin1.contabostorage.com/4ad62276cb6d4a83bfb1b8a91b839703:newom/newom/newom/img/product_images/1851.jpg
28,PHHT1PBRWH,Lighting Accessory,Pendant Lamp Holder,1m Transparent PVC Cable Pendant Light Holder,Metal,Painetd White,White,Pendant,"Lamp Holder, Shade Ring, Lock Nut, Cable",Round,PVC,https://sin1.contabostorage.com/4ad62276cb6d4a83bfb1b8a91b839703:newom/newom/newom/img/product_images/756.jpg
29,PHHT1PBRGR,Lighting Accessory,Pendant Lamp Holder,1m Transparent PVC Cable Pendant Light Holder,Metal,Glossy painted,Green,Pendant,"Lamp Holder, Shade Ring, Lock Nut, Cable",Round,PVC,https://sin1.contabostorage.com/4ad62276cb6d4a83bfb1b8a91b839703:newom/newom/newom/img/product_images/753.jpg
30,PHHT1PBRPI,Lighting Accessory,Pendant Lamp Holder,1m Transparent PVC Cable Pendant Light Holder,Metal,Painted Pink,Pink,Pendant,"Lamp Holder, Shade Ring, Lock Nut, Cable",Round,PVC,https://sin1.contabostorage.com/4ad62276cb6d4a83bfb1b8a91b839703:newom/newom/newom/img/product_images/751.jpg
31,PHHT1PBRBM,Lighting Accessory,Pendant Lamp Holder,1m Transparent PVC Cable Pendant Light Holder,Metal,Matte Black,Black,Pendant,"Lamp Holder, Shade Ring, Lock Nut, Cable",Round,PVC,https://sin1.contabostorage.com/4ad62276cb6d4a83bfb1b8a91b839703:newom/newom/newom/img/product_images/743.jpg
32,PHHT2PBRBM,Lighting Accessory,Pendant Lamp Holder,1m Transparent PVC Cable Pendant Light Holder,Metal,Matte Black,Black,Pendant,"Lamp Holder, Shade Ring, Lock Nut, Cable",Round,PVC,https://sin1.contabostorage.com/4ad62276cb6d4a83bfb1b8a91b839703:newom/newom/newom/img/product_images/744.jpg
33,PHFMHT1BRBM,Lighting Accessory,Pendant Lamp Holder,1m Transparent PVC Cable Pendant Light Holder,Metal,Matte Black,Black,Pendant,"Lamp Holder, Shade Ring, Lock Nut, Cable",Round,PVC,https://sin1.contabostorage.com/4ad62276cb6d4a83bfb1b8a91b839703:newom/newom/newom/img/product_images/33007.jpg
34,PHFMHT2BRBM,Lighting Accessory,Pendant Lamp Holder,1m Transparent PVC Cable Pendant Light Holder,Metal,Matte Black,Black,Pendant,"Lamp Holder, Shade Ring, Lock Nut, Cable",Round,PVC,https://sin1.contabostorage.com/4ad62276cb6d4a83bfb1b8a91b839703:newom/newom/newom/img/product_images/33006.jpg
35,PHFMHT4BRBM,Lighting Accessory,Pendant Lamp Holder,1m Transparent PVC Cable Pendant Light Holder,Metal,Matte Black,Black,Pendant,"Lamp Holder, Shade Ring, Lock Nut, Cable",Round,PVC,https://sin1.contabostorage.com/4ad62276cb6d4a83bfb1b8a91b839703:newom/newom/newom/img/product_images/33005.jpg
36,PHSH1PBRBM,Lighting Accessory,Pendant Lamp Holder,1m Transparent PVC Cable Pendant Light Holder,,Matte Black,Black,Pendant,"Lamp Holder, Shade Ring, Lock Nut, Cable",Round,PVC,https://sin1.contabostorage.com/4ad62276cb6d4a83bfb1b8a91b839703:newom/newom/newom/img/product_images/869.jpg
37,PHXSH1PBRWH,Lighting Accessory,Pendant Lamp Holder,1m PVC Cable Pendant Light Holder,Metal,Painetd White,White,Pendant,"Lamp Holder, Shade Ring, Lock Nut, Cable",Round,PVC,https://sin1.contabostorage.com/4ad62276cb6d4a83bfb1b8a91b839703:newom/newom/newom/img/product_images/40741.jpg
38,PHXSH1PBRBM,Lighting Accessory,Pendant Lamp Holder,1m Black PVC Cable Pendant Light Holder,Metal,Matte Black,Black,Pendant,"Lamp Holder, Shade Ring, Lock Nut, Cable",Round,PVC,https://sin1.contabostorage.com/4ad62276cb6d4a83bfb1b8a91b839703:newom/newom/newom/img/product_images/40696.jpg
39,PHSH1PBRYB,Lighting Accessory,Pendant Lamp Holder,E27 Yellow Brass Pendant Lamp Holder with 1m Twisted Cable,Metal,Brass,Yellow Brass,Pendant,"Lamp Holder, Shade Ring, Lock Nut, Cable",Round,PVC,https://sin1.contabostorage.com/4ad62276cb6d4a83bfb1b8a91b839703:newom/newom/newom/img/product_images/720.jpg
40,PHSH1PBRCO,Lighting Accessory,Pendant Lamp Holder,E27 Copper Pendant Lamp Holder with 1m Round Cable,Metal,Brass,Copper,Pendant,"Lamp Holder, Shade Ring, Lock Nut, Cable",Round,PVC,https://sin1.contabostorage.com/4ad62276cb6d4a83bfb1b8a91b839703:newom/newom/newom/img/product_images/2545.jpg
41,PHSH1PCRCH,Lighting Accessory,Pendant Lamp Holder,E27 Chrome Pendant Lamp Holder with 1m Braided Cable,Metal,Polished Chrome,Silver,Pendant,"Lamp Holder, Shade Ring, Lock Nut, Cable",Round,PVC,https://sin1.contabostorage.com/4ad62276cb6d4a83bfb1b8a91b839703:newom/newom/newom/img/product_images/2513.jpg
42,PHSH1PBRFG,Lighting Accessory,Pendant Lamp Holder,E27 Metal Lampholder,Metal,French Gold (Rose Gold Tone),French Gold,Pendant,"Lamp Holder, Shade Ring, Lock Nut, Cable",Round,PVC,https://sin1.contabostorage.com/4ad62276cb6d4a83bfb1b8a91b839703:newom/newom/newom/img/product_images/2512.jpg
43,PHSH1PBRRO,Lighting Accessory,Pendant Lamp Holder,E27 Metal Lampholder,Metal,Rose Gold,Rose Gold,Pendant,"Lamp Holder, Shade Ring, Lock Nut, Cable",Round,PVC,https://sin1.contabostorage.com/4ad62276cb6d4a83bfb1b8a91b839703:newom/newom/newom/img/product_images/2511.jpg
44,PHSH2BMTBM,Lighting Accessory,Pendant Lamp Holder,E27 Metal Lampholder,Metal,Matte Black,Black,Pendant,"Lamp Holder, Shade Ring, Lock Nut, Cable",Twisted,PVC,https://sin1.contabostorage.com/4ad62276cb6d4a83bfb1b8a91b839703:newom/newom/newom/img/product_images/40446.jpg
45,PHSH2BMTYB,Lighting Accessory,Pendant Lamp Holder,E27 Yellow Brass Pendant Lamp Holder with 1m Twisted Cable,Metal,Brass,Yellow Brass,Pendant,"Lamp Holder, Shade Ring, Lock Nut, Cable",Twisted,PVC,https://sin1.contabostorage.com/4ad62276cb6d4a83bfb1b8a91b839703:newom/newom/newom/img/product_images/40445.jpg
46,PHSH2PBRCO,Lighting Accessory,Pendant Lamp Holder,E27 Copper Pendant Lamp Holder with 1m Round Cable,Metal,Brass,Copper,Pendant,"Lamp Holder, Shade Ring, Lock Nut, Cable",Round,PVC,https://sin1.contabostorage.com/4ad62276cb6d4a83bfb1b8a91b839703:newom/newom/newom/img/product_images/3362.jpg
47,PHSH2PBRYB,Lighting Accessory,Pendant Lamp Holder,E27 Yellow Brass Pendant Lamp Holder with 1m Twisted Cable,Metal,Brass,Yellow Brass,Pendant,"Lamp Holder, Shade Ring, Lock Nut, Cable",Round,PVC,https://sin1.contabostorage.com/4ad62276cb6d4a83bfb1b8a91b839703:newom/newom/newom/img/product_images/721.jpg
48,PHFMSH2BRBM,Lighting Accessory,Pendant Lamp Holder,E27 Black  Pendant Lamp Holder with 1m Twisted Cable,Metal,Matte Black,Black,Pendant,"Lamp Holder, Shade Ring, Lock Nut, Cable",Round,PVC,https://sin1.contabostorage.com/4ad62276cb6d4a83bfb1b8a91b839703:newom/newom/newom/img/product_images/33018.jpg
49,PHFMSH2BRYB,Lighting Accessory,Pendant Lamp Holder,E27 Yellow Brass Pendant Lamp Holder with 1m Twisted Cable,Metal,Brass,Yellow Brass,Pendant,"Lamp Holder, Shade Ring, Lock Nut, Cable",Round,PVC,https://sin1.contabostorage.com/4ad62276cb6d4a83bfb1b8a91b839703:newom/newom/newom/img/product_images/33003.jpg
50,PHFMSH4BRYB,Lighting Accessory,Pendant Lamp Holder,E27 Yellow Brass Pendant Lamp Holder with 1m Twisted Cable,Metal,Brass,Yellow Brass,Pendant,"Lamp Holder, Shade Ring, Lock Nut, Cable",Round,PVC,https://sin1.contabostorage.com/4ad62276cb6d4a83bfb1b8a91b839703:newom/newom/newom/img/product_images/33004.jpg
51,PHSH2PBRBM,Lighting Accessory,Pendant Lamp Holder,E27 Yellow Brass Pendant Lamp Holder with 1m Twisted Cable,Metal,Matte Black,Black,Pendant,"Lamp Holder, Shade Ring, Lock Nut, Cable",Round,PVC,https://sin1.contabostorage.com/4ad62276cb6d4a83bfb1b8a91b839703:newom/newom/newom/img/product_images/3361.jpg
52,PHSH1PBRBB,Lighting Accessory,Pendant Lamp Holder,E27 Yellow Brass Pendant Lamp Holder with 1m Twisted Cable,Metal,Brass,Brushed Brass,Pendant,"Lamp Holder, Shade Ring, Lock Nut, Cable",Round,PVC,https://sin1.contabostorage.com/4ad62276cb6d4a83bfb1b8a91b839703:newom/newom/newom/img/product_images/2412.jpg
53,PHSH1PBRBC,Lighting Accessory,Pendant Lamp Holder,E27 Antique Brass Metal Lampholder,Metal,Brass,Brushed Copper,Pendant,"Lamp Holder, Shade Ring, Lock Nut, Cable",Round,PVC,https://sin1.contabostorage.com/4ad62276cb6d4a83bfb1b8a91b839703:newom/newom/newom/img/product_images/1091.jpg
54,PHSH1PBRRR,Lighting Accessory,Pendant Lamp Holder,E27 Antique Brass Metal Lampholder,Metal,Rustic Red,Red,Pendant,"Lamp Holder, Shade Ring, Lock Nut, Cable",Round,PVC,https://sin1.contabostorage.com/4ad62276cb6d4a83bfb1b8a91b839703:newom/newom/newom/img/product_images/1090.jpg
55,PHSH1PBRBS,Lighting Accessory,Pendant Lamp Holder,E27 Antique Brass Metal Lampholder,Metal,Brushed Silver,Silver,Pendant,"Lamp Holder, Shade Ring, Lock Nut, Cable",Round,PVC,https://sin1.contabostorage.com/4ad62276cb6d4a83bfb1b8a91b839703:newom/newom/newom/img/product_images/1089.jpg
56,PHHA1PBRYB,Lighting Accessory,Pendant Lamp Holder,E27 Yellow Brass Pendant Lamp Holder with 1m Twisted Cable,Metal,Brass,Yellow Brass,Pendant,"Lamp Holder, Shade Ring, Lock Nut, Cable",Round,PVC,https://sin1.contabostorage.com/4ad62276cb6d4a83bfb1b8a91b839703:newom/newom/newom/img/product_images/3855.jpg
57,PHSP1BRTCO,Lighting Accessory,Pendant Lamp Holder,E27 Copper Pendant Lamp Holder with 1m Round Cable,Metal,Brass,Copper,Pendant,"Lamp Holder, Shade Ring, Lock Nut, Cable",Twisted,Fabric Braided,https://sin1.contabostorage.com/4ad62276cb6d4a83bfb1b8a91b839703:newom/newom/newom/img/product_images/2003.jpg
58,PHNH1AGRGB,Lighting Accessory,Pendant Lamp Holder,E27 Green BrassPendant Lamp Holder with 1m Round Braided Cable,Metal,Brass,Green Brass,Pendant,"Lamp Holder, Shade Ring, Lock Nut, Cable",Round,Fabric Braided,https://sin1.contabostorage.com/4ad62276cb6d4a83bfb1b8a91b839703:newom/newom/newom/img/product_images/1997.jpg
59,PHSP1AGRGB,Lighting Accessory,Pendant Lamp Holder,E27 Green BrassPendant Lamp Holder with 1m Round Braided Cable,Metal,Brass,Green Brass,Pendant,"Lamp Holder, Shade Ring, Lock Nut, Cable",Round,Fabric Braided,https://sin1.contabostorage.com/4ad62276cb6d4a83bfb1b8a91b839703:newom/newom/newom/img/product_images/1992.jpg
60,PHSP1BRRCO,Lighting Accessory,Pendant Lamp Holder,E27 Copper Pendant Lamp Holder with 1m Round Cable,Metal,Brass,Copper,Pendant,"Lamp Holder, Shade Ring, Lock Nut, Cable",Round,Fabric Braided,https://sin1.contabostorage.com/4ad62276cb6d4a83bfb1b8a91b839703:newom/newom/newom/img/product_images/1991.jpg
61,PHSQ1PBRYB,Lighting Accessory,Pendant Lamp Holder,E27 Yellow Brass Pendant Lamp Holder with 1m Twisted Cable,Metal,Brass,Yellow Brass,Pendant,"Lamp Holder, Shade Ring, Lock Nut, Cable",Round,PVC,https://sin1.contabostorage.com/4ad62276cb6d4a83bfb1b8a91b839703:newom/newom/newom/img/product_images/2372.jpg
62,PHSQ1PBRBM,Lighting Accessory,Pendant Lamp Holder,E27 Black Metal Lampholder,Metal,Matte Black,Black,Pendant,"Lamp Holder, Shade Ring, Lock Nut, Cable",Round,PVC,https://sin1.contabostorage.com/4ad62276cb6d4a83bfb1b8a91b839703:newom/newom/newom/img/product_images/2671.jpg
63,PHSQ1BRRCO,Lighting Accessory,Pendant Lamp Holder,E27 Copper Pendant Lamp Holder with 1m Round Cable,Metal,Brass,Copper,Pendant,"Lamp Holder, Shade Ring, Lock Nut, Cable",Round,Fabric Braided,https://sin1.contabostorage.com/4ad62276cb6d4a83bfb1b8a91b839703:newom/newom/newom/img/product_images/727.jpg
64,PHSQ1.5PBRYB,Lighting Accessory,Pendant Lamp Holder,E27 Yellow Brass Pendant Lamp Holder with 1m Twisted Cable,Metal,Brass,Yellow Brass,Pendant,"Lamp Holder, Shade Ring, Lock Nut, Cable",Round,PVC,https://sin1.contabostorage.com/4ad62276cb6d4a83bfb1b8a91b839703:newom/newom/newom/img/product_images/725.jpg
65,PHCH1PBRSBM,Lighting Accessory,Pendant Lamp Holder,E27 Black Metal Lampholder,Metal,Matte Black,Black,Pendant,"Lamp Holder, Shade Ring, Lock Nut, Cable",Round,PVC,https://sin1.contabostorage.com/4ad62276cb6d4a83bfb1b8a91b839703:newom/newom/newom/img/product_images/2478.jpg
66,PHCH1PWRSYE,Lighting Accessory,Pendant Lamp Holder,E27 Yellow Plastic Pendant Lamp Holder with 1m Rubber Cable,Metal,Glossy painted,Yellow,Pendant,"Lamp Holder, Shade Ring, Lock Nut, Cable",Round,PVC,https://sin1.contabostorage.com/4ad62276cb6d4a83bfb1b8a91b839703:newom/newom/newom/img/product_images/2477.jpg
67,PHCH1PWRSWH,Lighting Accessory,Pendant Lamp Holder,E27 Yellow Plastic Pendant Lamp Holder with 1m Rubber Cable,Metal,Painetd White,White,Pendant,"Lamp Holder, Shade Ring, Lock Nut, Cable",Round,PVC,https://sin1.contabostorage.com/4ad62276cb6d4a83bfb1b8a91b839703:newom/newom/newom/img/product_images/2476.jpg
68,PHCH1PWRSRE,Lighting Accessory,Pendant Lamp Holder,E27 Yellow Plastic Pendant Lamp Holder with 1m Rubber Cable,Metal,Gloss Plastic Finish,Red,Pendant,"Lamp Holder, Shade Ring, Lock Nut, Cable",Round,PVC,https://sin1.contabostorage.com/4ad62276cb6d4a83bfb1b8a91b839703:newom/newom/newom/img/product_images/2475.jpg
69,PHCH1PWRSOR,Lighting Accessory,Pendant Lamp Holder,E27 Yellow Plastic Pendant Lamp Holder with 1m Rubber Cable,Metal,Glossy painted,Orange,Pendant,"Lamp Holder, Shade Ring, Lock Nut, Cable",Round,PVC,https://sin1.contabostorage.com/4ad62276cb6d4a83bfb1b8a91b839703:newom/newom/newom/img/product_images/2474.jpg
70,PHCH1PWRSGY,Lighting Accessory,Pendant Lamp Holder,E27 Yellow Plastic Pendant Lamp Holder with 1m Rubber Cable,Metal,Matte Gray,Gray,Pendant,"Lamp Holder, Shade Ring, Lock Nut, Cable",Round,PVC,https://sin1.contabostorage.com/4ad62276cb6d4a83bfb1b8a91b839703:newom/newom/newom/img/product_images/2473.jpg
71,PHCH1PWRSGR,Lighting Accessory,Pendant Lamp Holder,E27 Yellow Plastic Pendant Lamp Holder with 1m Rubber Cable,Metal,Glossy painted,Green,Pendant,"Lamp Holder, Shade Ring, Lock Nut, Cable",Round,PVC,https://sin1.contabostorage.com/4ad62276cb6d4a83bfb1b8a91b839703:newom/newom/newom/img/product_images/2472.jpg
72,PHCH1PWRSBL,Lighting Accessory,Pendant Lamp Holder,E27 Yellow Plastic Pendant Lamp Holder with 1m Rubber Cable,Metal,Glossy painted,Blue,Pendant,"Lamp Holder, Shade Ring, Lock Nut, Cable",Round,PVC,https://sin1.contabostorage.com/4ad62276cb6d4a83bfb1b8a91b839703:newom/newom/newom/img/product_images/2471.jpg
73,PHCH1PWRSPI,Lighting Accessory,Pendant Lamp Holder,E27 Yellow Plastic Pendant Lamp Holder with 1m Rubber Cable,Metal,Painted Pink,Pink,Pendant,"Lamp Holder, Shade Ring, Lock Nut, Cable",Round,PVC,https://sin1.contabostorage.com/4ad62276cb6d4a83bfb1b8a91b839703:newom/newom/newom/img/product_images/3165.jpg
74,PHCH1PWRSBD,Lighting Accessory,Pendant Lamp Holder,E27 Yellow Plastic Pendant Lamp Holder with 1m Rubber Cable,Metal,Navy Blue,Navy Blue,Pendant,"Lamp Holder, Shade Ring, Lock Nut, Cable",Round,PVC,https://sin1.contabostorage.com/4ad62276cb6d4a83bfb1b8a91b839703:newom/newom/newom/img/product_images/3164.jpg
75,PHCH1PCTSYE,Lighting Accessory,Pendant Lamp Holder,E27 Yellow Plastic Pendant Lamp Holder with 1m Twisted Fabric Cable,Metal,Glossy painted,Yellow,Pendant,"Lamp Holder, Shade Ring, Lock Nut, Cable",Twisted,Fabric Braided,https://sin1.contabostorage.com/4ad62276cb6d4a83bfb1b8a91b839703:newom/newom/newom/img/product_images/3704.jpg
76,PHCH1PCTSGY,Lighting Accessory,Pendant Lamp Holder,E27 GreyPlastic Pendant Lamp Holder with 1m Twisted Fabric Cable,Metal,Matte Gray,gray,Pendant,"Lamp Holder, Shade Ring, Lock Nut, Cable",Twisted,Fabric Braided,https://sin1.contabostorage.com/4ad62276cb6d4a83bfb1b8a91b839703:newom/newom/newom/img/product_images/3703.jpg
77,PHCH1PCTSDG,Lighting Accessory,Pendant Lamp Holder,E27 Green Plastic Pendant Lamp Holder with 1m Twisted Fabric Cable,Metal,Green,Green,Pendant,"Lamp Holder, Shade Ring, Lock Nut, Cable",Twisted,Fabric Braided,https://sin1.contabostorage.com/4ad62276cb6d4a83bfb1b8a91b839703:newom/newom/newom/img/product_images/3702.jpg
78,PHCH1PCTSRE,Lighting Accessory,Pendant Lamp Holder,E27 Red Plastic Pendant Lamp Holder with 1m Twisted Fabric Cable,Metal,Gloss Plastic Finish,Red,Pendant,"Lamp Holder, Shade Ring, Lock Nut, Cable",Twisted,Fabric Braided,https://sin1.contabostorage.com/4ad62276cb6d4a83bfb1b8a91b839703:newom/newom/newom/img/product_images/3701.jpg
79,PHCH1PCTSBM,Lighting Accessory,Pendant Lamp Holder,E27 BLACK Pendant Lamp Holder with 1m Braided Cable,Metal,Matte Black,Black,Pendant,"Lamp Holder, Shade Ring, Lock Nut, Cable",Twisted,Fabric Braided,https://sin1.contabostorage.com/4ad62276cb6d4a83bfb1b8a91b839703:newom/newom/newom/img/product_images/3700.jpg
80,PHRH1PBRGD,Lighting Accessory,Pendant Lamp Holder,E27 GoldPendant Lamp Holder with 1m Round Cable,Metal,Gold / Metallic,Gold,Pendant,"Lamp Holder, Shade Ring, Lock Nut, Cable",Round,PVC,https://sin1.contabostorage.com/4ad62276cb6d4a83bfb1b8a91b839703:newom/newom/newom/img/product_images/828.jpg
81,PHRH1PBRCO,Lighting Accessory,Pendant Lamp Holder,E27 Copper Pendant Lamp Holder with 1m Round Cable,Metal,Brass,Copper,Pendant,"Lamp Holder, Shade Ring, Lock Nut, Cable",Round,PVC,https://sin1.contabostorage.com/4ad62276cb6d4a83bfb1b8a91b839703:newom/newom/newom/img/product_images/827.jpg
82,PHRH1PWRWH,Lighting Accessory,Pendant Lamp Holder,E27  Pendant Lamp Holder with 1m Round PVC Cable,Metal,Painetd White,White,Pendant,"Lamp Holder, Shade Ring, Lock Nut, Cable",Round,PVC,https://sin1.contabostorage.com/4ad62276cb6d4a83bfb1b8a91b839703:newom/newom/newom/img/product_images/2519.jpg
83,PHRI1PBRBA,Lighting Accessory,Pendant Lamp Holder,E27 Shiny Black Pendant Lamp Holder with 1m Round PVC Cable,Metal,Shiny Black,Black,Pendant,"Lamp Holder, Shade Ring, Lock Nut, Cable",Round,PVC,https://sin1.contabostorage.com/4ad62276cb6d4a83bfb1b8a91b839703:newom/newom/newom/img/product_images/313.jpg
84,PHRI1PBRFG,Lighting Accessory,Pendant Lamp Holder,E27 French Gold Pendant Lamp Holder with 1m Round PVC Cable,Metal,French Gold (Rose Gold Tone),French Gold,Pendant,"Lamp Holder, Shade Ring, Lock Nut, Cable",Round,PVC,https://sin1.contabostorage.com/4ad62276cb6d4a83bfb1b8a91b839703:newom/newom/newom/img/product_images/2591.jpg
85,PHRI1PBRGB,Lighting Accessory,Pendant Lamp Holder,E27 Green BrassPendant Lamp Holder with 1m Round PVC Cable,Metal,Brass,Green Brass,Pendant,"Lamp Holder, Shade Ring, Lock Nut, Cable",Round,PVC,https://sin1.contabostorage.com/4ad62276cb6d4a83bfb1b8a91b839703:newom/newom/newom/img/product_images/2590.jpg
86,PHRI1PBRBY,Lighting Accessory,Pendant Lamp Holder,E27Shiny BlackPendant Lamp Holder with 1m Round Cable,Metal,Gloss,Blacks,Pendant,"Lamp Holder, Shade Ring, Lock Nut, Cable",Round,PVC,https://sin1.contabostorage.com/4ad62276cb6d4a83bfb1b8a91b839703:newom/newom/newom/img/product_images/2589.jpg
87,PHRI1PBRRO,Lighting Accessory,Pendant Lamp Holder,E27 rOSE GOLD Pendant Lamp Holder with 1m Round Cable,Metal,Rose Gold,Rose Gold,Pendant,"Lamp Holder, Shade Ring, Lock Nut, Cable",Round,PVC,https://sin1.contabostorage.com/4ad62276cb6d4a83bfb1b8a91b839703:newom/newom/newom/img/product_images/2588.jpg
88,PHRI1PBRCO,Lighting Accessory,Pendant Lamp Holder,E27 Copper Pendant Lamp Holder with 1m Round Cable,Metal,Brass,Copper,Pendant,"Lamp Holder, Shade Ring, Lock Nut, Cable",Round,PVC,https://sin1.contabostorage.com/4ad62276cb6d4a83bfb1b8a91b839703:newom/newom/newom/img/product_images/2587.jpg
89,PHRI1PBRYB,Lighting Accessory,Pendant Lamp Holder,E27 Yellow Brass Pendant Lamp Holder with 1m Twisted Cable,Metal,Brass,Yellow Brass,Pendant,"Lamp Holder, Shade Ring, Lock Nut, Cable",Round,PVC,https://sin1.contabostorage.com/4ad62276cb6d4a83bfb1b8a91b839703:newom/newom/newom/img/product_images/2586.jpg
90,PHRI1PCRCH,Lighting Accessory,Pendant Lamp Holder,E27 Chrome Pendant Lamp Holder with 1m Braided Cable,Metal,Polished Chrome,Silver,Pendant,"Lamp Holder, Shade Ring, Lock Nut, Cable",Round,PVC,https://sin1.contabostorage.com/4ad62276cb6d4a83bfb1b8a91b839703:newom/newom/newom/img/product_images/2585.jpg
91,PHRI1PCRSN,Lighting Accessory,Pendant Lamp Holder,E27 Antique Silver Metal Lampholder,Metal,Brass,Satinnickle,Pendant,"Lamp Holder, Shade Ring, Lock Nut, Cable",Round,PVC,https://sin1.contabostorage.com/4ad62276cb6d4a83bfb1b8a91b839703:newom/newom/newom/img/product_images/2584.jpg
92,PHUP1PCRSN,Lighting Accessory,Pendant Lamp Holder,E27 Antique Silver Metal Lampholder,Metal,Brass,Satinnickle,Pendant,"Lamp Holder, Shade Ring, Lock Nut, Cable",Round,PVC,https://sin1.contabostorage.com/4ad62276cb6d4a83bfb1b8a91b839703:newom/newom/newom/img/product_images/3404.jpg
93,PHUP1PBRGB,Lighting Accessory,Pendant Lamp Holder,E27 Green BrassPendant Lamp Holder with 1m Round PVC Cable,Metal,Brass,Green Brass,Pendant,"Lamp Holder, Shade Ring, Lock Nut, Cable",Round,PVC,https://sin1.contabostorage.com/4ad62276cb6d4a83bfb1b8a91b839703:newom/newom/newom/img/product_images/734.jpg
94,PHUP1PBRCO,Lighting Accessory,Pendant Lamp Holder,E27 Copper Pendant Lamp Holder with 1m Round Cable,Metal,Brass,Copper,Pendant,"Lamp Holder, Shade Ring, Lock Nut, Cable",Round,PVC,https://sin1.contabostorage.com/4ad62276cb6d4a83bfb1b8a91b839703:newom/newom/newom/img/product_images/733.jpg
95,PHUP1PCRCH,Lighting Accessory,Pendant Lamp Holder,E27 Chrome Pendant Lamp Holder with 1m Braided Cable,Metal,Polished Chrome,Silver,Pendant,"Lamp Holder, Shade Ring, Lock Nut, Cable",Round,PVC,https://sin1.contabostorage.com/4ad62276cb6d4a83bfb1b8a91b839703:newom/newom/newom/img/product_images/732.jpg
96,PHUP1PWRWH,Lighting Accessory,Pendant Lamp Holder,E27 Plastic Lampholder (,Metal,Painetd White,White,Pendant,"Lamp Holder, Shade Ring, Lock Nut, Cable",Round,PVC,https://sin1.contabostorage.com/4ad62276cb6d4a83bfb1b8a91b839703:newom/newom/newom/img/product_images/731.jpg
97,PHUP1PBRBM,Lighting Accessory,Pendant Lamp Holder,E27 Plastic Lampholder (,Metal,Matte Black,Black,Pendant,"Lamp Holder, Shade Ring, Lock Nut, Cable",Round,PVC,https://sin1.contabostorage.com/4ad62276cb6d4a83bfb1b8a91b839703:newom/newom/newom/img/product_images/730.jpg
98,PHUP1PBRYB,Lighting Accessory,Pendant Lamp Holder,E27 Yellow Brass Pendant Lamp Holder with 1m Twisted Cable,Metal,Brass,Yellow Brass,Pendant,"Lamp Holder, Shade Ring, Lock Nut, Cable",Round,PVC,https://sin1.contabostorage.com/4ad62276cb6d4a83bfb1b8a91b839703:newom/newom/newom/img/product_images/2466.jpg
99,PHHT1PBRGB,Lighting Accessory,Pendant Lamp Holder,E27 Green BrassPendant Lamp Holder with 1m Round PVC Cable,Metal,Brass,Green Brass,Pendant,"Lamp Holder, Shade Ring, Lock Nut, Cable",Round,PVC,https://sin1.contabostorage.com/4ad62276cb6d4a83bfb1b8a91b839703:newom/newom/newom/img/product_images/2469.jpg
100,PHHT1PBRYB,Lighting Accessory,Pendant Lamp Holder,E27 Yellow Brass Pendant Lamp Holder with 1m Twisted Cable,Metal,Brass,Yellow Brass,Pendant,"Lamp Holder, Shade Ring, Lock Nut, Cable",Round,PVC,https://sin1.contabostorage.com/4ad62276cb6d4a83bfb1b8a91b839703:newom/newom/newom/img/product_images/2468.jpg
101,PHHT1PBRBS,Lighting Accessory,Pendant Lamp Holder,1m Black Rubber Cable Pendant Light Holder,Metal,Brushed Silver,Silver,Pendant,"Lamp Holder, Shade Ring, Lock Nut, Cable",Round,PVC,https://sin1.contabostorage.com/4ad62276cb6d4a83bfb1b8a91b839703:newom/newom/newom/img/product_images/2002.jpg
102,PHHT1PBRGD,Lighting Accessory,Pendant Lamp Holder,1m Black Rubber Cable Pendant Light Holder,Metal,Gold / Metallic,Gold (Gold Tone),Pendant,"Lamp Holder, Shade Ring, Lock Nut, Cable",Round,PVC,https://sin1.contabostorage.com/4ad62276cb6d4a83bfb1b8a91b839703:newom/newom/newom/img/product_images/905.jpg
103,PHHT1PBRBC,Lighting Accessory,Pendant Lamp Holder,1m Black Rubber Cable Pendant Light Holder,Metal,Brass,Brushed Copper,Pendant,"Lamp Holder, Shade Ring, Lock Nut, Cable",Round,PVC,https://sin1.contabostorage.com/4ad62276cb6d4a83bfb1b8a91b839703:newom/newom/newom/img/product_images/750.jpg
104,PHHT1PBRRR,Lighting Accessory,Pendant Lamp Holder,1m Black Rubber Cable Pendant Light Holder,Metal,Rustic Red,Red,Pendant,"Lamp Holder, Shade Ring, Lock Nut, Cable",Round,PVC,https://sin1.contabostorage.com/4ad62276cb6d4a83bfb1b8a91b839703:newom/newom/newom/img/product_images/749.jpg
105,PHHT1PBRFG,Lighting Accessory,Pendant Lamp Holder,1m Black Rubber Cable Pendant Light Holder,Metal,French Gold (Rose Gold Tone),French Gold,Pendant,"Lamp Holder, Shade Ring, Lock Nut, Cable",Round,PVC,https://sin1.contabostorage.com/4ad62276cb6d4a83bfb1b8a91b839703:newom/newom/newom/img/product_images/748.jpg
106,PHHT1PBRRO,Lighting Accessory,Pendant Lamp Holder,1m Black Rubber Cable Pendant Light Holder,Metal,Rose Gold,Rose Gold,Pendant,"Lamp Holder, Shade Ring, Lock Nut, Cable",Round,PVC,https://sin1.contabostorage.com/4ad62276cb6d4a83bfb1b8a91b839703:newom/newom/newom/img/product_images/747.jpg
107,PHHT1PBRCH,Lighting Accessory,Pendant Lamp Holder,E27 Chrome Pendant Lamp Holder with 1m Braided Cable,Metal,Polished Chrome,Silver,Pendant,"Lamp Holder, Shade Ring, Lock Nut, Cable",Round,PVC,https://sin1.contabostorage.com/4ad62276cb6d4a83bfb1b8a91b839703:newom/newom/newom/img/product_images/745.jpg
108,PHRY1PCRPI,Lighting Accessory,Pendant Lamp Holder,1m Fabric Cable Pendant Light Holder,Silicone,Painted Pink,Pink,Pendant,"Lamp Holder, Shade Ring, Lock Nut, Cable",Round,Fabric (PVC Inner Insulation),https://sin1.contabostorage.com/4ad62276cb6d4a83bfb1b8a91b839703:newom/newom/newom/img/product_images/3220.jpg
109,PHRY2PCRRE,Lighting Accessory,Pendant Lamp Holder,1m Fabric Cable Pendant Light Holder,Silicone,Gloss Plastic Finish,Red,Pendant,"Lamp Holder, Shade Ring, Lock Nut, Cable",Round,Fabric (PVC Inner Insulation),https://sin1.contabostorage.com/4ad62276cb6d4a83bfb1b8a91b839703:newom/newom/newom/img/product_images/3219.jpg
110,PHRY1PCRRE,Lighting Accessory,Pendant Lamp Holder,1m Fabric Cable Pendant Light Holder,Silicone,Gloss Plastic Finish,Red,Pendant,"Lamp Holder, Shade Ring, Lock Nut, Cable",Round,Fabric (PVC Inner Insulation),https://sin1.contabostorage.com/4ad62276cb6d4a83bfb1b8a91b839703:newom/newom/newom/img/product_images/3218.jpg
111,PHRY2PCRBT,Lighting Accessory,Pendant Lamp Holder,1m Fabric Cable Pendant Light Holder,Silicone,Glossy painted,Blue,Pendant,"Lamp Holder, Shade Ring, Lock Nut, Cable",Round,Fabric (PVC Inner Insulation),https://sin1.contabostorage.com/4ad62276cb6d4a83bfb1b8a91b839703:newom/newom/newom/img/product_images/3150.jpg
112,PHRY1PCRBT,Lighting Accessory,Pendant Lamp Holder,1m Fabric Cable Pendant Light Holder,Silicone,Glossy painted,Blue,Pendant,"Lamp Holder, Shade Ring, Lock Nut, Cable",Round,Fabric (PVC Inner Insulation),https://sin1.contabostorage.com/4ad62276cb6d4a83bfb1b8a91b839703:newom/newom/newom/img/product_images/3149.jpg
113,PHRY2PCRGY,Lighting Accessory,Pendant Lamp Holder,1m Fabric Cable Pendant Light Holder,Silicone,Matte Gray,Grey,Pendant,"Lamp Holder, Shade Ring, Lock Nut, Cable",Round,Fabric (PVC Inner Insulation),https://sin1.contabostorage.com/4ad62276cb6d4a83bfb1b8a91b839703:newom/newom/newom/img/product_images/3148.jpg
114,PHRY1PCRGY,Lighting Accessory,Pendant Lamp Holder,1m Fabric Cable Pendant Light Holder,Silicone,Matte Gray,Grey,Pendant,"Lamp Holder, Shade Ring, Lock Nut, Cable",Round,Fabric (PVC Inner Insulation),https://sin1.contabostorage.com/4ad62276cb6d4a83bfb1b8a91b839703:newom/newom/newom/img/product_images/3147.jpg
115,PHRY2PCRPI,Lighting Accessory,Pendant Lamp Holder,1m Fabric Cable Pendant Light Holder,Silicone,Painted Pink,Pink,Pendant,"Lamp Holder, Shade Ring, Lock Nut, Cable",Round,Fabric (PVC Inner Insulation),https://sin1.contabostorage.com/4ad62276cb6d4a83bfb1b8a91b839703:newom/newom/newom/img/product_images/3146.jpg
116,PHRY2PCRYE,Lighting Accessory,Pendant Lamp Holder,1m Fabric Cable Pendant Light Holder,Silicone,Glossy painted,Yellow,Pendant,"Lamp Holder, Shade Ring, Lock Nut, Cable",Round,Fabric (PVC Inner Insulation),https://sin1.contabostorage.com/4ad62276cb6d4a83bfb1b8a91b839703:newom/newom/newom/img/product_images/2720.jpg
117,PHRY2PCRWH,Lighting Accessory,Pendant Lamp Holder,1m Fabric Cable Pendant Light Holder,Silicone,Painetd White,White,Pendant,"Lamp Holder, Shade Ring, Lock Nut, Cable",Round,Fabric (PVC Inner Insulation),https://sin1.contabostorage.com/4ad62276cb6d4a83bfb1b8a91b839703:newom/newom/newom/img/product_images/2719.jpg
118,PHRY2PCROR,Lighting Accessory,Pendant Lamp Holder,1m Fabric Cable Pendant Light Holder,Silicone,Glossy painted,Orange,Pendant,"Lamp Holder, Shade Ring, Lock Nut, Cable",Round,Fabric (PVC Inner Insulation),https://sin1.contabostorage.com/4ad62276cb6d4a83bfb1b8a91b839703:newom/newom/newom/img/product_images/2718.jpg
119,PHRY2PCRLG,Lighting Accessory,Pendant Lamp Holder,1m Fabric Cable Pendant Light Holder,Silicone,Silicone,Green,Pendant,"Lamp Holder, Shade Ring, Lock Nut, Cable",Round,Fabric (PVC Inner Insulation),https://sin1.contabostorage.com/4ad62276cb6d4a83bfb1b8a91b839703:newom/newom/newom/img/product_images/2717.jpg
120,PHRY2PCRBM,Lighting Accessory,Pendant Lamp Holder,1m Fabric Cable Pendant Light Holder,Silicone,Silicone,Black,Pendant,"Lamp Holder, Shade Ring, Lock Nut, Cable",Round,Fabric (PVC Inner Insulation),https://sin1.contabostorage.com/4ad62276cb6d4a83bfb1b8a91b839703:newom/newom/newom/img/product_images/2716.jpg
121,PHRY1PCRYE,Lighting Accessory,Pendant Lamp Holder,1m Fabric Cable Pendant Light Holder,Silicone,Glossy painted,Yellow,Pendant,"Lamp Holder, Shade Ring, Lock Nut, Cable",Round,Fabric (PVC Inner Insulation),https://sin1.contabostorage.com/4ad62276cb6d4a83bfb1b8a91b839703:newom/newom/newom/img/product_images/2715.jpg
122,PHRY1PCRWH,Lighting Accessory,Pendant Lamp Holder,1m Fabric Cable Pendant Light Holder,Silicone,Painetd White,White,Pendant,"Lamp Holder, Shade Ring, Lock Nut, Cable",Round,Fabric (PVC Inner Insulation),https://sin1.contabostorage.com/4ad62276cb6d4a83bfb1b8a91b839703:newom/newom/newom/img/product_images/2714.jpg
123,PHRY1PCROR,Lighting Accessory,Pendant Lamp Holder,1m Fabric Cable Pendant Light Holder,Silicone,Glossy painted,Orange,Pendant,"Lamp Holder, Shade Ring, Lock Nut, Cable",Round,Fabric (PVC Inner Insulation),https://sin1.contabostorage.com/4ad62276cb6d4a83bfb1b8a91b839703:newom/newom/newom/img/product_images/2713.jpg
124,PHRY1PCRLG,Lighting Accessory,Pendant Lamp Holder,1m Fabric Cable Pendant Light Holder,Silicone,Silicone,Green,Pendant,"Lamp Holder, Shade Ring, Lock Nut, Cable",Round,Fabric (PVC Inner Insulation),https://sin1.contabostorage.com/4ad62276cb6d4a83bfb1b8a91b839703:newom/newom/newom/img/product_images/2712.jpg
125,PHRY1PCRBM,Lighting Accessory,Pendant Lamp Holder,1m Fabric Cable Pendant Light Holder,Silicone,Silicone,Black,Pendant,"Lamp Holder, Shade Ring, Lock Nut, Cable",Round,Fabric (PVC Inner Insulation),https://sin1.contabostorage.com/4ad62276cb6d4a83bfb1b8a91b839703:newom/newom/newom/img/product_images/2711.jpg
126,PHHN1PBRCO,Lighting Accessory,Pendant Lamp Holder,E27 Copper Pendant Lamp Holder with 1m Round Cable,Metal,Brass,Copper,Pendant,"Lamp Holder, Shade Ring, Lock Nut, Cable",Round,PVC,https://sin1.contabostorage.com/4ad62276cb6d4a83bfb1b8a91b839703:newom/newom/newom/img/product_images/2444.jpg
127,PHMU1PBRGS,Lighting Accessory,Pendant Lamp Holder,E27 Pendant Lamp Holder with 1m Round Cable,Metal,Mateeblack With Gold Edge Line,Black,Pendant,"Lamp Holder, Shade Ring, Lock Nut, Cable",Round,PVC,https://sin1.contabostorage.com/4ad62276cb6d4a83bfb1b8a91b839703:newom/newom/newom/img/product_images/2454.jpg
128,PHHN1PBRGD,Lighting Accessory,Pendant Lamp Holder,E27 Pendant Lamp Holder with 1m Round Cable,Metal,Gold / Metallic,Gold,Pendant,"Lamp Holder, Shade Ring, Lock Nut, Cable",Round,PVC,https://sin1.contabostorage.com/4ad62276cb6d4a83bfb1b8a91b839703:newom/newom/newom/img/product_images/839.jpg
129,PHMU1PBRFG,Lighting Accessory,Pendant Lamp Holder,E27 Pendant Lamp Holder with 1m Round Cable,Metal,French Gold (Rose Gold Tone),French Gold,Pendant,"Lamp Holder, Shade Ring, Lock Nut, Cable",Round,PVC,https://sin1.contabostorage.com/4ad62276cb6d4a83bfb1b8a91b839703:newom/newom/newom/img/product_images/2544.jpg
130,PHMU1PBRCO,Lighting Accessory,Pendant Lamp Holder,E27 Copper Pendant Lamp Holder with 1m Round Cable,Metal,Brass,Copper,Pendant,"Lamp Holder, Shade Ring, Lock Nut, Cable",Round,PVC,https://sin1.contabostorage.com/4ad62276cb6d4a83bfb1b8a91b839703:newom/newom/newom/img/product_images/2542.jpg
131,PHMU1PBRCH,Lighting Accessory,Pendant Lamp Holder,E27 Chrome Pendant Lamp Holder with 1m Braided Cable,Metal,Polished Chrome,Silver,Pendant,"Lamp Holder, Shade Ring, Lock Nut, Cable",Round,PVC,https://sin1.contabostorage.com/4ad62276cb6d4a83bfb1b8a91b839703:newom/newom/newom/img/product_images/2541.jpg
132,PHMU1PBRGB,Lighting Accessory,Pendant Lamp Holder,E27 Green BrassPendant Lamp Holder with 1m Round PVC Cable,Metal,Brass,Green Brass,Pendant,"Lamp Holder, Shade Ring, Lock Nut, Cable",Round,PVC,https://sin1.contabostorage.com/4ad62276cb6d4a83bfb1b8a91b839703:newom/newom/newom/img/product_images/2540.jpg
133,PHSH1PWRWH,Lighting Accessory,Pendant Lamp Holder,E27 Pendant Lamp Holder with 1m Round Cable,Metal,Painetd White,White,Pendant,"Lamp Holder, Shade Ring, Lock Nut, Cable",Round,PVC,https://sin1.contabostorage.com/4ad62276cb6d4a83bfb1b8a91b839703:newom/newom/newom/img/product_images/2536.jpg
134,PHFH1PBRGS,Lighting Accessory,Pendant Lamp Holder,E27 Pendant Lamp Holder with 1m Round Cable,Metal,Matte Black,Black,Pendant,"Lamp Holder, Shade Ring, Lock Nut, Cable",Round,PVC,https://sin1.contabostorage.com/4ad62276cb6d4a83bfb1b8a91b839703:newom/newom/newom/img/product_images/2527.jpg
135,PHMU1PBRYB,Lighting Accessory,Pendant Lamp Holder,E27 Yellow Brass Pendant Lamp Holder with 1m Twisted Cable,Metal,Brass,Yellow Brass,Pendant,"Lamp Holder, Shade Ring, Lock Nut, Cable",Round,PVC,https://sin1.contabostorage.com/4ad62276cb6d4a83bfb1b8a91b839703:newom/newom/newom/img/product_images/1437.jpg
136,PHMU1PBRRO,Lighting Accessory,Pendant Lamp Holder,E27 Pendant Lamp Holder with 1m Round Cable,Metal,Rose Gold,Rose Gold,Pendant,"Lamp Holder, Shade Ring, Lock Nut, Cable",Round,PVC,https://sin1.contabostorage.com/4ad62276cb6d4a83bfb1b8a91b839703:newom/newom/newom/img/product_images/1436.jpg
137,PHMU1PBRSN,Lighting Accessory,Pendant Lamp Holder,E27 Pendant Lamp Holder with 1m Round Cable,Metal,Brass,Satinnickle,Pendant,"Lamp Holder, Shade Ring, Lock Nut, Cable",Round,PVC,https://sin1.contabostorage.com/4ad62276cb6d4a83bfb1b8a91b839703:newom/newom/newom/img/product_images/1435.jpg
138,PHCHPCRYB,Lighting Accessory,Pendant Lamp Holder,E27 Yellow Brass Pendant Lamp Holder with 1m Twisted Cable,Metal,Brass,Yellow Brass,Pendant,"Lamp Holder, Shade Ring, Lock Nut, Cable",Round,PVC,https://sin1.contabostorage.com/4ad62276cb6d4a83bfb1b8a91b839703:newom/newom/newom/img/product_images/1280.jpg
139,PHCHPCRSN,Lighting Accessory,Pendant Lamp Holder,1m Clear PVC Cable Pendant Light Holder,Metal,Brass,Satinnickle,Pendant,"Lamp Holder, Shade Ring, Lock Nut, Cable",Round,PVC,https://sin1.contabostorage.com/4ad62276cb6d4a83bfb1b8a91b839703:newom/newom/newom/img/product_images/1277.jpg
140,PHCHPCRCH,Lighting Accessory,Pendant Lamp Holder,E27 Chrome Pendant Lamp Holder with 1m Braided Cable,Metal,Polished Chrome,Silver,Pendant,"Lamp Holder, Shade Ring, Lock Nut, Cable",Round,PVC,https://sin1.contabostorage.com/4ad62276cb6d4a83bfb1b8a91b839703:newom/newom/newom/img/product_images/1276.jpg
141,PHCHPBRRO,Lighting Accessory,Pendant Lamp Holder,E27 Pendant Lamp Holder with 1m Round Cable,Metal,Rose Gold,Rose Gold,Pendant,"Lamp Holder, Shade Ring, Lock Nut, Cable",Round,PVC,https://sin1.contabostorage.com/4ad62276cb6d4a83bfb1b8a91b839703:newom/newom/newom/img/product_images/1275.jpg
142,PHCHPBRGB,Lighting Accessory,Pendant Lamp Holder,E27 Green BrassPendant Lamp Holder with 1m Round PVC Cable,Metal,Brass,Green Brass,Pendant,"Lamp Holder, Shade Ring, Lock Nut, Cable",Round,PVC,https://sin1.contabostorage.com/4ad62276cb6d4a83bfb1b8a91b839703:newom/newom/newom/img/product_images/1274.jpg
143,PHCHPBRCO,Lighting Accessory,Pendant Lamp Holder,E27 Copper Pendant Lamp Holder with 1m Round Cable,Metal,Brass,Copper,Pendant,"Lamp Holder, Shade Ring, Lock Nut, Cable",Round,PVC,https://sin1.contabostorage.com/4ad62276cb6d4a83bfb1b8a91b839703:newom/newom/newom/img/product_images/1273.jpg
144,PHCH1BRRCO,Lighting Accessory,Pendant Lamp Holder,E27 Copper Pendant Lamp Holder with 1m Round Cable,Metal,Brass,Copper,Pendant,"Lamp Holder, Shade Ring, Lock Nut, Cable",Round,Fabric (PVC Inner Insulation),https://sin1.contabostorage.com/4ad62276cb6d4a83bfb1b8a91b839703:newom/newom/newom/img/product_images/1231.jpg
145,PHCH1PBRGC,Lighting Accessory,Pendant Lamp Holder,E27 Pendant Lamp Holder with 1m Round Cable,Metal,Oxidized,Greens,Pendant,"Lamp Holder, Shade Ring, Lock Nut, Cable",Round,PVC,https://sin1.contabostorage.com/4ad62276cb6d4a83bfb1b8a91b839703:newom/newom/newom/img/product_images/1195.jpg
146,PHCH1PBRCY,Lighting Accessory,Pendant Lamp Holder,E27 Pendant Lamp Holder with 1m Round Cable,Metal,Rust,Browns,Pendant,"Lamp Holder, Shade Ring, Lock Nut, Cable",Round,PVC,https://sin1.contabostorage.com/4ad62276cb6d4a83bfb1b8a91b839703:newom/newom/newom/img/product_images/1194.jpg
147,PHCH1PBRAA,Lighting Accessory,Pendant Lamp Holder,E27 Pendant Lamp Holder with 1m Round Cable,Metal,Splatter,Multicolour,Pendant,"Lamp Holder, Shade Ring, Lock Nut, Cable",Round,PVC,https://sin1.contabostorage.com/4ad62276cb6d4a83bfb1b8a91b839703:newom/newom/newom/img/product_images/1193.jpg
148,PHCH1BMRBM,Lighting Accessory,Pendant Lamp Holder,E27 Pendant Lamp Holder with 1m Round Cable,Metal,Matte Black,Black,Pendant,"Lamp Holder, Shade Ring, Lock Nut, Cable",Round,PVC,https://sin1.contabostorage.com/4ad62276cb6d4a83bfb1b8a91b839703:newom/newom/newom/img/product_images/735.jpg
149,PHCH2BMRBM,Lighting Accessory,Pendant Lamp Holder,E27 Pendant Lamp Holder with 1m Round Cable,Metal,Matte Black,Black,Pendant,"Lamp Holder, Shade Ring, Lock Nut, Cable",Round,PVC,https://sin1.contabostorage.com/4ad62276cb6d4a83bfb1b8a91b839703:newom/newom/newom/img/product_images/3124.jpg
150,PHCH1PBRBB,Lighting Accessory,Pendant Lamp Holder,E27 Pendant Lamp Holder with 1m Round Cable,Metal,Brass,Brushed Brass,Pendant,"Lamp Holder, Shade Ring, Lock Nut, Cable",Round,PVC,https://sin1.contabostorage.com/4ad62276cb6d4a83bfb1b8a91b839703:newom/newom/newom/img/product_images/1923.jpg
151,PHCH1PBRRR,Lighting Accessory,Pendant Lamp Holder,E27 Pendant Lamp Holder with 1m Round Cable,Metal,Rustic Red,Red,Pendant,"Lamp Holder, Shade Ring, Lock Nut, Cable",Round,PVC,https://sin1.contabostorage.com/4ad62276cb6d4a83bfb1b8a91b839703:newom/newom/newom/img/product_images/1234.jpg
152,PHCH1PBRBC,Lighting Accessory,Pendant Lamp Holder,E27 Pendant Lamp Holder with 1m Round Cable,Metal,Brass,Brushed Copper,Pendant,"Lamp Holder, Shade Ring, Lock Nut, Cable",Round,PVC,https://sin1.contabostorage.com/4ad62276cb6d4a83bfb1b8a91b839703:newom/newom/newom/img/product_images/1233.jpg
153,PHCH1PBRBS,Lighting Accessory,Pendant Lamp Holder,E27 Pendant Lamp Holder with 1m Round Cable,Metal,Brushed Silver,Silver,Pendant,"Lamp Holder, Shade Ring, Lock Nut, Cable",Round,PVC,https://sin1.contabostorage.com/4ad62276cb6d4a83bfb1b8a91b839703:newom/newom/newom/img/product_images/1232.jpg
154,PHHC1BMRYB,Lighting Accessory,Pendant Lamp Holder,E27 Yellow Brass Pendant Lamp Holder with 1m Twisted Cable,Metal,Brass,Yellow Brass,Pendant,"Lamp Holder, Shade Ring, Lock Nut, Cable",Round,PVC,https://sin1.contabostorage.com/4ad62276cb6d4a83bfb1b8a91b839703:newom/newom/newom/img/product_images/5064.jpg
155,PHHC1BMRBM,Lighting Accessory,Pendant Lamp Holder,E27 Pendant Lamp Holder with 1m Round Cable,Metal,Matte Black,Black,Pendant,"Lamp Holder, Shade Ring, Lock Nut, Cable",Round,PVC,https://sin1.contabostorage.com/4ad62276cb6d4a83bfb1b8a91b839703:newom/newom/newom/img/product_images/5063.jpg
156,PHHF1PBRBS,Lighting Accessory,Pendant Lamp Holder,E27 Pendant Lamp Holder with 1m Round Cable,Metal,Brushed Silver,Silver,Pendant,"Lamp Holder, Shade Ring, Lock Nut, Cable",Round,PVC,https://sin1.contabostorage.com/4ad62276cb6d4a83bfb1b8a91b839703:newom/newom/newom/img/product_images/37137.jpg
157,PHHF1PBRBC,Lighting Accessory,Pendant Lamp Holder,E27 Pendant Lamp Holder with 1m Round Cable,Metal,Brass,Brushed Copper,Pendant,"Lamp Holder, Shade Ring, Lock Nut, Cable",Round,PVC,https://sin1.contabostorage.com/4ad62276cb6d4a83bfb1b8a91b839703:newom/newom/newom/img/product_images/37136.jpg
158,PHHF1PBRBM,Lighting Accessory,Pendant Lamp Holder,E27 Pendant Lamp Holder with 1m Round Cable,Metal,Matte Black,Black,Pendant,"Lamp Holder, Shade Ring, Lock Nut, Cable",Round,PVC,https://sin1.contabostorage.com/4ad62276cb6d4a83bfb1b8a91b839703:newom/newom/newom/img/product_images/37135.jpg
159,PHCN1PBRYB,Lighting Accessory,Pendant Lamp Holder,E27 Yellow Brass Pendant Lamp Holder with 1m Twisted Cable,Metal,Brass,Yellow Brass,Pendant,"Lamp Holder, Shade Ring, Lock Nut, Cable",Round,PVC,https://sin1.contabostorage.com/4ad62276cb6d4a83bfb1b8a91b839703:newom/newom/newom/img/product_images/789.jpg
160,PHCN1PBRCO,Lighting Accessory,Pendant Lamp Holder,E27 Copper Pendant Lamp Holder with 1m Round Cable,Metal,Brass,Copper,Pendant,"Lamp Holder, Shade Ring, Lock Nut, Cable",Round,PVC,https://sin1.contabostorage.com/4ad62276cb6d4a83bfb1b8a91b839703:newom/newom/newom/img/product_images/788.jpg
161,PHCN1PWRWH,Lighting Accessory,Pendant Lamp Holder,E27 Pendant Lamp Holder with 1m Round Cable,Metal,Painetd White,White,Pendant,"Lamp Holder, Shade Ring, Lock Nut, Cable",Round,PVC,https://sin1.contabostorage.com/4ad62276cb6d4a83bfb1b8a91b839703:newom/newom/newom/img/product_images/787.jpg
162,PHCN1PCRSN,Lighting Accessory,Pendant Lamp Holder,E27 Pendant Lamp Holder with 1m Round Cable,Metal,Brass,Satinnickle,Pendant,"Lamp Holder, Shade Ring, Lock Nut, Cable",Round,PVC,https://sin1.contabostorage.com/4ad62276cb6d4a83bfb1b8a91b839703:newom/newom/newom/img/product_images/786.jpg
163,PHCN1PBRRO,Lighting Accessory,Pendant Lamp Holder,E27 Pendant Lamp Holder with 1m Round Cable,Metal,Rose Gold,Rose Gold,Pendant,"Lamp Holder, Shade Ring, Lock Nut, Cable",Round,PVC,https://sin1.contabostorage.com/4ad62276cb6d4a83bfb1b8a91b839703:newom/newom/newom/img/product_images/785.jpg
164,PHCN1PBRBM,Lighting Accessory,Pendant Lamp Holder,E27 Pendant Lamp Holder with 1m Round Cable,Metal,Matte Black,Black,Pendant,"Lamp Holder, Shade Ring, Lock Nut, Cable",Round,PVC,https://sin1.contabostorage.com/4ad62276cb6d4a83bfb1b8a91b839703:newom/newom/newom/img/product_images/46.jpg
165,PHDO1PWRWH,Lighting Accessory,Pendant Lamp Holder,E27 Pendant Lamp Holder with 1m Round Cable,Metal,Painetd White,White,Pendant,"Lamp Holder, Shade Ring, Lock Nut, Cable",Round,PVC,https://sin1.contabostorage.com/4ad62276cb6d4a83bfb1b8a91b839703:newom/newom/newom/img/product_images/2991.jpg
166,PHDO1PBRBM,Lighting Accessory,Pendant Lamp Holder,E27 Pendant Lamp Holder with 1m Round Cable,Metal,Matte Black,Black,Pendant,"Lamp Holder, Shade Ring, Lock Nut, Cable",Round,PVC,https://sin1.contabostorage.com/4ad62276cb6d4a83bfb1b8a91b839703:newom/newom/newom/img/product_images/1952.jpg
167,PHBA1BMRBM,Lighting Accessory,Pendant Lamp Holder,E27 Pendant Lamp Holder with 1m Round Cable,Metal,Matte Black,Black,Pendant,"Lamp Holder, Shade Ring, Lock Nut, Cable",Round,PVC,https://sin1.contabostorage.com/4ad62276cb6d4a83bfb1b8a91b839703:newom/newom/newom/img/product_images/1292.jpg
168,PHRYWP2RBM,Lighting Accessory,Pendant Lamp Holder,E27 Pendant Lamp Holder with 1m Round Cable,Metal,Matte Black,Black,Pendant,"Lamp Holder, Shade Ring, Lock Nut, Cable",Round,PVC,https://sin1.contabostorage.com/4ad62276cb6d4a83bfb1b8a91b839703:newom/newom/newom/img/product_images/3856.jpg
169,PHRYWP1RBM,Lighting Accessory,Pendant Lamp Holder,E27 Pendant Lamp Holder with 1m Round Cable,Metal,Matte Black,Black,Pendant,"Lamp Holder, Shade Ring, Lock Nut, Cable",Round,PVC,https://sin1.contabostorage.com/4ad62276cb6d4a83bfb1b8a91b839703:newom/newom/newom/img/product_images/1893.jpg
170,PHTC1PBRBM,Lighting Accessory,Pendant Lamp Holder,E27 Pendant Lamp Holder with 1m Round Cable,Metal,Matte Black,Black,Pendant,"Lamp Holder, Shade Ring, Lock Nut, Cable",Round,PVC,https://sin1.contabostorage.com/4ad62276cb6d4a83bfb1b8a91b839703:newom/newom/newom/img/product_images/41029.jpg
171,PHTC1PGRGD,Lighting Accessory,Pendant Lamp Holder,E27 Pendant Lamp Holder with 1m Round Cable,Metal,Gold / Metallic,Gold,Pendant,"Lamp Holder, Shade Ring, Lock Nut, Cable",Round,PVC,https://sin1.contabostorage.com/4ad62276cb6d4a83bfb1b8a91b839703:newom/newom/newom/img/product_images/41028.jpg
172,PHTC1PCRCH,Lighting Accessory,Pendant Lamp Holder,E27 Chrome Pendant Lamp Holder with 1m Braided Cable,Metal,Polished Chrome,Silver,Pendant,"Lamp Holder, Shade Ring, Lock Nut, Cable",Round,PVC,https://sin1.contabostorage.com/4ad62276cb6d4a83bfb1b8a91b839703:newom/newom/newom/img/product_images/41027.jpg
173,PHCGF1BMRBM,Lighting Accessory,Pendant Lamp Holder,,Metal  + Glass,Matte Black,Black,Pendant,"Lamp Holder, Shade Ring, Lock Nut, Cable",Round,PVC,https://sin1.contabostorage.com/4ad62276cb6d4a83bfb1b8a91b839703:newom/newom/newom/img/product_images/40419.jpg
174,PHCW1PBRWO,Lighting Accessory,Pendant Lamp Holder,,Wood,Matte,Browns,Pendant,"Lamp Holder, Shade Ring, Lock Nut, Cable",Round,Fabric,https://sin1.contabostorage.com/4ad62276cb6d4a83bfb1b8a91b839703:newom/newom/newom/img/product_images/1508.jpg
175,PHOP1PBRBM,Lighting Accessory,Pendant Lamp Holder,,Metal,Matte Black,Black,Pendant,"Lamp Holder, Shade Ring, Lock Nut, Cable",Round,PVC,https://sin1.contabostorage.com/4ad62276cb6d4a83bfb1b8a91b839703:newom/newom/newom/img/product_images/1257.jpg
176,PHHS1PWRWH,Lighting Accessory,Pendant Lamp Holder,,Metal,Painetd White,White,Pendant,"Lamp Holder, Shade Ring, Lock Nut, Cable",Round,PVC,https://sin1.contabostorage.com/4ad62276cb6d4a83bfb1b8a91b839703:newom/newom/newom/img/product_images/2310.jpg
177,PHHS1PWRRE,Lighting Accessory,Pendant Lamp Holder,,Metal,Gloss Plastic Finish,Red,Pendant,"Lamp Holder, Shade Ring, Lock Nut, Cable",Round,PVC,https://sin1.contabostorage.com/4ad62276cb6d4a83bfb1b8a91b839703:newom/newom/newom/img/product_images/2309.jpg
178,PHHS1PWROR,Lighting Accessory,Pendant Lamp Holder,,Metal,Glossy painted,Orange,Pendant,"Lamp Holder, Shade Ring, Lock Nut, Cable",Round,PVC,https://sin1.contabostorage.com/4ad62276cb6d4a83bfb1b8a91b839703:newom/newom/newom/img/product_images/2308.jpg
179,PHHS1PWRBT,Lighting Accessory,Pendant Lamp Holder,,Metal,Glossy painted,Blue,Pendant,"Lamp Holder, Shade Ring, Lock Nut, Cable",Round,PVC,https://sin1.contabostorage.com/4ad62276cb6d4a83bfb1b8a91b839703:newom/newom/newom/img/product_images/2307.jpg
180,PHHS1PWRBL,Lighting Accessory,Pendant Lamp Holder,,Metal,Glossy painted,Blue,Pendant,"Lamp Holder, Shade Ring, Lock Nut, Cable",Round,PVC,https://sin1.contabostorage.com/4ad62276cb6d4a83bfb1b8a91b839703:newom/newom/newom/img/product_images/2306.jpg
181,PHHS1PBRBM,Lighting Accessory,Pendant Lamp Holder,,Metal,Matte Black,Black,Pendant,"Lamp Holder, Shade Ring, Lock Nut, Cable",Round,PVC,https://sin1.contabostorage.com/4ad62276cb6d4a83bfb1b8a91b839703:newom/newom/newom/img/product_images/2305.jpg
182,PHHS1PWRYE,Lighting Accessory,Pendant Lamp Holder,,Metal,Glossy painted,Yellow,Pendant,"Lamp Holder, Shade Ring, Lock Nut, Cable",Round,PVC,https://sin1.contabostorage.com/4ad62276cb6d4a83bfb1b8a91b839703:newom/newom/newom/img/product_images/2304.jpg
183,PHHS1PWRGY,Lighting Accessory,Pendant Lamp Holder,,Metal,Matte Gray,Grey,Pendant,"Lamp Holder, Shade Ring, Lock Nut, Cable",Round,PVC,https://sin1.contabostorage.com/4ad62276cb6d4a83bfb1b8a91b839703:newom/newom/newom/img/product_images/2303.jpg
184,PHOP1PBRBB,Lighting Accessory,Pendant Lamp Holder,,Metal,Brass,Brushed Brass,Pendant,"Lamp Holder, Shade Ring, Lock Nut, Cable",Round,PVC,https://sin1.contabostorage.com/4ad62276cb6d4a83bfb1b8a91b839703:newom/newom/newom/img/product_images/2291.jpg
185,PHOP1PBRBC,Lighting Accessory,Pendant Lamp Holder,,Metal,Brass,Brushed Copper,Pendant,"Lamp Holder, Shade Ring, Lock Nut, Cable",Round,PVC,https://sin1.contabostorage.com/4ad62276cb6d4a83bfb1b8a91b839703:newom/newom/newom/img/product_images/1362.jpg
186,PHOP1PBRRR,Lighting Accessory,Pendant Lamp Holder,,Metal,Rustic Red,Red,Pendant,"Lamp Holder, Shade Ring, Lock Nut, Cable",Round,PVC,https://sin1.contabostorage.com/4ad62276cb6d4a83bfb1b8a91b839703:newom/newom/newom/img/product_images/1357.jpg
187,PHOP1PBRBS,Lighting Accessory,Pendant Lamp Holder,,Metal,Brushed Silver,Silver,Pendant,"Lamp Holder, Shade Ring, Lock Nut, Cable",Round,PVC,https://sin1.contabostorage.com/4ad62276cb6d4a83bfb1b8a91b839703:newom/newom/newom/img/product_images/1356.jpg
188,PHHS1PBRBS,Lighting Accessory,Pendant Lamp Holder,,Metal,Brushed Silver,Silver,Pendant,"Lamp Holder, Shade Ring, Lock Nut, Cable",Round,PVC,https://sin1.contabostorage.com/4ad62276cb6d4a83bfb1b8a91b839703:newom/newom/newom/img/product_images/2313.jpg
189,PHHS1PBRRR,Lighting Accessory,Pendant Lamp Holder,,Metal,Rustic Red,Red,Pendant,"Lamp Holder, Shade Ring, Lock Nut, Cable",Round,PVC,https://sin1.contabostorage.com/4ad62276cb6d4a83bfb1b8a91b839703:newom/newom/newom/img/product_images/2312.jpg
190,PHHS1PBRBC,Lighting Accessory,Pendant Lamp Holder,,Metal,Brass,Brushed Copper,Pendant,"Lamp Holder, Shade Ring, Lock Nut, Cable",Round,PVC,https://sin1.contabostorage.com/4ad62276cb6d4a83bfb1b8a91b839703:newom/newom/newom/img/product_images/2311.jpg
191,PHMH1HERCO,Lighting Accessory,Pendant Lamp Holder,E27 Copper Pendant Lamp Holder with 1m Round Cable,Metal,Brass,Copper,Pendant,"Lamp Holder, Lock Nut, Cable",Round,Hemp,https://sin1.contabostorage.com/4ad62276cb6d4a83bfb1b8a91b839703:newom/newom/newom/img/product_images/2523.jpg
192,PHMH1HERYB,Lighting Accessory,Pendant Lamp Holder,E27 Yellow Brass Pendant Lamp Holder with 1m Twisted Cable,Metal,Brass,Yellow Brass,Pendant,"Lamp Holder, Shade Ring, Lock Nut, Cable",Round,Hemp,https://sin1.contabostorage.com/4ad62276cb6d4a83bfb1b8a91b839703:newom/newom/newom/img/product_images/2514.jpg
193,PHBK1PCRSN,Lighting Accessory,Pendant Lamp Holder,,Metal,Brass,Satinnickle,Pendant,"Lamp Holder, Shade Ring, Lock Nut, Cable",Round,PVC,https://sin1.contabostorage.com/4ad62276cb6d4a83bfb1b8a91b839703:newom/newom/newom/img/product_images/3092.jpg
194,PHBK1PBRBA,Lighting Accessory,Pendant Lamp Holder,,Metal,Mate Black,Black,Pendant,"Lamp Holder, Shade Ring, Lock Nut, Cable",Round,PVC,https://sin1.contabostorage.com/4ad62276cb6d4a83bfb1b8a91b839703:newom/newom/newom/img/product_images/3090.jpg
195,PHBK1PCRCH,Lighting Accessory,Pendant Lamp Holder,E27 Chrome Pendant Lamp Holder with 1m Braided Cable,Metal,Polished Chrome,Silver,Pendant,"Lamp Holder, Shade Ring, Lock Nut, Cable",Round,PVC,https://sin1.contabostorage.com/4ad62276cb6d4a83bfb1b8a91b839703:newom/newom/newom/img/product_images/3089.jpg
196,PHBK1PBRRO,Lighting Accessory,Pendant Lamp Holder,,Metal,Rose Gold,Rose Gold,Pendant,"Lamp Holder, Shade Ring, Lock Nut, Cable",Round,PVC,https://sin1.contabostorage.com/4ad62276cb6d4a83bfb1b8a91b839703:newom/newom/newom/img/product_images/3088.jpg
197,PHBK1PBRFG,Lighting Accessory,Pendant Lamp Holder,,Metal,French Gold (Rose Gold Tone),French Gold,Pendant,"Lamp Holder, Shade Ring, Lock Nut, Cable",Round,PVC,https://sin1.contabostorage.com/4ad62276cb6d4a83bfb1b8a91b839703:newom/newom/newom/img/product_images/3087.jpg
198,PHBK1PBRCO,Lighting Accessory,Pendant Lamp Holder,E27 Copper Pendant Lamp Holder with 1m Round Cable,Metal,Brass,Copper,Pendant,"Lamp Holder, Shade Ring, Lock Nut, Cable",Round,PVC,https://sin1.contabostorage.com/4ad62276cb6d4a83bfb1b8a91b839703:newom/newom/newom/img/product_images/3086.jpg
199,PHBK1PWRWH,Lighting Accessory,Pendant Lamp Holder,,Metal,Painetd White,White,Pendant,"Lamp Holder, Shade Ring, Lock Nut, Cable",Round,PVC,https://sin1.contabostorage.com/4ad62276cb6d4a83bfb1b8a91b839703:newom/newom/newom/img/product_images/3085.jpg
200,PHCN1GDRYB,Lighting Accessory,Pendant Lamp Holder,E27 Yellow Brass Pendant Lamp Holder with 1m Twisted Cable,Metal,Brass,Yellow Brass,Pendant,"Lamp Holder, Shade Ring, Lock Nut, Cable",Round,Fabric Braided,https://sin1.contabostorage.com/4ad62276cb6d4a83bfb1b8a91b839703:newom/newom/newom/img/product_images/1707.jpg
201,PHCN1AGRGB,Lighting Accessory,Pendant Lamp Holder,E27 Green BrassPendant Lamp Holder with 1m Round Braided Cable,Metal,Brass,Green Brass,Pendant,"Lamp Holder, Shade Ring, Lock Nut, Cable",Round,Fabric Braided,https://sin1.contabostorage.com/4ad62276cb6d4a83bfb1b8a91b839703:newom/newom/newom/img/product_images/1706.jpg
202,PHQL1AGRGB,Lighting Accessory,Pendant Lamp Holder,E27 Green BrassPendant Lamp Holder with 1m Round Braided Cable,Metal,Brass,Green Brass,Pendant,"Lamp Holder, Shade Ring, Lock Nut, Cable",Round,Fabric Braided,https://sin1.contabostorage.com/4ad62276cb6d4a83bfb1b8a91b839703:newom/newom/newom/img/product_images/2630.jpg
203,PHQL1BRRCO,Lighting Accessory,Pendant Lamp Holder,E27 Copper Pendant Lamp Holder with 1m Round Cable,Metal,Brass,Copper,Pendant,"Lamp Holder, Shade Ring, Lock Nut, Cable",Round,Fabric Braided,https://sin1.contabostorage.com/4ad62276cb6d4a83bfb1b8a91b839703:newom/newom/newom/img/product_images/2629.jpg
204,PHQL1GDRYB,Lighting Accessory,Pendant Lamp Holder,E27 Yellow Brass Pendant Lamp Holder with 1m Twisted Cable,Metal,Brass,Yellow Brass,Pendant,"Lamp Holder, Shade Ring, Lock Nut, Cable",Round,Fabric Braided,https://sin1.contabostorage.com/4ad62276cb6d4a83bfb1b8a91b839703:newom/newom/newom/img/product_images/2565.jpg
205,PHQL1BMRBM,Lighting Accessory,Pendant Lamp Holder,,Metal,Matte Black,Black,Pendant,"Lamp Holder, Shade Ring, Lock Nut, Cable",Round,Fabric Braided,https://sin1.contabostorage.com/4ad62276cb6d4a83bfb1b8a91b839703:newom/newom/newom/img/product_images/2548.jpg
206,PHLH1AGTGB,Lighting Accessory,Pendant Lamp Holder,E27 Green BrassPendant Lamp Holder with 1m Twisted Green Braided Cable,Metal,Brass,Green Brass,Pendant,"Lamp Holder, Shade Ring, Lock Nut, Cable",Twisted,Fabric Braided,https://sin1.contabostorage.com/4ad62276cb6d4a83bfb1b8a91b839703:newom/newom/newom/img/product_images/859.jpg
207,PHRG1AGRGB,Lighting Accessory,Pendant Lamp Holder,E27 Green BrassPendant Lamp Holder with 1m Round Braided Cable,Metal,Brass,Green Brass,Pendant,"Lamp Holder, Shade Ring, Lock Nut, Cable",Round,Fabric Braided,https://sin1.contabostorage.com/4ad62276cb6d4a83bfb1b8a91b839703:newom/newom/newom/img/product_images/856.jpg
208,PHRG1GDRYB,Lighting Accessory,Pendant Lamp Holder,E27 Yellow Brass Pendant Lamp Holder with 1m Twisted Cable,Metal,Brass,Yellow Brass,Pendant,"Lamp Holder, Shade Ring, Lock Nut, Cable",Round,Fabric Braided,https://sin1.contabostorage.com/4ad62276cb6d4a83bfb1b8a91b839703:newom/newom/newom/img/product_images/855.jpg
209,PHRN2PCROR,Lighting Accessory,Pendant Lamp Holder,E27 Orange Silicone Pendant Lamp Holder with Fabric Cable,Silicone,Glossy painted,Red,Pendant,"Lamp Holder, Shade Ring, Lock Nut, Cable",Round,Fabric Braided,https://sin1.contabostorage.com/4ad62276cb6d4a83bfb1b8a91b839703:newom/newom/newom/img/product_images/3217.jpg
210,PHRN1PCROR,Lighting Accessory,Pendant Lamp Holder,E27 Orange Silicone Pendant Lamp Holder with Fabric Cable,Silicone,Glossy painted,Red,Pendant,"Lamp Holder, Shade Ring, Lock Nut, Cable",Round,Fabric Braided,https://sin1.contabostorage.com/4ad62276cb6d4a83bfb1b8a91b839703:newom/newom/newom/img/product_images/3216.jpg
211,PHRN2PCRBM,Lighting Accessory,Pendant Lamp Holder,E27 Black Silicone Pendant Lamp Holder with Fabric Cable,Silicone,Matte Black,Black,Pendant,"Lamp Holder, Shade Ring, Lock Nut, Cable",Round,Fabric Braided,https://sin1.contabostorage.com/4ad62276cb6d4a83bfb1b8a91b839703:newom/newom/newom/img/product_images/3215.jpg
212,PHRN1PCRBM,Lighting Accessory,Pendant Lamp Holder,E27 Black Silicone Pendant Lamp Holder with Fabric Cable,Silicone,Matte Black,Black,Pendant,"Lamp Holder, Shade Ring, Lock Nut, Cable",Round,Fabric Braided,https://sin1.contabostorage.com/4ad62276cb6d4a83bfb1b8a91b839703:newom/newom/newom/img/product_images/3214.jpg
213,PHRN1PCRLG,Lighting Accessory,Pendant Lamp Holder,E27 Lime green Silicone Pendant Lamp Holder with Fabric Cable,Silicone,Silicone Red,Red,Pendant,"Lamp Holder, Shade Ring, Lock Nut, Cable",Round,Fabric Braided,https://sin1.contabostorage.com/4ad62276cb6d4a83bfb1b8a91b839703:newom/newom/newom/img/product_images/2723.jpg
214,PHRN1PCRGY,Lighting Accessory,Pendant Lamp Holder,E27 GraySilicone Pendant Lamp Holder with Fabric Cable,Silicone,Matte Gray,Grey,Pendant,"Lamp Holder, Shade Ring, Lock Nut, Cable",Round,Fabric Braided,https://sin1.contabostorage.com/4ad62276cb6d4a83bfb1b8a91b839703:newom/newom/newom/img/product_images/2722.jpg
215,PHRN1PCRBT,Lighting Accessory,Pendant Lamp Holder,"E27 Blue Silicone 
Pendant Lamp 
Holder with Fabric Cable",Silicone,Glossy painted,Red,Pendant,"Lamp Holder, Shade Ring, Lock Nut, Cable",Round,Fabric Braided,https://sin1.contabostorage.com/4ad62276cb6d4a83bfb1b8a91b839703:newom/newom/newom/img/product_images/2721.jpg
216,PHRN2PCRYE,Lighting Accessory,Pendant Lamp Holder,E27 Yellow Silicone Pendant Lamp Holder with Fabric Cable,Silicone,Glossy painted,Yellow,Pendant,"Lamp Holder, Shade Ring, Lock Nut, Cable",Round,Fabric Braided,https://sin1.contabostorage.com/4ad62276cb6d4a83bfb1b8a91b839703:newom/newom/newom/img/product_images/3544.jpg
217,PHRN2PCRPI,Lighting Accessory,Pendant Lamp Holder,E27 Pink Silicone Pendant Lamp Holder with Fabric Cable,Silicone,Painted Pink,Red,Pendant,"Lamp Holder, Shade Ring, Lock Nut, Cable",Round,Fabric Braided,https://sin1.contabostorage.com/4ad62276cb6d4a83bfb1b8a91b839703:newom/newom/newom/img/product_images/3543.jpg
218,PHRN2PCRWH,Lighting Accessory,Pendant Lamp Holder,E27 Pink Silicone Pendant Lamp Holder with Fabric Cable,Silicone,Painetd White,White,Pendant,"Lamp Holder, Shade Ring, Lock Nut, Cable",Round,Fabric Braided,https://sin1.contabostorage.com/4ad62276cb6d4a83bfb1b8a91b839703:newom/newom/newom/img/product_images/3635.jpg
219,PHRN2PCRRE,Lighting Accessory,Pendant Lamp Holder,E27 Red Silicone Pendant Lamp Holder with Fabric Cable,Silicone,Gloss Plastic Finish,Red,Pendant,"Lamp Holder, Shade Ring, Lock Nut, Cable",Round,Fabric Braided,https://sin1.contabostorage.com/4ad62276cb6d4a83bfb1b8a91b839703:newom/newom/newom/img/product_images/3634.jpg
220,PHRN2PCRGY,Lighting Accessory,Pendant Lamp Holder,E27 Grey Silicone Pendant Lamp Holder with Fabric Cable,Silicone,Matte Gray,Grey,Pendant,"Lamp Holder, Shade Ring, Lock Nut, Cable",Round,Fabric Braided,https://sin1.contabostorage.com/4ad62276cb6d4a83bfb1b8a91b839703:newom/newom/newom/img/product_images/3632.jpg
221,PHRN2PCRLG,Lighting Accessory,Pendant Lamp Holder,E27 Lime Green Silicone Pendant Lamp Holder with Fabric Cable,Silicone,Silicone Red,,Pendant,"Lamp Holder, Shade Ring, Lock Nut, Cable",Round,Fabric Braided,https://sin1.contabostorage.com/4ad62276cb6d4a83bfb1b8a91b839703:newom/newom/newom/img/product_images/3631.jpg
222,PHRN1PCRYE,Lighting Accessory,Pendant Lamp Holder,E27 Yellow Silicone Pendant Lamp Holder with Fabric Cable,Silicone,Glossy painted,Yellow,Pendant,"Lamp Holder, Shade Ring, Lock Nut, Cable",Round,Fabric Braided,https://sin1.contabostorage.com/4ad62276cb6d4a83bfb1b8a91b839703:newom/newom/newom/img/product_images/3630.jpg
223,PHRN1PCRWH,Lighting Accessory,Pendant Lamp Holder,E27 White Silicone Pendant Lamp Holder with Fabric Cable,Silicone,Painetd White,White,Pendant,"Lamp Holder, Shade Ring, Lock Nut, Cable",Round,Fabric Braided,https://sin1.contabostorage.com/4ad62276cb6d4a83bfb1b8a91b839703:newom/newom/newom/img/product_images/3629.jpg
224,PHRN1PCRRE,Lighting Accessory,Pendant Lamp Holder,E27 Red Silicone Pendant Lamp Holder with Fabric Cable,Silicone,Gloss Plastic Finish,Silicone Red,Pendant,"Lamp Holder, Shade Ring, Lock Nut, Cable",Round,Fabric Braided,https://sin1.contabostorage.com/4ad62276cb6d4a83bfb1b8a91b839703:newom/newom/newom/img/product_images/3628.jpg
225,PHRNWP2RBM,Lighting Accessory,Pendant Lamp Holder,,Metal,Matte Black,Black,Pendant,"Lamp Holder, Shade Ring, Lock Nut, Cable",Round,PVC,https://sin1.contabostorage.com/4ad62276cb6d4a83bfb1b8a91b839703:newom/newom/newom/img/product_images/3553.jpg
226,PHRNWP1RBM,Lighting Accessory,Pendant Lamp Holder,,Metal,Matte Black,Black,Pendant,"Lamp Holder, Shade Ring, Lock Nut, Cable",Round,PVC,https://sin1.contabostorage.com/4ad62276cb6d4a83bfb1b8a91b839703:newom/newom/newom/img/product_images/3552.jpg
227,PHTT1PWR10WH,Lighting Accessory,Pendant Lamp Holder,,Metal,Painetd White,White,Pendant,"Lamp Holder, Shade Ring, Lock Nut, Cable",Round,PVC,https://sin1.contabostorage.com/4ad62276cb6d4a83bfb1b8a91b839703:newom/newom/newom/img/product_images/37623.jpg
228,PHTT1PCR10CH,Lighting Accessory,Pendant Lamp Holder,E27 Chrome Pendant Lamp Holder with 1m Braided Cable,Metal,Polished Chrome,Silver,Pendant,"Lamp Holder, Shade Ring, Lock Nut, Cable",Round,PVC,https://sin1.contabostorage.com/4ad62276cb6d4a83bfb1b8a91b839703:newom/newom/newom/img/product_images/37622.jpg
229,PHTT1PWRYE,Lighting Accessory,Pendant Lamp Holder,,Metal,Glossy painted,Yellow,Pendant,"Lamp Holder, Shade Ring, Lock Nut, Cable",Round,PVC,https://sin1.contabostorage.com/4ad62276cb6d4a83bfb1b8a91b839703:newom/newom/newom/img/product_images/2479.jpg
230,PHTT1PWCGR,Lighting Accessory,Pendant Lamp Holder,,Metal,Glossy painted,Green,Pendant,"Lamp Holder, Shade Ring, Lock Nut, Cable",Round,PVC,https://sin1.contabostorage.com/4ad62276cb6d4a83bfb1b8a91b839703:newom/newom/newom/img/product_images/3753.jpg
231,PHTT1PWCYE,Lighting Accessory,Pendant Lamp Holder,,Metal,Glossy painted,Yellow,Pendant,"Lamp Holder, Shade Ring, Lock Nut, Cable",Round,PVC,https://sin1.contabostorage.com/4ad62276cb6d4a83bfb1b8a91b839703:newom/newom/newom/img/product_images/3752.jpg
232,PHTT1PWCRE,Lighting Accessory,Pendant Lamp Holder,,Metal,Gloss Plastic Finish,Silicone Red,Pendant,"Lamp Holder, Shade Ring, Lock Nut, Cable",Round,PVC,https://sin1.contabostorage.com/4ad62276cb6d4a83bfb1b8a91b839703:newom/newom/newom/img/product_images/3751.jpg
233,PHTT1PWCBL,Lighting Accessory,Pendant Lamp Holder,,Metal,Glossy painted,Blue,Pendant,"Lamp Holder, Shade Ring, Lock Nut, Cable",Round,PVC,https://sin1.contabostorage.com/4ad62276cb6d4a83bfb1b8a91b839703:newom/newom/newom/img/product_images/3750.jpg
234,PHTT1PBR40BM,Lighting Accessory,Pendant Lamp Holder,,Metal,Matte Black,Black,Pendant,"Lamp Holder, Shade Ring, Lock Nut, Cable",Round,PVC,https://sin1.contabostorage.com/4ad62276cb6d4a83bfb1b8a91b839703:newom/newom/newom/img/product_images/3377.jpg
235,PHTT1PBR30BM,Lighting Accessory,Pendant Lamp Holder,,Metal,Matte Black,Black,Pendant,"Lamp Holder, Shade Ring, Lock Nut, Cable",Round,PVC,https://sin1.contabostorage.com/4ad62276cb6d4a83bfb1b8a91b839703:newom/newom/newom/img/product_images/3244.jpg
236,PHTT2PBR10BM,Lighting Accessory,Pendant Lamp Holder,,Metal,Matte Black,Black,Pendant,"Lamp Holder, Shade Ring, Lock Nut, Cable",Round,PVC,https://sin1.contabostorage.com/4ad62276cb6d4a83bfb1b8a91b839703:newom/newom/newom/img/product_images/3212.jpg
237,PHTT2PBR5BM,Lighting Accessory,Pendant Lamp Holder,,Metal,Matte Black,Black,Pendant,"Lamp Holder, Shade Ring, Lock Nut, Cable",Round,PVC,https://sin1.contabostorage.com/4ad62276cb6d4a83bfb1b8a91b839703:newom/newom/newom/img/product_images/3211.jpg
238,PHTT1PBR15BM,Lighting Accessory,Pendant Lamp Holder,,Metal,Matte Black,Black,Pendant,"Lamp Holder, Shade Ring, Lock Nut, Cable",Round,PVC,https://sin1.contabostorage.com/4ad62276cb6d4a83bfb1b8a91b839703:newom/newom/newom/img/product_images/2526.jpg
239,PHTT1PBR1BM,Lighting Accessory,Pendant Lamp Holder,,Metal,Matte Black,Black,Pendant,"Lamp Holder, Shade Ring, Lock Nut, Cable",Round,PVC,https://sin1.contabostorage.com/4ad62276cb6d4a83bfb1b8a91b839703:newom/newom/newom/img/product_images/2518.jpg
240,PHTT1PWR1WH,Lighting Accessory,Pendant Lamp Holder,,Metal,Painetd White,White,Pendant,"Lamp Holder, Shade Ring, Lock Nut, Cable",Round,PVC,https://sin1.contabostorage.com/4ad62276cb6d4a83bfb1b8a91b839703:newom/newom/newom/img/product_images/2517.jpg
241,PHTT1PWRGR,Lighting Accessory,Pendant Lamp Holder,,Metal,Glossy painted,Green,Pendant,"Lamp Holder, Shade Ring, Lock Nut, Cable",Round,PVC,https://sin1.contabostorage.com/4ad62276cb6d4a83bfb1b8a91b839703:newom/newom/newom/img/product_images/2428.jpg
242,PHTT1PWRGG,Lighting Accessory,Pendant Lamp Holder,,Metal,Golds,Golds,Pendant,"Lamp Holder, Shade Ring, Lock Nut, Cable",Round,PVC,https://sin1.contabostorage.com/4ad62276cb6d4a83bfb1b8a91b839703:newom/newom/newom/img/product_images/2427.jpg
243,PHTT1PWRGY,Lighting Accessory,Pendant Lamp Holder,,Metal,Matte Gray,Grey,Pendant,"Lamp Holder, Shade Ring, Lock Nut, Cable",Round,PVC,https://sin1.contabostorage.com/4ad62276cb6d4a83bfb1b8a91b839703:newom/newom/newom/img/product_images/2426.jpg
244,PHTT1PWRBL,Lighting Accessory,Pendant Lamp Holder,,Metal,Glossy painted,Blue,Pendant,"Lamp Holder, Shade Ring, Lock Nut, Cable",Round,PVC,https://sin1.contabostorage.com/4ad62276cb6d4a83bfb1b8a91b839703:newom/newom/newom/img/product_images/2425.jpg
245,PHTT1PWROR,Lighting Accessory,Pendant Lamp Holder,,Metal,Glossy painted,Orange,Pendant,"Lamp Holder, Shade Ring, Lock Nut, Cable",Round,PVC,https://sin1.contabostorage.com/4ad62276cb6d4a83bfb1b8a91b839703:newom/newom/newom/img/product_images/2424.jpg
246,PHTT1PBR5BM,Lighting Accessory,Pendant Lamp Holder,,Metal,Matte Black,Black,Pendant,"Lamp Holder, Shade Ring, Lock Nut, Cable",Round,PVC,https://sin1.contabostorage.com/4ad62276cb6d4a83bfb1b8a91b839703:newom/newom/newom/img/product_images/2341.jpg
247,PHTT1PWR5WH,Lighting Accessory,Pendant Lamp Holder,,Metal,Painetd White,White,Pendant,"Lamp Holder, Shade Ring, Lock Nut, Cable",Round,PVC,https://sin1.contabostorage.com/4ad62276cb6d4a83bfb1b8a91b839703:newom/newom/newom/img/product_images/2340.jpg
248,PHTT1PBRWH,Lighting Accessory,Pendant Lamp Holder,,Metal,Painetd White,White,Pendant,"Lamp Holder, Shade Ring, Lock Nut, Cable",Round,PVC,https://sin1.contabostorage.com/4ad62276cb6d4a83bfb1b8a91b839703:newom/newom/newom/img/product_images/1588.jpg
249,PHTT1PBRBC,Lighting Accessory,Pendant Lamp Holder,,Metal,Brass,Brushed Copper,Pendant,"Lamp Holder, Shade Ring, Lock Nut, Cable",Round,PVC,https://sin1.contabostorage.com/4ad62276cb6d4a83bfb1b8a91b839703:newom/newom/newom/img/product_images/1364.jpg
250,PHTT1PBRBS,Lighting Accessory,Pendant Lamp Holder,,Metal,Brushed Silver,Silver,Pendant,"Lamp Holder, Shade Ring, Lock Nut, Cable",Round,PVC,https://sin1.contabostorage.com/4ad62276cb6d4a83bfb1b8a91b839703:newom/newom/newom/img/product_images/1355.jpg
251,PHTT1PBRRR,Lighting Accessory,Pendant Lamp Holder,,Metal,Rustic Red,Red,Pendant,"Lamp Holder, Shade Ring, Lock Nut, Cable",Round,PVC,https://sin1.contabostorage.com/4ad62276cb6d4a83bfb1b8a91b839703:newom/newom/newom/img/product_images/1354.jpg
252,PHTT1PGRGB,Lighting Accessory,Pendant Lamp Holder,E27 Green BrassPendant Lamp Holder with 1m Round Braided Cable,Metal,Brass,Green Brass,Pendant,"Lamp Holder, Shade Ring, Lock Nut, Cable",Round,PVC,https://sin1.contabostorage.com/4ad62276cb6d4a83bfb1b8a91b839703:newom/newom/newom/img/product_images/826.jpg
253,PHTT1PBRCO,Lighting Accessory,Pendant Lamp Holder,E27 Copper Pendant Lamp Holder with 1m Round Cable,Metal,Brass,Copper,Pendant,"Lamp Holder, Shade Ring, Lock Nut, Cable",Round,PVC,https://sin1.contabostorage.com/4ad62276cb6d4a83bfb1b8a91b839703:newom/newom/newom/img/product_images/825.jpg
254,PHTT1RORRO,Lighting Accessory,Pendant Lamp Holder,,Metal,Rose Gold,Rose Gold,Pendant,"Lamp Holder, Shade Ring, Lock Nut, Cable",Round,Fabric,https://sin1.contabostorage.com/4ad62276cb6d4a83bfb1b8a91b839703:newom/newom/newom/img/product_images/824.jpg
255,PHTT1PGRYB,Lighting Accessory,Pendant Lamp Holder,E27 Yellow Brass Pendant Lamp Holder with 1m Twisted Cable,Metal,Brass,Yellow Brass,Pendant,"Lamp Holder, Shade Ring, Lock Nut, Cable",Round,PVC,https://sin1.contabostorage.com/4ad62276cb6d4a83bfb1b8a91b839703:newom/newom/newom/img/product_images/821.jpg
256,PHFMTT15BRBM,Lighting Accessory,Pendant Lamp Holder,,Metal,Matte Black,Black,Pendant,"Lamp Holder, Shade Ring, Lock Nut, Cable",Round,PVC,https://sin1.contabostorage.com/4ad62276cb6d4a83bfb1b8a91b839703:newom/newom/newom/img/product_images/33002.jpg
257,PHTT1PWR105GG,Lighting Accessory,Pendant Lamp Holder,,Metal,Gold,Gold,Pendant,"Lamp Holder, Shade Ring, Lock Nut, Cable",Round,PVC,https://sin1.contabostorage.com/4ad62276cb6d4a83bfb1b8a91b839703:newom/newom/newom/img/product_images/1571.jpg
258,PHTT1PWR105BL,Lighting Accessory,Pendant Lamp Holder,,Metal,Glossy painted,Blue,Pendant,"Lamp Holder, Shade Ring, Lock Nut, Cable",Round,PVC,https://sin1.contabostorage.com/4ad62276cb6d4a83bfb1b8a91b839703:newom/newom/newom/img/product_images/1570.jpg
259,PHTT1PWR105GR,Lighting Accessory,Pendant Lamp Holder,,Metal,Glossy painted,Green,Pendant,"Lamp Holder, Shade Ring, Lock Nut, Cable",Round,PVC,https://sin1.contabostorage.com/4ad62276cb6d4a83bfb1b8a91b839703:newom/newom/newom/img/product_images/1569.jpg
260,PHTT1PWR105YE,Lighting Accessory,Pendant Lamp Holder,,Metal,Glossy painted,Yellow,Pendant,"Lamp Holder, Shade Ring, Lock Nut, Cable",Round,PVC,https://sin1.contabostorage.com/4ad62276cb6d4a83bfb1b8a91b839703:newom/newom/newom/img/product_images/1568.jpg
261,PHTT1PWR105RE,Lighting Accessory,Pendant Lamp Holder,,Metal,Gloss Plastic Finish,Silicone Red,Pendant,"Lamp Holder, Shade Ring, Lock Nut, Cable",Round,PVC,https://sin1.contabostorage.com/4ad62276cb6d4a83bfb1b8a91b839703:newom/newom/newom/img/product_images/1655.jpg
262,PHTT1PBR105BM,Lighting Accessory,Pendant Lamp Holder,,Metal,Matte Black,Black,Pendant,"Lamp Holder, Shade Ring, Lock Nut, Cable",Round,PVC,https://sin1.contabostorage.com/4ad62276cb6d4a83bfb1b8a91b839703:newom/newom/newom/img/product_images/2371.jpg
263,PHTT1PWR105WH,Lighting Accessory,Pendant Lamp Holder,,Metal,Painetd White,White,Pendant,"Lamp Holder, Shade Ring, Lock Nut, Cable",Round,PVC,https://sin1.contabostorage.com/4ad62276cb6d4a83bfb1b8a91b839703:newom/newom/newom/img/product_images/2370.jpg
264,PHTT1PBR5BM,Lighting Accessory,Pendant Lamp Holder,,Metal,Matte Black,Black,Pendant,"Lamp Holder, Shade Ring, Lock Nut, Cable",Round,PVC,https://sin1.contabostorage.com/4ad62276cb6d4a83bfb1b8a91b839703:newom/newom/newom/img/product_images/2341.jpg
265,PHTT1PWR5WH,Lighting Accessory,Pendant Lamp Holder,,Metal,Painetd White,White,Pendant,"Lamp Holder, Shade Ring, Lock Nut, Cable",Round,PVC,https://sin1.contabostorage.com/4ad62276cb6d4a83bfb1b8a91b839703:newom/newom/newom/img/product_images/2340.jpg
266,PHTT1PCRCH,Lighting Accessory,Pendant Lamp Holder,E27 Chrome Pendant Lamp Holder with 1m Braided Cable,Metal,Polished Chrome,Silver,Pendant,"Lamp Holder, Shade Ring, Lock Nut, Cable",Round,PVC,https://sin1.contabostorage.com/4ad62276cb6d4a83bfb1b8a91b839703:newom/newom/newom/img/product_images/774.jpg
267,PHTT1PWRWH,Lighting Accessory,Pendant Lamp Holder,,Metal,Painetd White,White,Pendant,"Lamp Holder, Shade Ring, Lock Nut, Cable",Round,PVC,https://sin1.contabostorage.com/4ad62276cb6d4a83bfb1b8a91b839703:newom/newom/newom/img/product_images/773.jpg
268,PHTT2PBRBM,Lighting Accessory,Pendant Lamp Holder,,Metal,Matte Black,Black,Pendant,"Lamp Holder, Shade Ring, Lock Nut, Cable",Round,PVC,https://sin1.contabostorage.com/4ad62276cb6d4a83bfb1b8a91b839703:newom/newom/newom/img/product_images/772.jpg
269,PHTT1PBRBM,Lighting Accessory,Pendant Lamp Holder,,Metal,Matte Black,Black,Pendant,"Lamp Holder, Shade Ring, Lock Nut, Cable",Round,PVC,https://sin1.contabostorage.com/4ad62276cb6d4a83bfb1b8a91b839703:newom/newom/newom/img/product_images/771.jpg
270,PHRB1PWR50WH,Lighting Accessory,Pendant Lamp Holder,,PVC,Painetd White,White,Pendant,"Lamp Holder, Shade Ring, Lock Nut, Cable",Round,PVC,https://sin1.contabostorage.com/4ad62276cb6d4a83bfb1b8a91b839703:newom/newom/newom/img/product_images/3363.jpg
271,PHRB1PWR40WH,Lighting Accessory,Pendant Lamp Holder,,PVC,Painetd White,White,Pendant,"Lamp Holder, Shade Ring, Lock Nut, Cable",Round,PVC,https://sin1.contabostorage.com/4ad62276cb6d4a83bfb1b8a91b839703:newom/newom/newom/img/product_images/2677.jpg
272,PHRB1PBR25BM,Lighting Accessory,Pendant Lamp Holder,,PVC,Matte Black,Black,Pendant,"Lamp Holder, Shade Ring, Lock Nut, Cable",Round,PVC,https://sin1.contabostorage.com/4ad62276cb6d4a83bfb1b8a91b839703:newom/newom/newom/img/product_images/2516.jpg
273,PHRB1PBR5BM,Lighting Accessory,Pendant Lamp Holder,,PVC,Matte Black,Black,Pendant,"Lamp Holder, Shade Ring, Lock Nut, Cable",Round,PVC,https://sin1.contabostorage.com/4ad62276cb6d4a83bfb1b8a91b839703:newom/newom/newom/img/product_images/2515.jpg
274,PHRB1PWR5WH,Lighting Accessory,Pendant Lamp Holder,,PVC,Painetd White,White,Pendant,"Lamp Holder, Shade Ring, Lock Nut, Cable",Round,PVC,https://sin1.contabostorage.com/4ad62276cb6d4a83bfb1b8a91b839703:newom/newom/newom/img/product_images/2467.jpg
275,PHRB1PBR55BM,Lighting Accessory,Pendant Lamp Holder,,PVC,Matte Black,Black,Pendant,"Lamp Holder, Shade Ring, Lock Nut, Cable",Round,PVC,https://sin1.contabostorage.com/4ad62276cb6d4a83bfb1b8a91b839703:newom/newom/newom/img/product_images/2465.jpg
276,PHRB1PBR50BM,Lighting Accessory,Pendant Lamp Holder,,PVC,Matte Black,Black,Pendant,"Lamp Holder, Shade Ring, Lock Nut, Cable",Round,PVC,https://sin1.contabostorage.com/4ad62276cb6d4a83bfb1b8a91b839703:newom/newom/newom/img/product_images/2464.jpg
277,PHRB1PBR45BM,Lighting Accessory,Pendant Lamp Holder,,PVC,Matte Black,Black,Pendant,"Lamp Holder, Shade Ring, Lock Nut, Cable",Round,PVC,https://sin1.contabostorage.com/4ad62276cb6d4a83bfb1b8a91b839703:newom/newom/newom/img/product_images/2463.jpg
278,PHRB1PBR40BM,Lighting Accessory,Pendant Lamp Holder,,PVC,Matte Black,Black,Pendant,"Lamp Holder, Shade Ring, Lock Nut, Cable",Round,PVC,https://sin1.contabostorage.com/4ad62276cb6d4a83bfb1b8a91b839703:newom/newom/newom/img/product_images/2462.jpg
279,PHRB1PBR35BM,Lighting Accessory,Pendant Lamp Holder,,PVC,Matte Black,Black,Pendant,"Lamp Holder, Shade Ring, Lock Nut, Cable",Round,PVC,https://sin1.contabostorage.com/4ad62276cb6d4a83bfb1b8a91b839703:newom/newom/newom/img/product_images/2461.jpg
280,PHRB1PBR30BM,Lighting Accessory,Pendant Lamp Holder,,PVC,Matte Black,Black,Pendant,"Lamp Holder, Shade Ring, Lock Nut, Cable",Round,PVC,https://sin1.contabostorage.com/4ad62276cb6d4a83bfb1b8a91b839703:newom/newom/newom/img/product_images/2460.jpg
281,PHRB1PBR10BM,Lighting Accessory,Pendant Lamp Holder,,PVC,Matte Black,Black,Pendant,"Lamp Holder, Shade Ring, Lock Nut, Cable",Round,PVC,https://sin1.contabostorage.com/4ad62276cb6d4a83bfb1b8a91b839703:newom/newom/newom/img/product_images/2456.jpg
282,PHRB1PBRWH,Lighting Accessory,Pendant Lamp Holder,,PVC,Painetd White,White,Pendant,"Lamp Holder, Shade Ring, Lock Nut, Cable",Round,PVC,https://sin1.contabostorage.com/4ad62276cb6d4a83bfb1b8a91b839703:newom/newom/newom/img/product_images/2416.jpg
283,PHRB1PBRPB,Lighting Accessory,Pendant Lamp Holder,,PVC,Matte Black,Black,Pendant,"Lamp Holder, Shade Ring, Lock Nut, Cable",Round,PVC,https://sin1.contabostorage.com/4ad62276cb6d4a83bfb1b8a91b839703:newom/newom/newom/img/product_images/1432.jpg
284,PHRB1PWRPW,Lighting Accessory,Pendant Lamp Holder,,PVC,White,White,Pendant,"Lamp Holder, Shade Ring, Lock Nut, Cable",Round,PVC,https://sin1.contabostorage.com/4ad62276cb6d4a83bfb1b8a91b839703:newom/newom/newom/img/product_images/1431.jpg
285,PHHRE2HETHE,Lighting Accessory,Pendant Lamp Holder,,Hemp,Woven,Browns,Pendant,"Lamp Holder, Shade Ring, Lock Nut, Cable",Round,PVC,https://sin1.contabostorage.com/4ad62276cb6d4a83bfb1b8a91b839703:newom/newom/newom/img/product_images/35042.jpg
286,PHHRE1HETHE,Lighting Accessory,Pendant Lamp Holder,,Hemp,Woven,Browns,Pendant,"Lamp Holder, Shade Ring, Lock Nut, Cable",Round,PVC,https://sin1.contabostorage.com/4ad62276cb6d4a83bfb1b8a91b839703:newom/newom/newom/img/product_images/35041.jpg
287,PHNW2RBS,Lighting Accessory,Pendant Lamp Holder,,Metal,Brushed Silver,Silver,Pendant,"Lamp Holder, Shade Ring, Lock Nut, Cable",Round,PVC,https://sin1.contabostorage.com/4ad62276cb6d4a83bfb1b8a91b839703:newom/newom/newom/img/product_images/2481.jpg
288,PHNW1RRR,Lighting Accessory,Pendant Lamp Holder,,Metal,Rustic Red,Red,Pendant,"Lamp Holder, Shade Ring, Lock Nut, Cable",Round,PVC,https://sin1.contabostorage.com/4ad62276cb6d4a83bfb1b8a91b839703:newom/newom/newom/img/product_images/1937.jpg
289,PHNW1RBS,Lighting Accessory,Pendant Lamp Holder,,Metal,Brushed Silver,Silver,Pendant,"Lamp Holder, Shade Ring, Lock Nut, Cable",Round,PVC,https://sin1.contabostorage.com/4ad62276cb6d4a83bfb1b8a91b839703:newom/newom/newom/img/product_images/1936.jpg
290,PHNW1RBC,Lighting Accessory,Pendant Lamp Holder,,Metal,Brass,Brushed Copper,Pendant,"Lamp Holder, Shade Ring, Lock Nut, Cable",Round,PVC,https://sin1.contabostorage.com/4ad62276cb6d4a83bfb1b8a91b839703:newom/newom/newom/img/product_images/1887.jpg
291,PHNW1RBM,Lighting Accessory,Pendant Lamp Holder,,Metal,Matte Black,Black,Pendant,"Lamp Holder, Shade Ring, Lock Nut, Cable",Round,PVC,https://sin1.contabostorage.com/4ad62276cb6d4a83bfb1b8a91b839703:newom/newom/newom/img/product_images/1886.jpg
292,PHNW2RRR,Lighting Accessory,Pendant Lamp Holder,,Metal,Rustic Red,Red,Pendant,"Lamp Holder, Shade Ring, Lock Nut, Cable",Round,PVC,https://sin1.contabostorage.com/4ad62276cb6d4a83bfb1b8a91b839703:newom/newom/newom/img/product_images/1761.jpg
293,PHNW2RBC,Lighting Accessory,Pendant Lamp Holder,,Metal,Brass,Brushed Copper,Pendant,"Lamp Holder, Shade Ring, Lock Nut, Cable",Round,PVC,https://sin1.contabostorage.com/4ad62276cb6d4a83bfb1b8a91b839703:newom/newom/newom/img/product_images/1760.jpg
294,PHNW2RBM,Lighting Accessory,Pendant Lamp Holder,,Metal,Matte Black,Black,Pendant,"Lamp Holder, Shade Ring, Lock Nut, Cable",Round,PVC,https://sin1.contabostorage.com/4ad62276cb6d4a83bfb1b8a91b839703:newom/newom/newom/img/product_images/1759.jpg
295,PHUM1PCRCH,Lighting Accessory,Pendant Lamp Holder,E27 Chrome Pendant Lamp Holder with 1m Braided Cable,Metal,Polished Chrome,Silver,Pendant,"Lamp Holder, Shade Ring, Lock Nut, Cable",Round,PVC,https://sin1.contabostorage.com/4ad62276cb6d4a83bfb1b8a91b839703:newom/newom/newom/img/product_images/1945.jpg
296,PHCGF1BMRBM,Lighting Accessory,Pendant Lamp Holder,Adjustable Vintage Farmhouse Lamp,Metal,Matte Black,Black,Pendant,"Lamp Holder, Shade Ring, Lock Nut, Cable",Round,PVC,https://dashboard.digitweblk.com/Productimages/23679.jpeg
298,PHSG1120PBRYB,Lighting Accessory,Pendant Lamp Holder,,Metal,Brass,Yellow Brass,Ceiling Pendant,"Lamp Holder, Cable, Ceiling Rose, Mounting Bracket",Round,PVC,https://sin1.contabostorage.com/4ad62276cb6d4a83bfb1b8a91b839703:newom/newom/newom/img/product_images/39569.jpg
299,PHFSH1PBRBM,Lighting Accessory,Pendant Lamp Holder,,Metal,Matte Black,Black,Ceiling Pendant,"Lamp Holder, Cable, Ceiling Rose, Mounting Bracket",Round,PVC,https://sin1.contabostorage.com/4ad62276cb6d4a83bfb1b8a91b839703:newom/newom/newom/img/product_images/37505.jpg
300,PHFSH1PBRBM,Lighting Accessory,Pendant Lamp Holder,,Metal,Matte Black,Black,Ceiling Pendant,"Lamp Holder, Cable, Ceiling Rose, Mounting Bracket",Round,PVC,https://sin1.contabostorage.com/4ad62276cb6d4a83bfb1b8a91b839703:newom/newom/newom/img/product_images/37505.jpg
301,PHSH1FBRBM,Lighting Accessory,Pendant Lamp Holder,,Metal,Matte Black,Black,Ceiling Pendant,"Lamp Holder, Cable, Ceiling Rose, Mounting Bracket",Round,PVC,https://sin1.contabostorage.com/4ad62276cb6d4a83bfb1b8a91b839703:newom/newom/newom/img/product_images/35633.jpg
302,PHSHF2PBRYB,Lighting Accessory,Pendant Lamp Holder,,Metal,Brass,Yellow Brass,Ceiling Pendant,"Lamp Holder, Cable, Ceiling Rose, Mounting Bracket",Round,PVC,https://sin1.contabostorage.com/4ad62276cb6d4a83bfb1b8a91b839703:newom/newom/newom/img/product_images/4884.jpg
303,PHSHF1PBRYB,Lighting Accessory,Pendant Lamp Holder,,Metal,Brass,Yellow Brass,Ceiling Pendant,"Lamp Holder, Cable, Ceiling Rose, Mounting Bracket",Round,PVC,https://sin1.contabostorage.com/4ad62276cb6d4a83bfb1b8a91b839703:newom/newom/newom/img/product_images/4883.jpg
304,PHSHF1PBRCO,Lighting Accessory,Pendant Lamp Holder,E27 Copper Pendant Lamp Holder with 2m PVC Cable and Black Ceiling Rose,Metal,Brass,Copper,Ceiling Pendant,"Lamp Holder, Cable, Ceiling Rose, Mounting Bracket",Round,PVC,https://sin1.contabostorage.com/4ad62276cb6d4a83bfb1b8a91b839703:newom/newom/newom/img/product_images/4882.jpg
305,PHSHF2PBRCO,Lighting Accessory,Pendant Lamp Holder,,Metal,Brass,Copper,Ceiling Pendant,"Lamp Holder, Cable, Ceiling Rose, Mounting Bracket",Round,PVC,https://sin1.contabostorage.com/4ad62276cb6d4a83bfb1b8a91b839703:newom/newom/newom/img/product_images/4743.jpg
306,PHSG1PBRCCO,Lighting Accessory,Pendant Lamp Holder,,Metal,Brass,Copper,Ceiling Pendant,"Lamp Holder, Cable, Ceiling Rose, Mounting Bracket",Round,PVC,https://sin1.contabostorage.com/4ad62276cb6d4a83bfb1b8a91b839703:newom/newom/newom/img/product_images/35597.jpg
307,PHSG2PBRCO,Lighting Accessory,Pendant Lamp Holder,,Metal,Brass,Copper,Ceiling Pendant,"Lamp Holder, Cable, Ceiling Rose, Mounting Bracket",Round,PVC,https://sin1.contabostorage.com/4ad62276cb6d4a83bfb1b8a91b839703:newom/newom/newom/img/product_images/4881.jpg
308,PHSG2PBRYB,Lighting Accessory,Pendant Lamp Holder,,Metal,Brass,Yellow Brass,Ceiling Pendant,"Lamp Holder, Cable, Ceiling Rose, Mounting Bracket",Round,PVC,https://sin1.contabostorage.com/4ad62276cb6d4a83bfb1b8a91b839703:newom/newom/newom/img/product_images/4880.jpg
309,PHSG1PBRYB,Lighting Accessory,Pendant Lamp Holder,,Metal,Brass,Yellow Brass,Ceiling Pendant,"Lamp Holder, Cable, Ceiling Rose, Mounting Bracket",Round,PVC,https://sin1.contabostorage.com/4ad62276cb6d4a83bfb1b8a91b839703:newom/newom/newom/img/product_images/4879.jpg
310,PHSG1PBRCO,Lighting Accessory,Pendant Lamp Holder,,Metal,Brass,Copper,Ceiling Pendant,"Lamp Holder, Cable, Ceiling Rose, Mounting Bracket",Round,PVC,https://sin1.contabostorage.com/4ad62276cb6d4a83bfb1b8a91b839703:newom/newom/newom/img/product_images/4742.jpg
311,PHSF1PBRYB,Lighting Accessory,Pendant Lamp Holder,,Metal,Brass,Yellow Brass,Ceiling Pendant,"Lamp Holder, Cable, Ceiling Rose, Mounting Bracket",Round,PVC,https://sin1.contabostorage.com/4ad62276cb6d4a83bfb1b8a91b839703:newom/newom/newom/img/product_images/2580.jpg
312,PHSF2BWTWH,Lighting Accessory,Pendant Lamp Holder,,Metal,Painetd White,White,Ceiling Pendant,"Lamp Holder, Cable, Ceiling Rose, Mounting Bracket",Twisted,Fabric Braided,https://sin1.contabostorage.com/4ad62276cb6d4a83bfb1b8a91b839703:newom/newom/newom/img/product_images/2420.jpg
313,PHSF1BWTWH,Lighting Accessory,Pendant Lamp Holder,,Metal,Painetd White,White,Ceiling Pendant,"Lamp Holder, Cable, Ceiling Rose, Mounting Bracket",Twisted,Fabric Braided,https://sin1.contabostorage.com/4ad62276cb6d4a83bfb1b8a91b839703:newom/newom/newom/img/product_images/2419.jpg
314,PHSF2BWRWH,Lighting Accessory,Pendant Lamp Holder,,Metal,Painetd White,White,Ceiling Pendant,"Lamp Holder, Cable, Ceiling Rose, Mounting Bracket",Round,Fabric Braided,https://sin1.contabostorage.com/4ad62276cb6d4a83bfb1b8a91b839703:newom/newom/newom/img/product_images/2418.jpg
315,PHSF1BWRWH,Lighting Accessory,Pendant Lamp Holder,,Metal,Painetd White,White,Ceiling Pendant,"Lamp Holder, Cable, Ceiling Rose, Mounting Bracket",Round,Fabric Braided,https://sin1.contabostorage.com/4ad62276cb6d4a83bfb1b8a91b839703:newom/newom/newom/img/product_images/2417.jpg
316,PHSF2BMTBM,Lighting Accessory,Pendant Lamp Holder,,Metal,Matte Black,Black,Ceiling Pendant,"Lamp Holder, Cable, Ceiling Rose, Mounting Bracket",Twisted,Fabric Braided,https://sin1.contabostorage.com/4ad62276cb6d4a83bfb1b8a91b839703:newom/newom/newom/img/product_images/2394.jpg
317,PHSF2GYTWH,Lighting Accessory,Pendant Lamp Holder,,Metal,Painetd White,White,Ceiling Pendant,"Lamp Holder, Cable, Ceiling Rose, Mounting Bracket",Twisted,Fabric Braided,https://sin1.contabostorage.com/4ad62276cb6d4a83bfb1b8a91b839703:newom/newom/newom/img/product_images/2393.jpg
318,PHSF2GDTYB,Lighting Accessory,Pendant Lamp Holder,,Metal,Brass,Yellow Brass,Ceiling Pendant,"Lamp Holder, Cable, Ceiling Rose, Mounting Bracket",Twisted,Fabric Braided,https://sin1.contabostorage.com/4ad62276cb6d4a83bfb1b8a91b839703:newom/newom/newom/img/product_images/2392.jpg
319,PHSF2GDTFG,Lighting Accessory,Pendant Lamp Holder,,Metal,French Gold (Rose Gold Tone),French Gold,Ceiling Pendant,"Lamp Holder, Cable, Ceiling Rose, Mounting Bracket",Twisted,Fabric Braided,https://sin1.contabostorage.com/4ad62276cb6d4a83bfb1b8a91b839703:newom/newom/newom/img/product_images/2391.jpg
320,PHSF2ROTRO,Lighting Accessory,Pendant Lamp Holder,,Metal,Rose Gold,Rose Gold,Ceiling Pendant,"Lamp Holder, Cable, Ceiling Rose, Mounting Bracket",Twisted,Fabric Braided,https://sin1.contabostorage.com/4ad62276cb6d4a83bfb1b8a91b839703:newom/newom/newom/img/product_images/2390.jpg
321,PHSF2BWTSN,Lighting Accessory,Pendant Lamp Holder,,Metal,Brass,Satinnickle,Ceiling Pendant,"Lamp Holder, Cable, Ceiling Rose, Mounting Bracket",Twisted,Fabric Braided,https://sin1.contabostorage.com/4ad62276cb6d4a83bfb1b8a91b839703:newom/newom/newom/img/product_images/2389.jpg
322,PHSF2GYTCH,Lighting Accessory,Pendant Lamp Holder,E27 Chrome Pendant Lamp Holder with 1m Braided Cable,Metal,Polished Chrome,Silver,Ceiling Pendant,"Lamp Holder, Cable, Ceiling Rose, Mounting Bracket",Twisted,Fabric Braided,https://sin1.contabostorage.com/4ad62276cb6d4a83bfb1b8a91b839703:newom/newom/newom/img/product_images/2387.jpg
323,PHSF2BRTCO,Lighting Accessory,Pendant Lamp Holder,,Metal,Brass,Copper,Ceiling Pendant,"Lamp Holder, Cable, Ceiling Rose, Mounting Bracket",Twisted,Fabric Braided,https://sin1.contabostorage.com/4ad62276cb6d4a83bfb1b8a91b839703:newom/newom/newom/img/product_images/2386.jpg
324,PHSF2BMTBY,Lighting Accessory,Pendant Lamp Holder,,Metal,Gloss,Blacks,Ceiling Pendant,"Lamp Holder, Cable, Ceiling Rose, Mounting Bracket",Twisted,Fabric Braided,https://sin1.contabostorage.com/4ad62276cb6d4a83bfb1b8a91b839703:newom/newom/newom/img/product_images/2385.jpg
325,PHSF2BMTYB,Lighting Accessory,Pendant Lamp Holder,,Metal,Brass,Yellow Brass,Ceiling Pendant,"Lamp Holder, Cable, Ceiling Rose, Mounting Bracket",Twisted,Fabric Braided,https://sin1.contabostorage.com/4ad62276cb6d4a83bfb1b8a91b839703:newom/newom/newom/img/product_images/2384.jpg
326,PHSF2GYRWH,Lighting Accessory,Pendant Lamp Holder,,Metal,Painetd White,White,Ceiling Pendant,"Lamp Holder, Cable, Ceiling Rose, Mounting Bracket",Round,Fabric Braided,https://sin1.contabostorage.com/4ad62276cb6d4a83bfb1b8a91b839703:newom/newom/newom/img/product_images/2383.jpg
327,PHSF2BWRSN,Lighting Accessory,Pendant Lamp Holder,,Metal,Brass,Satinnickle,Ceiling Pendant,"Lamp Holder, Cable, Ceiling Rose, Mounting Bracket",Round,Fabric Braided,https://sin1.contabostorage.com/4ad62276cb6d4a83bfb1b8a91b839703:newom/newom/newom/img/product_images/2382.jpg
328,PHSF2BMRBM,Lighting Accessory,Pendant Lamp Holder,,Metal,Matte Black,Black,Ceiling Pendant,"Lamp Holder, Cable, Ceiling Rose, Mounting Bracket",Round,Fabric Braided,https://sin1.contabostorage.com/4ad62276cb6d4a83bfb1b8a91b839703:newom/newom/newom/img/product_images/2381.jpg
329,PHSF2BMRBY,Lighting Accessory,Pendant Lamp Holder,,Metal,Gloss,Blacks,Ceiling Pendant,"Lamp Holder, Cable, Ceiling Rose, Mounting Bracket",Round,Fabric Braided,https://sin1.contabostorage.com/4ad62276cb6d4a83bfb1b8a91b839703:newom/newom/newom/img/product_images/2380.jpg
330,PHSF2GDRYB,Lighting Accessory,Pendant Lamp Holder,,Metal,Brass,Yellow Brass,Ceiling Pendant,"Lamp Holder, Cable, Ceiling Rose, Mounting Bracket",Round,Fabric Braided,https://sin1.contabostorage.com/4ad62276cb6d4a83bfb1b8a91b839703:newom/newom/newom/img/product_images/2379.jpg
331,PHSF2RORRO,Lighting Accessory,Pendant Lamp Holder,,Metal,Rose Gold,Rose Gold,Ceiling Pendant,"Lamp Holder, Cable, Ceiling Rose, Mounting Bracket",Round,Fabric Braided,https://sin1.contabostorage.com/4ad62276cb6d4a83bfb1b8a91b839703:newom/newom/newom/img/product_images/2378.jpg
332,PHSF2AGRGB,Lighting Accessory,Pendant Lamp Holder,,Metal,Brass,Green Brass,Ceiling Pendant,"Lamp Holder, Cable, Ceiling Rose, Mounting Bracket",Round,Fabric Braided,https://sin1.contabostorage.com/4ad62276cb6d4a83bfb1b8a91b839703:newom/newom/newom/img/product_images/2377.jpg
333,PHSF2GDRFG,Lighting Accessory,Pendant Lamp Holder,,Metal,French Gold (Rose Gold Tone),French Gold,Ceiling Pendant,"Lamp Holder, Cable, Ceiling Rose, Mounting Bracket",Round,Fabric Braided,https://sin1.contabostorage.com/4ad62276cb6d4a83bfb1b8a91b839703:newom/newom/newom/img/product_images/2376.jpg
334,PHSF2GYRCH,Lighting Accessory,Pendant Lamp Holder,E27 Chrome Pendant Lamp Holder with 1m Braided Cable,Metal,Polished Chrome,Silver,Ceiling Pendant,"Lamp Holder, Cable, Ceiling Rose, Mounting Bracket",Round,Fabric Braided,https://sin1.contabostorage.com/4ad62276cb6d4a83bfb1b8a91b839703:newom/newom/newom/img/product_images/2375.jpg
335,PHSF2BRRCO,Lighting Accessory,Pendant Lamp Holder,,Metal,Brass,Copper,Ceiling Pendant,"Lamp Holder, Cable, Ceiling Rose, Mounting Bracket",Round,Fabric Braided,https://sin1.contabostorage.com/4ad62276cb6d4a83bfb1b8a91b839703:newom/newom/newom/img/product_images/2374.jpg
336,PHSF2BMRYB,Lighting Accessory,Pendant Lamp Holder,,Metal,Brass,Yellow Brass,Ceiling Pendant,"Lamp Holder, Cable, Ceiling Rose, Mounting Bracket",Round,Fabric Braided,https://sin1.contabostorage.com/4ad62276cb6d4a83bfb1b8a91b839703:newom/newom/newom/img/product_images/2373.jpg
337,PHSF1GYTWH,Lighting Accessory,Pendant Lamp Holder,,Metal,Painetd White,White,Ceiling Pendant,"Lamp Holder, Cable, Ceiling Rose, Mounting Bracket",Twisted,Fabric Braided,https://sin1.contabostorage.com/4ad62276cb6d4a83bfb1b8a91b839703:newom/newom/newom/img/product_images/2337.jpg
338,PHSF1GDTYB,Lighting Accessory,Pendant Lamp Holder,,Metal,Brass,Yellow Brass,Ceiling Pendant,"Lamp Holder, Cable, Ceiling Rose, Mounting Bracket",Twisted,Fabric Braided,https://sin1.contabostorage.com/4ad62276cb6d4a83bfb1b8a91b839703:newom/newom/newom/img/product_images/2336.jpg
339,PHSF1GDTFG,Lighting Accessory,Pendant Lamp Holder,,Metal,French Gold (Rose Gold Tone),French Gold,Ceiling Pendant,"Lamp Holder, Cable, Ceiling Rose, Mounting Bracket",Twisted,Fabric Braided,https://sin1.contabostorage.com/4ad62276cb6d4a83bfb1b8a91b839703:newom/newom/newom/img/product_images/2335.jpg
340,PHSF1ROTRO,Lighting Accessory,Pendant Lamp Holder,,Metal,Rose Gold,Rose Gold,Ceiling Pendant,"Lamp Holder, Cable, Ceiling Rose, Mounting Bracket",Twisted,Fabric Braided,https://sin1.contabostorage.com/4ad62276cb6d4a83bfb1b8a91b839703:newom/newom/newom/img/product_images/2334.jpg
341,PHSF1BWTSN,Lighting Accessory,Pendant Lamp Holder,,Metal,Brass,Satinnickle,Ceiling Pendant,"Lamp Holder, Cable, Ceiling Rose, Mounting Bracket",Twisted,Fabric Braided,https://sin1.contabostorage.com/4ad62276cb6d4a83bfb1b8a91b839703:newom/newom/newom/img/product_images/2333.jpg
342,PHSF1AGTGB,Lighting Accessory,Pendant Lamp Holder,,Metal,Brass,Green Brass,Ceiling Pendant,"Lamp Holder, Cable, Ceiling Rose, Mounting Bracket",Twisted,Fabric Braided,https://sin1.contabostorage.com/4ad62276cb6d4a83bfb1b8a91b839703:newom/newom/newom/img/product_images/2332.jpg
343,PHSF1GYTCH,Lighting Accessory,Pendant Lamp Holder,E27 Chrome Pendant Lamp Holder with 1m Braided Cable,Metal,Polished Chrome,Silver,Ceiling Pendant,"Lamp Holder, Cable, Ceiling Rose, Mounting Bracket",Twisted,Fabric Braided,https://sin1.contabostorage.com/4ad62276cb6d4a83bfb1b8a91b839703:newom/newom/newom/img/product_images/2331.jpg
344,PHSF1BRTCO,Lighting Accessory,Pendant Lamp Holder,,Metal,Brass,Copper,Ceiling Pendant,"Lamp Holder, Cable, Ceiling Rose, Mounting Bracket",Twisted,Fabric Braided,https://sin1.contabostorage.com/4ad62276cb6d4a83bfb1b8a91b839703:newom/newom/newom/img/product_images/2330.jpg
345,PHSF1BMTBY,Lighting Accessory,Pendant Lamp Holder,,Metal,Gloss,Blacks,Ceiling Pendant,"Lamp Holder, Cable, Ceiling Rose, Mounting Bracket",Twisted,Fabric Braided,https://sin1.contabostorage.com/4ad62276cb6d4a83bfb1b8a91b839703:newom/newom/newom/img/product_images/2329.jpg
346,PHSF1BMTYB,Lighting Accessory,Pendant Lamp Holder,,Metal,Brass,Yellow Brass,Ceiling Pendant,"Lamp Holder, Cable, Ceiling Rose, Mounting Bracket",Twisted,Fabric Braided,https://sin1.contabostorage.com/4ad62276cb6d4a83bfb1b8a91b839703:newom/newom/newom/img/product_images/2328.jpg
347,PHSF1GYRWH,Lighting Accessory,Pendant Lamp Holder,,Metal,Painetd White,White,Ceiling Pendant,"Lamp Holder, Cable, Ceiling Rose, Mounting Bracket",Round,Fabric Braided,https://sin1.contabostorage.com/4ad62276cb6d4a83bfb1b8a91b839703:newom/newom/newom/img/product_images/2327.jpg
348,PHSF1BWRSN,Lighting Accessory,Pendant Lamp Holder,,Metal,Brass,Satinnickle,Ceiling Pendant,"Lamp Holder, Cable, Ceiling Rose, Mounting Bracket",Round,Fabric Braided,https://sin1.contabostorage.com/4ad62276cb6d4a83bfb1b8a91b839703:newom/newom/newom/img/product_images/2326.jpg
349,PHSF1BMRBY,Lighting Accessory,Pendant Lamp Holder,,Metal,Gloss,Blacks,Ceiling Pendant,"Lamp Holder, Cable, Ceiling Rose, Mounting Bracket",Round,Fabric Braided,https://sin1.contabostorage.com/4ad62276cb6d4a83bfb1b8a91b839703:newom/newom/newom/img/product_images/2325.jpg
350,PHSF1GDRYB,Lighting Accessory,Pendant Lamp Holder,,Metal,Brass,Yellow Brass,Ceiling Pendant,"Lamp Holder, Cable, Ceiling Rose, Mounting Bracket",Round,Fabric Braided,https://sin1.contabostorage.com/4ad62276cb6d4a83bfb1b8a91b839703:newom/newom/newom/img/product_images/2324.jpg
351,PHSF1RORRO,Lighting Accessory,Pendant Lamp Holder,,Metal,Rose Gold,Rose Gold,Ceiling Pendant,"Lamp Holder, Cable, Ceiling Rose, Mounting Bracket",Round,Fabric Braided,https://sin1.contabostorage.com/4ad62276cb6d4a83bfb1b8a91b839703:newom/newom/newom/img/product_images/2323.jpg
352,PHSF1AGRGB,Lighting Accessory,Pendant Lamp Holder,,Metal,Brass,Green Brass,Ceiling Pendant,"Lamp Holder, Cable, Ceiling Rose, Mounting Bracket",Round,Fabric Braided,https://sin1.contabostorage.com/4ad62276cb6d4a83bfb1b8a91b839703:newom/newom/newom/img/product_images/2322.jpg
353,PHSF1GDRFG,Lighting Accessory,Pendant Lamp Holder,,Metal,French Gold (Rose Gold Tone),French Gold,Ceiling Pendant,"Lamp Holder, Cable, Ceiling Rose, Mounting Bracket",Round,Fabric Braided,https://sin1.contabostorage.com/4ad62276cb6d4a83bfb1b8a91b839703:newom/newom/newom/img/product_images/2321.jpg
354,PHSF1GYRCH,Lighting Accessory,Pendant Lamp Holder,E27 Chrome Pendant Lamp Holder with 1m Braided Cable,Metal,Polished Chrome,Silver,Ceiling Pendant,"Lamp Holder, Cable, Ceiling Rose, Mounting Bracket",Round,Fabric Braided,https://sin1.contabostorage.com/4ad62276cb6d4a83bfb1b8a91b839703:newom/newom/newom/img/product_images/2320.jpg
355,PHSF1BRRCO,Lighting Accessory,Pendant Lamp Holder,,Metal,Brass,Copper,Ceiling Pendant,"Lamp Holder, Cable, Ceiling Rose, Mounting Bracket",Round,Fabric Braided,https://sin1.contabostorage.com/4ad62276cb6d4a83bfb1b8a91b839703:newom/newom/newom/img/product_images/2319.jpg
356,PHSF1BMRYB,Lighting Accessory,Pendant Lamp Holder,,Metal,Brass,Yellow Brass,Ceiling Pendant,"Lamp Holder, Cable, Ceiling Rose, Mounting Bracket",Round,Fabric Braided,https://sin1.contabostorage.com/4ad62276cb6d4a83bfb1b8a91b839703:newom/newom/newom/img/product_images/2318.jpg
357,PHSF1BMRBM,Lighting Accessory,Pendant Lamp Holder,,Metal,Matte Black,Black,Ceiling Pendant,"Lamp Holder, Cable, Ceiling Rose, Mounting Bracket",Round,Fabric Braided,https://sin1.contabostorage.com/4ad62276cb6d4a83bfb1b8a91b839703:newom/newom/newom/img/product_images/2339.jpg
358,PHSF1BMTBM,Lighting Accessory,Pendant Lamp Holder,,Metal,Matte Black,Black,Ceiling Pendant,"Lamp Holder, Cable, Ceiling Rose, Mounting Bracket",Twisted,Fabric Braided,https://sin1.contabostorage.com/4ad62276cb6d4a83bfb1b8a91b839703:newom/newom/newom/img/product_images/2338.jpg
359,PHCH1F120RBM,Lighting Accessory,Pendant Lamp Holder,,Metal,Matte Black,Black,Ceiling Pendant,"Lamp Holder, Cable, Ceiling Rose, Mounting Bracket",Round,PVC,https://sin1.contabostorage.com/4ad62276cb6d4a83bfb1b8a91b839703:newom/newom/newom/img/product_images/39544.jpg
360,PHCH1GDRGB,Lighting Accessory,Pendant Lamp Holder,,Metal,Brass,Green Brass,Ceiling Pendant,"Lamp Holder, Cable, Ceiling Rose, Mounting Bracket",Round,Fabric Braided,https://sin1.contabostorage.com/4ad62276cb6d4a83bfb1b8a91b839703:newom/newom/newom/img/product_images/38752.jpg
361,PHHT1FBRBM,Lighting Accessory,Pendant Lamp Holder,,Metal,Matte Black,Black,Ceiling Pendant,"Lamp Holder, Cable, Ceiling Rose, Mounting Bracket",Round,Fabric Braided,https://sin1.contabostorage.com/4ad62276cb6d4a83bfb1b8a91b839703:newom/newom/newom/img/product_images/33008.jpg
362,PHFHT1PBRBM,Lighting Accessory,Pendant Lamp Holder,,Metal,Matte Black,Black,Ceiling Pendant,"Lamp Holder, Cable, Ceiling Rose, Mounting Bracket",Round,Fabric Braided,https://sin1.contabostorage.com/4ad62276cb6d4a83bfb1b8a91b839703:newom/newom/newom/img/product_images/37504.jpg
363,PHCH1FBRBM,Lighting Accessory,Pendant Lamp Holder,,Metal,Matte Black,Black,Ceiling Pendant,"Lamp Holder, Cable, Ceiling Rose, Mounting Bracket",Round,Fabric Braided,https://sin1.contabostorage.com/4ad62276cb6d4a83bfb1b8a91b839703:newom/newom/newom/img/product_images/3887.jpg
364,PHBR1BMRBM,Lighting Accessory,Pendant Lamp Holder,,PVC,Matte Black,Black,Ceiling Pendant,"Lamp Holder, Cable, Ceiling Rose, Mounting Bracket",Round,Fabric Braided,https://sin1.contabostorage.com/4ad62276cb6d4a83bfb1b8a91b839703:newom/newom/newom/img/product_images/33014.jpg
365,PHMF1PBRYB,Lighting Accessory,Pendant Lamp Holder,,Metal,Brass,Yellow Brass,Ceiling Pendant,"Lamp Holder, Cable, Ceiling Rose, Mounting Bracket",Round,PVC,https://sin1.contabostorage.com/4ad62276cb6d4a83bfb1b8a91b839703:newom/newom/newom/img/product_images/4969.jpg
366,PHMF1PBRWH,Lighting Accessory,Pendant Lamp Holder,,Metal,Painetd White,White,Ceiling Pendant,"Lamp Holder, Cable, Ceiling Rose, Mounting Bracket",Round,PVC,https://sin1.contabostorage.com/4ad62276cb6d4a83bfb1b8a91b839703:newom/newom/newom/img/product_images/4968.jpg
367,PHMF1PBRBM,Lighting Accessory,Pendant Lamp Holder,,Metal,Matte Black,Black,Ceiling Pendant,"Lamp Holder, Cable, Ceiling Rose, Mounting Bracket",Round,PVC,https://sin1.contabostorage.com/4ad62276cb6d4a83bfb1b8a91b839703:newom/newom/newom/img/product_images/4967.jpg
368,PHDC1PBRBX,Lighting Accessory,Pendant Lamp Holder,,Metal,Matte Black,Black,Ceiling Pendant,"Lamp Holder, Cable, Ceiling Rose, Mounting Bracket",Round,PVC,https://sin1.contabostorage.com/4ad62276cb6d4a83bfb1b8a91b839703:newom/newom/newom/img/product_images/2678.jpg
369,PHGP1PBRBM,Lighting Accessory,Pendant Lamp Holder,,,Matte Black,Black,Ceiling Pendant,"Lamp Holder, Cable, Ceiling Rose, Mounting Bracket",Round,PVC,https://sin1.contabostorage.com/4ad62276cb6d4a83bfb1b8a91b839703:newom/newom/newom/img/product_images/2423.jpg
370,PHPO1PBRBM,Lighting Accessory,Pendant Lamp Holder,,,Matte Black,Black,Ceiling Pendant,"Lamp Holder, Cable, Ceiling Rose, Mounting Bracket",Round,PVC,https://sin1.contabostorage.com/4ad62276cb6d4a83bfb1b8a91b839703:newom/newom/newom/img/product_images/250.jpg
371,PHWL1PBRRR,Lighting Accessory,Pendant Lamp Holder,,Metal,Rustic Red,Red,Ceiling Pendant,"Lamp Holder, Cable, Ceiling Rose, Mounting Bracket",Round,PVC,https://sin1.contabostorage.com/4ad62276cb6d4a83bfb1b8a91b839703:newom/newom/newom/img/product_images/2402.jpg
372,PHWL1PBRBS,Lighting Accessory,Pendant Lamp Holder,,Metal,Brushed Silver,Silver,Ceiling Pendant,"Lamp Holder, Cable, Ceiling Rose, Mounting Bracket",Round,PVC,https://sin1.contabostorage.com/4ad62276cb6d4a83bfb1b8a91b839703:newom/newom/newom/img/product_images/2401.jpg
373,PHWL1PBRBC,Lighting Accessory,Pendant Lamp Holder,,Metal,Brass,Brushed Copper,Ceiling Pendant,"Lamp Holder, Cable, Ceiling Rose, Mounting Bracket",Round,PVC,https://sin1.contabostorage.com/4ad62276cb6d4a83bfb1b8a91b839703:newom/newom/newom/img/product_images/2400.jpg
374,PHWL1PBRBM,Lighting Accessory,Pendant Lamp Holder,,Metal,Matte Black,Black,Ceiling Pendant,"Lamp Holder, Cable, Ceiling Rose, Mounting Bracket",Round,PVC,https://sin1.contabostorage.com/4ad62276cb6d4a83bfb1b8a91b839703:newom/newom/newom/img/product_images/2399.jpg
375,PHWL1PBRBB,Lighting Accessory,Pendant Lamp Holder,,Metal,Brass,Brushed Brass,Ceiling Pendant,"Lamp Holder, Cable, Ceiling Rose, Mounting Bracket",Round,PVC,https://sin1.contabostorage.com/4ad62276cb6d4a83bfb1b8a91b839703:newom/newom/newom/img/product_images/2398.jpg
376,PHUH2HE3TBM,Lighting Accessory,Pendant Lamp Holder,Decorative Rope Pendant Light with Ceiling Rose,Hemp / Natural Fiber Rope,Matte Black,Black,Ceiling Pendant,"Lamp Holder, Cable, Ceiling Rose, Mounting Bracket",Rope Cable,Natural Fiber Rope,https://sin1.contabostorage.com/4ad62276cb6d4a83bfb1b8a91b839703:newom/newom/newom/img/product_images/33970.jpg
377,PHHR1BRTRE,Lighting Accessory,Pendant Lamp Holder,Decorative Rope Pendant Light with Ceiling Rose,Hemp / Natural Fiber Rope,Gloss Plastic Finish,Silicone Red,Ceiling Pendant,"Lamp Holder, Cable, Ceiling Rose, Mounting Bracket",Rope Cable,Natural Fiber Rope,https://sin1.contabostorage.com/4ad62276cb6d4a83bfb1b8a91b839703:newom/newom/newom/img/product_images/4918.jpg
378,PHHR3DSTHE,Lighting Accessory,Pendant Lamp Holder,Decorative Rope Pendant Light with Ceiling Rose,Hemp / Natural Fiber Rope,Woven,Browns,Ceiling Pendant,"Lamp Holder, Cable, Ceiling Rose, Mounting Bracket",Rope Cable,Natural Fiber Rope,https://sin1.contabostorage.com/4ad62276cb6d4a83bfb1b8a91b839703:newom/newom/newom/img/product_images/3878.jpg
379,PHHR1DSTHE,Lighting Accessory,Pendant Lamp Holder,Decorative Rope Pendant Light with Ceiling Rose,Hemp / Natural Fiber Rope,Woven,Browns,Ceiling Pendant,"Lamp Holder, Cable, Ceiling Rose, Mounting Bracket",Rope Cable,Natural Fiber Rope,https://sin1.contabostorage.com/4ad62276cb6d4a83bfb1b8a91b839703:newom/newom/newom/img/product_images/3837.jpg
380,PHHR2HETHE,Lighting Accessory,Pendant Lamp Holder,Decorative Rope Pendant Light with Ceiling Rose,Hemp / Natural Fiber Rope,Woven,Browns,Ceiling Pendant,"Lamp Holder, Cable, Ceiling Rose, Mounting Bracket",Rope Cable,Natural Fiber Rope,https://sin1.contabostorage.com/4ad62276cb6d4a83bfb1b8a91b839703:newom/newom/newom/img/product_images/2626.jpg
381,PHUH2HETBM,Lighting Accessory,Pendant Lamp Holder,Decorative Rope Pendant Light with Ceiling Rose,Hemp / Natural Fiber Rope,Matte Black,Black,Ceiling Pendant,"Lamp Holder, Cable, Ceiling Rose, Mounting Bracket",Rope Cable,Natural Fiber Rope,https://sin1.contabostorage.com/4ad62276cb6d4a83bfb1b8a91b839703:newom/newom/newom/img/product_images/784.jpg
382,PHUH1HETBM,Lighting Accessory,Pendant Lamp Holder,Decorative Rope Pendant Light with Ceiling Rose,Hemp / Natural Fiber Rope,Matte Black,Black,Ceiling Pendant,"Lamp Holder, Cable, Ceiling Rose, Mounting Bracket",Rope Cable,Natural Fiber Rope,https://sin1.contabostorage.com/4ad62276cb6d4a83bfb1b8a91b839703:newom/newom/newom/img/product_images/783.jpg
383,PHUH0.5HETBM,Lighting Accessory,Pendant Lamp Holder,Decorative Rope Pendant Light with Ceiling Rose,Hemp / Natural Fiber Rope,Matte Black,Black,Ceiling Pendant,"Lamp Holder, Cable, Ceiling Rose, Mounting Bracket",Rope Cable,Natural Fiber Rope,https://sin1.contabostorage.com/4ad62276cb6d4a83bfb1b8a91b839703:newom/newom/newom/img/product_images/782.jpg
384,PHDH1HETHE,Lighting Accessory,Pendant Lamp Holder,Decorative Rope Pendant Light with Ceiling Rose,Hemp / Natural Fiber Rope,Woven,Browns,Ceiling Pendant,"Lamp Holder, Cable, Ceiling Rose, Mounting Bracket",Rope Cable,Natural Fiber Rope,https://sin1.contabostorage.com/4ad62276cb6d4a83bfb1b8a91b839703:newom/newom/newom/img/product_images/1808.jpg
385,PHSH1HETYB,Lighting Accessory,Pendant Lamp Holder,Decorative Rope Pendant Light with Ceiling Rose,Hemp / Natural Fiber Rope,Brass,Yellow Brass,Ceiling Pendant,"Lamp Holder, Cable, Ceiling Rose, Mounting Bracket",Rope Cable,Natural Fiber Rope,https://sin1.contabostorage.com/4ad62276cb6d4a83bfb1b8a91b839703:newom/newom/newom/img/product_images/1807.jpg
386,PHHR1BMTBM,Lighting Accessory,Pendant Lamp Holder,Decorative Rope Pendant Light with Ceiling Rose,Hemp / Natural Fiber Rope,Matte Black,Black,Ceiling Pendant,"Lamp Holder, Cable, Ceiling Rose, Mounting Bracket",Rope Cable,Natural Fiber Rope,https://sin1.contabostorage.com/4ad62276cb6d4a83bfb1b8a91b839703:newom/newom/newom/img/product_images/1620.jpg
387,PHHR1BRTBR,Lighting Accessory,Pendant Lamp Holder,Decorative Rope Pendant Light with Ceiling Rose,Hemp / Natural Fiber Rope,Woven,Browns,Ceiling Pendant,"Lamp Holder, Cable, Ceiling Rose, Mounting Bracket",Rope Cable,Natural Fiber Rope,https://sin1.contabostorage.com/4ad62276cb6d4a83bfb1b8a91b839703:newom/newom/newom/img/product_images/1619.jpg
388,PHHR1YETYE,Lighting Accessory,Pendant Lamp Holder,Decorative Rope Pendant Light with Ceiling Rose,Hemp / Natural Fiber Rope,Glossy painted,Browns,Ceiling Pendant,"Lamp Holder, Cable, Ceiling Rose, Mounting Bracket",Rope Cable,Natural Fiber Rope,https://sin1.contabostorage.com/4ad62276cb6d4a83bfb1b8a91b839703:newom/newom/newom/img/product_images/1618.jpg
389,PHHR1HETHE,Lighting Accessory,Pendant Lamp Holder,Decorative Rope Pendant Light with Ceiling Rose,Hemp / Natural Fiber Rope,Woven,Browns,Ceiling Pendant,"Lamp Holder, Cable, Ceiling Rose, Mounting Bracket",Rope Cable,Natural Fiber Rope,https://sin1.contabostorage.com/4ad62276cb6d4a83bfb1b8a91b839703:newom/newom/newom/img/product_images/1617.jpg
390,PHTT1PBR3BC,Lighting Accessory,Pendant Lamp Holder,,Metal,Brass,Brushed Copper,Ceiling Pendant,"Lamp Holder, Cable, Ceiling Rose, Mounting Bracket",Round,PVC,https://sin1.contabostorage.com/4ad62276cb6d4a83bfb1b8a91b839703:newom/newom/newom/img/product_images/2350.jpg
391,PHTT1PBR3RR,Lighting Accessory,Pendant Lamp Holder,,Metal,Rustic Red,Red,Ceiling Pendant,"Lamp Holder, Cable, Ceiling Rose, Mounting Bracket",Round,PVC,https://sin1.contabostorage.com/4ad62276cb6d4a83bfb1b8a91b839703:newom/newom/newom/img/product_images/2349.jpg
392,PHTT1PBR3BS,Lighting Accessory,Pendant Lamp Holder,,Metal,Brushed Silver,Silver,Ceiling Pendant,"Lamp Holder, Cable, Ceiling Rose, Mounting Bracket",Round,PVC,https://sin1.contabostorage.com/4ad62276cb6d4a83bfb1b8a91b839703:newom/newom/newom/img/product_images/2348.jpg
393,PHTT1PBR3BM,Lighting Accessory,Pendant Lamp Holder,,Metal,Matte Black,Black,Ceiling Pendant,"Lamp Holder, Cable, Ceiling Rose, Mounting Bracket",Round,PVC,https://sin1.contabostorage.com/4ad62276cb6d4a83bfb1b8a91b839703:newom/newom/newom/img/product_images/2347.jpg
394,PHCD1PBR3WH,Lighting Accessory,Pendant Lamp Holder,,Metal,Painetd White,White,Ceiling Pendant,"Lamp Holder, Cable, Ceiling Rose, Mounting Bracket",Round,PVC,https://sin1.contabostorage.com/4ad62276cb6d4a83bfb1b8a91b839703:newom/newom/newom/img/product_images/2395.jpg
395,PHCI1PBR3WH,Lighting Accessory,Pendant Lamp Holder,,Metal,Painetd White,White,Ceiling Pendant,"Lamp Holder, Cable, Ceiling Rose, Mounting Bracket",Round,PVC,https://sin1.contabostorage.com/4ad62276cb6d4a83bfb1b8a91b839703:newom/newom/newom/img/product_images/2396.jpg
396,PHCD1PBRWH,Lighting Accessory,Pendant Lamp Holder,,Metal,Painetd White,White,Ceiling Pendant,"Lamp Holder, Cable, Ceiling Rose, Mounting Bracket",Round,PVC,https://sin1.contabostorage.com/4ad62276cb6d4a83bfb1b8a91b839703:newom/newom/newom/img/product_images/251.jpg
397,PHHCF1BMRBM,Lighting Accessory,Pendant Lamp Holder,,Metal,Matte Black,Black,Ceiling Pendant,"Lamp Holder, Cable, Ceiling Rose, Mounting Bracket",Round,PVC,https://sin1.contabostorage.com/4ad62276cb6d4a83bfb1b8a91b839703:newom/newom/newom/img/product_images/40421.jpg
398,PHHCF1BMRYB,Lighting Accessory,Pendant Lamp Holder,,Metal,Brass,Yellow Brass,Ceiling Pendant,"Lamp Holder, Cable, Ceiling Rose, Mounting Bracket",Round,PVC,https://sin1.contabostorage.com/4ad62276cb6d4a83bfb1b8a91b839703:newom/newom/newom/img/product_images/40420.jpg
399,PHBAF1BMRBM,Lighting Accessory,Pendant Lamp Holder,,Metal,Matte Black,Black,Ceiling Pendant,"Lamp Holder, Cable, Ceiling Rose, Mounting Bracket",Round,PVC,https://sin1.contabostorage.com/4ad62276cb6d4a83bfb1b8a91b839703:newom/newom/newom/img/product_images/34776.jpg
400,PHCD1PBRBM,Lighting Accessory,Pendant Lamp Holder,,Metal,Matte Black,Black,Ceiling Pendant,"Lamp Holder, Cable, Ceiling Rose, Mounting Bracket",Round,PVC,https://sin1.contabostorage.com/4ad62276cb6d4a83bfb1b8a91b839703:newom/newom/newom/img/product_images/34427.jpg
401,PHCD1PBRBW,Lighting Accessory,Pendant Lamp Holder,,Metal,Matte Black,Black,Ceiling Pendant,"Lamp Holder, Cable, Ceiling Rose, Mounting Bracket",Round,PVC,https://sin1.contabostorage.com/4ad62276cb6d4a83bfb1b8a91b839703:newom/newom/newom/img/product_images/33900.jpg
402,PHBAF1BMRBM,Lighting Accessory,Pendant Lamp Holder,,Metal,Matte Black,Black,Ceiling Pendant,"Lamp Holder, Cable, Ceiling Rose, Mounting Bracket",Round,PVC,https://sin1.contabostorage.com/4ad62276cb6d4a83bfb1b8a91b839703:newom/newom/newom/img/product_images/34776.jpg
403,PHCD1PBRBM,Lighting Accessory,Pendant Lamp Holder,,Metal,Matte Black,Black,Ceiling Pendant,"Lamp Holder, Cable, Ceiling Rose, Mounting Bracket",Round,PVC,https://sin1.contabostorage.com/4ad62276cb6d4a83bfb1b8a91b839703:newom/newom/newom/img/product_images/34427.jpg
404,PHCD1PBRBW,Lighting Accessory,Pendant Lamp Holder,,Metal,Matte Black,Black,Ceiling Pendant,"Lamp Holder, Cable, Ceiling Rose, Mounting Bracket",Round,PVC,https://sin1.contabostorage.com/4ad62276cb6d4a83bfb1b8a91b839703:newom/newom/newom/img/product_images/33900.jpg
405,PHSF1PBR40WH,Lighting Accessory,Pendant Lamp Holder,,PVC,Painetd White,White,Ceiling Pendant,"Lamp Holder, Cable, Ceiling Rose, Mounting Bracket",Round,PVC,https://sin1.contabostorage.com/4ad62276cb6d4a83bfb1b8a91b839703:newom/newom/newom/img/product_images/3138.jpg
406,PHSF1PWR40WH,Lighting Accessory,Pendant Lamp Holder,,PVC,Painetd White,White,Ceiling Pendant,"Lamp Holder, Cable, Ceiling Rose, Mounting Bracket",Round,PVC,https://sin1.contabostorage.com/4ad62276cb6d4a83bfb1b8a91b839703:newom/newom/newom/img/product_images/3137.jpg
407,PHSF1PWR20WH,Lighting Accessory,Pendant Lamp Holder,,PVC,Painetd White,White,Ceiling Pendant,"Lamp Holder, Cable, Ceiling Rose, Mounting Bracket",Round,PVC,https://sin1.contabostorage.com/4ad62276cb6d4a83bfb1b8a91b839703:newom/newom/newom/img/product_images/2667.jpg
408,PHSF1PBR20WH,Lighting Accessory,Pendant Lamp Holder,,PVC,Painetd White,White,Ceiling Pendant,"Lamp Holder, Cable, Ceiling Rose, Mounting Bracket",Round,PVC,https://sin1.contabostorage.com/4ad62276cb6d4a83bfb1b8a91b839703:newom/newom/newom/img/product_images/2666.jpg
409,PHSF1PBR20WH,Lighting Accessory,Pendant Lamp Holder,,PVC,Painetd White,White,Ceiling Pendant,"Lamp Holder, Cable, Ceiling Rose, Mounting Bracket",Round,PVC,https://sin1.contabostorage.com/4ad62276cb6d4a83bfb1b8a91b839703:newom/newom/newom/img/product_images/2666.jpg
