SKU,Comments
CRFF10020BA,"Standalone — no extra item"
CRFF10020CH,"Standalone — no extra item"
CRFF10020RO,"Standalone — no extra item"
CRFF10020SN,"Standalone — no extra item"
CRFF10020YB,"Standalone — no extra item"
CRFF100BM,"Standalone — no extra item — not on LEDSone, Vintagelite listing"
CRFF100BY,"Standalone — no extra item"
CRFF100CH,"Standalone — no extra item"
CRFF100CO,"Standalone — no extra item — not on LEDSone, Vintagelite listing"
CRFF100FG,"Standalone — no extra item"
CRFF100GB,"Standalone — no extra item — not on LEDSone, Vintagelite listing"
CRFF100RO,"Standalone — no extra item"
CRFF100SN,"Standalone — no extra item"
CRFF100WH,"Standalone — no extra item — not on LEDSone, Vintagelite listing"
CRFF100WO,"Combined with E27 Hemp wire Aluminium Holder Pendant (PHMH1HERYB)"
CRFF100YB,"Standalone — no extra item"
CRFF105BA,"Standalone — no extra item"
CRFF105BY,"Standalone — no extra item"
CRFF105CH,"Standalone — no extra item"
CRFF105CO,"Standalone — no extra item"
CRFF105GB,"Standalone — no extra item"
CRFF105RO,"Standalone — no extra item"
CRFF105SN,"Standalone — no extra item"
CRFF105WH,"Standalone — no extra item"
CRFF105YB,"Standalone — no extra item"
CRFF108BM,"Standalone — no extra item — not on LEDSone, Electricalsone listing"
CRFF108BY,"Standalone — no extra item"
CRFF108CH,"Standalone — no extra item"
CRFF108CO,"Standalone — no extra item"
CRFF108GB,"Standalone — no extra item"
CRFF108RO,"Standalone — no extra item — not on LEDSone, Vintagelite listing"
CRFF108SN,"Standalone — no extra item"
CRFF108WH,"Standalone — no extra item"
CRFF108YB,"Standalone — no extra item"
CRFF110HBM,"Standalone — no extra item"
CRFF110HCO,"Standalone — no extra item"
CRFF110HFG,"Standalone — no extra item"
CRFF110HSN,"Standalone — no extra item"
CRFF110HYB,"Standalone — no extra item"
CRFF115BM,"Standalone — no extra item"
CRFF115CH,"Standalone — no extra item"
CRFF115CO,"Standalone — no extra item"
CRFF115RO,"Standalone — no extra item"
CRFF115SN,"Standalone — no extra item"
CRFF1401BM,"Not listed on Shopify"
CRFF140BB,"Standalone — no extra item"
CRFF140BC,"Standalone — no extra item"
CRFF140BM,"Standalone — no extra item"
CRFF140BS,"Standalone — no extra item"
CRFF140BY,"Standalone — no extra item"
CRFF140CH,"Standalone — no extra item"
CRFF140CO,"Standalone — no extra item"
CRFF140FG,"Standalone — no extra item"
CRFF140GB,"Standalone — no extra item"
CRFF140GD,"Standalone — no extra item"
CRFF140GL,"Standalone — no extra item"
CRFF140RO,"Standalone — no extra item"
CRFF140RR,"Standalone — no extra item"
CRFF140SBC,"Combined with 1m Brushed Copper Fisherman Pendant set (PHLSFH1PBRBC)"
CRFF140SBM,"Combined with 1m Nautical Fisherman Pendant set (PHLSFH1PBRBM)"
CRFF140SN,"Standalone — no extra item"
CRFF140WH,"Standalone — no extra item"
CRFF140YB,"Standalone — no extra item"
CRFF14BM,"Standalone — no extra item"
CRFF14GL,"Standalone — no extra item"
CRFF2005BM,"Standalone — no extra item"
CRFF2005WH,"Standalone — no extra item"
CRFF2006BM,"Standalone — no extra item"
CRFF2006WH,"Standalone — no extra item"
CRFF2007BM,"Standalone — no extra item"
CRFF2007WH,"Standalone — no extra item"
CRFF2008BM,"Standalone — no extra item"
CRFF2008WH,"Standalone — no extra item"
CRFF2009BM,"Standalone — no extra item"
CRFF2009WH,"Standalone — no extra item"
CRFF2404BM,"Standalone — no extra item — not on LEDSone, Electricalsone listing"
CRFF2404WH,"Standalone — no extra item — not on LEDSone, Electricalsone listing"
CRFF4002BM,"Standalone — no extra item"
CRFF4503BM,"Standalone — no extra item"
CRFF4503WH,"Standalone — no extra item — not on LEDSone, Electricalsone listing"
CRFF5004BM,"Standalone — no extra item"
CRFF5005BM,"Standalone — no extra item"
CRFF500BB,"Standalone — no extra item"
CRFF500BC,"Standalone — no extra item"
CRFF500BM,"Standalone — no extra item"
CRFF500BS,"Standalone — no extra item"
CRFF500CH,"Standalone — no extra item"
CRFF500FG,"Standalone — no extra item"
CRFF500GB,"Standalone — no extra item"
CRFF500RO,"Standalone — no extra item"
CRFF500RR,"Standalone — no extra item"
CRFF500SN,"Standalone — no extra item"
CRFF500WH,"Standalone — no extra item"
CRFF500YB,"Standalone — no extra item"
CRFF5504BM,"Standalone — no extra item"
CRFF5505BM,"Standalone — no extra item — not on LEDSone, Vintagelite listing"
CRFF65BM,"Standalone — no extra item"
CRFF65CH,"Standalone — no extra item"
CRFF65CO,"Standalone — no extra item"
CRFF65FG,"Standalone — no extra item"
CRFF65GD,"Standalone — no extra item — not on LEDSone, Vintagelite listing"
CRFF65RO,"Standalone — no extra item"
CRFF65SN,"Standalone — no extra item"
CRFF65YB,"Standalone — no extra item"
CRFF75BA,"Standalone — no extra item"
CRFF75BY,"Standalone — no extra item"
CRFF75CH,"Standalone — no extra item"
CRFF75CO,"Standalone — no extra item"
CRFF75GB,"Standalone — no extra item"
CRFF75RO,"Standalone — no extra item"
CRFF75SN,"Standalone — no extra item"
CRFF75WH,"Standalone — no extra item"
CRFF75YB,"Standalone — no extra item"
CRSF10025BM,"Standalone — no extra item"
CRSF10025WH,"Standalone — no extra item"
CRSF10030BY,"Not listed on Shopify"
CRSF10030CO,"Not listed on Shopify"
CRSF10030GB,"Not listed on Shopify"
CRSF10030YB,"Standalone — no extra item"
CRSF100AA,"Standalone — no extra item"
CRSF100BB,"Standalone — no extra item"
CRSF100BC,"Standalone — no extra item"
CRSF100BD,"Standalone — no extra item"
CRSF100BL,"Standalone — no extra item"
CRSF100BM,"Standalone — no extra item"
CRSF100BS,"Standalone — no extra item"
CRSF100BU,"Standalone — no extra item"
CRSF100CB,"Combined with E27 Ceiling Rose Pendant Lamp Fitting (PHCH1PWRSBD) and Easy Fit E27 15cm Light Shade (LSHQ150CB)"
CRSF100CH,"Standalone — no extra item"
CRSF100CO,"Standalone — no extra item"
CRSF100CY,"Standalone — no extra item"
CRSF100FG,"Standalone — no extra item"
CRSF100GB,"Standalone — no extra item"
CRSF100GC,"Standalone — no extra item"
CRSF100GD,"Standalone — no extra item"
CRSF100GG,"Standalone — no extra item"
CRSF100GN,"Standalone — no extra item"
CRSF100GR,"Standalone — no extra item"
CRSF100GS,"Standalone — no extra item"
CRSF100GY,"Standalone — no extra item"
CRSF100HBM,"Standalone — no extra item"
CRSF100HCH,"Standalone — no extra item"
CRSF100HCO,"Standalone — no extra item"
CRSF100HFG,"Standalone — no extra item"
CRSF100HGB,"Standalone — no extra item"
CRSF100HRO,"Standalone — no extra item"
CRSF100HSN,"Standalone — no extra item"
CRSF100HWH,"Standalone — no extra item"
CRSF100HYB,"Standalone — no extra item"
CRSF100LBM,"Sold as 2 Pack"
CRSF100LBR,"Not listed on Shopify"
CRSF100LCH,"Sold as 2 Pack — not on LEDSone, Electricalsone listing"
CRSF100LCO,"Sold as 2 Pack"
CRSF100LFG,"Sold as 2 Pack"
CRSF100LG,"Standalone — no extra item"
CRSF100LRO,"Sold as 2 Pack"
CRSF100LSN,"Sold as 2 Pack"
CRSF100LWH,"Sold as 2 Pack"
CRSF100LYB,"Sold as 2 Pack — not on LEDSone, Electricalsone listing"
CRSF100NB,"Standalone — no extra item"
CRSF100OFBM,"Standalone — no extra item"
CRSF100OFSBM,"Standalone — no extra item"
CRSF100OFSYB,"Standalone — no extra item"
CRSF100OFWH,"Standalone — no extra item"
CRSF100OR,"Standalone — no extra item"
CRSF100PI,"Standalone — no extra item"
CRSF100PS,"Standalone — no extra item"
CRSF100RE,"Standalone — no extra item"
CRSF100RO,"Standalone — no extra item"
CRSF100RR,"Standalone — no extra item"
CRSF100SBM,"Standalone — no extra item"
CRSF100SN,"Standalone — no extra item"
CRSF100SWH,"Standalone — no extra item"
CRSF100WH,"Standalone — no extra item"
CRSF100YB,"Standalone — no extra item"
CRSF100YE,"Standalone — no extra item"
CRSF108BM,"Standalone — no extra item"
CRSF108CH,"Standalone — no extra item"
CRSF108CO,"Standalone — no extra item"
CRSF108FG,"Standalone — no extra item"
CRSF108GB,"Standalone — no extra item"
CRSF108RO,"Standalone — no extra item"
CRSF108SN,"Standalone — no extra item"
CRSF108WH,"Standalone — no extra item"
CRSF108YB,"Standalone — no extra item"
CRSF110BM,"Standalone — no extra item"
CRSF1202BM,"Standalone — no extra item"
CRSF1202CH,"Standalone — no extra item"
CRSF1202CO,"Standalone — no extra item"
CRSF1202FG,"Standalone — no extra item"
CRSF1202GB,"Standalone — no extra item"
CRSF1202H30BM,"Standalone — no extra item"
CRSF1202RO,"Standalone — no extra item"
CRSF1202SN,"Standalone — no extra item"
CRSF1202WH,"Standalone — no extra item"
CRSF1202YB,"Standalone — no extra item"
CRSF1203BM,"Standalone — no extra item"
CRSF1203CH,"Standalone — no extra item"
CRSF1203CO,"Standalone — no extra item"
CRSF1203FG,"Standalone — no extra item"
CRSF1203GB,"Standalone — no extra item"
CRSF1203RO,"Standalone — no extra item"
CRSF1203SN,"Standalone — no extra item — not on LEDSone, Electricalsone listing"
CRSF1203WH,"Standalone — no extra item"
CRSF1203YB,"Standalone — no extra item"
CRSF1204BM,"Standalone — no extra item"
CRSF1204CH,"Standalone — no extra item"
CRSF1204CO,"Standalone — no extra item"
CRSF1204FG,"Standalone — no extra item"
CRSF1204GB,"Standalone — no extra item"
CRSF1204RO,"Standalone — no extra item"
CRSF1204SN,"Standalone — no extra item"
CRSF1204WH,"Standalone — no extra item"
CRSF1204YB,"Standalone — no extra item"
CRSF1205BM,"Standalone — no extra item"
CRSF1205CH,"Standalone — no extra item"
CRSF1205CO,"Standalone — no extra item"
CRSF1205FG,"Standalone — no extra item"
CRSF1205GB,"Standalone — no extra item"
CRSF1205RO,"Standalone — no extra item"
CRSF1205SN,"Standalone — no extra item"
CRSF1205WH,"Standalone — no extra item"
CRSF1205YB,"Standalone — no extra item"
CRSF1206BM,"Standalone — no extra item"
CRSF1206CH,"Standalone — no extra item"
CRSF1206CO,"Standalone — no extra item"
CRSF1206FG,"Standalone — no extra item"
CRSF1206GB,"Standalone — no extra item"
CRSF1206RO,"Standalone — no extra item"
CRSF1206SN,"Standalone — no extra item"
CRSF1206WH,"Standalone — no extra item"
CRSF1206YB,"Standalone — no extra item"
CRSF1207BM,"Standalone — no extra item"
CRSF1207CH,"Standalone — no extra item"
CRSF1207CO,"Standalone — no extra item"
CRSF1207FG,"Standalone — no extra item"
CRSF1207GB,"Standalone — no extra item"
CRSF1207RO,"Standalone — no extra item"
CRSF1207SN,"Standalone — no extra item — not on LEDSone, Electricalsone listing"
CRSF1207WH,"Standalone — no extra item"
CRSF1207YB,"Standalone — no extra item"
CRSF1208BM,"Standalone — no extra item"
CRSF1208CH,"Standalone — no extra item"
CRSF1208CO,"Standalone — no extra item"
CRSF1208FG,"Standalone — no extra item"
CRSF1208GB,"Standalone — no extra item"
CRSF1208RO,"Standalone — no extra item"
CRSF1208WH,"Standalone — no extra item"
CRSF1208YB,"Standalone — no extra item"
CRSF1209BM,"Standalone — no extra item"
CRSF1209CH,"Standalone — no extra item"
CRSF1209CO,"Standalone — no extra item"
CRSF1209FG,"Standalone — no extra item"
CRSF1209GB,"Standalone — no extra item"
CRSF1209RO,"Standalone — no extra item"
CRSF1209SN,"Standalone — no extra item"
CRSF1209WH,"Standalone — no extra item"
CRSF1209YB,"Standalone — no extra item"
CRSF120BC,"Standalone — no extra item — not on LEDSone, Vintagelite listing"
CRSF120BM,"Standalone — no extra item"
CRSF120BS,"Standalone — no extra item — not on LEDSone, Vintagelite listing"
CRSF120CH,"Standalone — no extra item"
CRSF120CO,"Standalone — no extra item"
CRSF120FG,"Standalone — no extra item"
CRSF120GB,"Standalone — no extra item"
CRSF120HBM,"Not listed on Shopify"
CRSF120OSBM,"Combined with Copper 10mm Hole Switch Plate (PCSWRG10CO)"
CRSF120RO,"Standalone — no extra item"
CRSF120RR,"Standalone — no extra item — not on LEDSone, Vintagelite listing"
CRSF120SN,"Standalone — no extra item"
CRSF120SWH,"Not listed on Shopify"
CRSF120WH,"Standalone — no extra item"
CRSF120YB,"Standalone — no extra item"
CRSF125BM,"Standalone — no extra item"
CRSF125CH,"Standalone — no extra item"
CRSF125CO,"Standalone — no extra item"
CRSF125RO,"Standalone — no extra item"
CRSF125SN,"Standalone — no extra item"
CRSF125WH,"Not listed on Shopify"
CRSF125YB,"Standalone — no extra item"
CRSF195WD,"Combined with 60mm Light Fixture Mounting Bracket (CBSF60) and 1m PVC black full thin holder pendant set (WSWS1PFTBM) (3 combos)"
CRSF195WO,"Combined with 75mm Black turning holder (LHTPE27JBM)"
CRSF2003BB,"Standalone — no extra item"
CRSF2003BC,"Standalone — no extra item"
CRSF2003BM,"Standalone — no extra item"
CRSF2003BS,"Standalone — no extra item"
CRSF2003CH,"Standalone — no extra item"
CRSF2003CO,"Standalone — no extra item"
CRSF2003FG,"Standalone — no extra item"
CRSF2003GB,"Standalone — no extra item"
CRSF2003RO,"Standalone — no extra item"
CRSF2003RR,"Standalone — no extra item"
CRSF2003SE,"Standalone — no extra item — not on LEDSone, Vintagelite listing"
CRSF2003SN,"Standalone — no extra item"
CRSF2003WH,"Standalone — no extra item"
CRSF2003YB,"Standalone — no extra item"
CRSF220BM,"Standalone — no extra item"
CRSF220CO,"Standalone — no extra item"
CRSF220SN,"Standalone — no extra item"
CRSF220WH,"Standalone — no extra item"
CRSF220YB,"Standalone — no extra item"
CRSF3006BM,"Not listed on Shopify"
CRSFM110080BM,"Standalone — no extra item"
CRSFM110080CH,"Standalone — no extra item"
CRSFM110080CO,"Standalone — no extra item"
CRSFM110080SN,"Standalone — no extra item"
CRSFM110080WH,"Standalone — no extra item"
CRSFM110080YB,"Standalone — no extra item"
CRSFM210080BM,"Combined with 95mm Light Fixture Mounting Bracket (CBSF95)"
CRSFM210080CH,"Combined with 95mm Light Fixture Mounting Bracket (CBSF95)"
CRSFM210080CO,"Combined with 95mm Light Fixture Mounting Bracket (CBSF95)"
CRSFM210080SN,"Combined with 95mm Light Fixture Mounting Bracket (CBSF95)"
CRSFM210080WH,"Combined with 95mm Light Fixture Mounting Bracket (CBSF95)"
CRSFM210080YB,"Combined with 95mm Light Fixture Mounting Bracket (CBSF95)"
CRSFML100BM,"Standalone — no extra item"
CRSFML100YB,"Standalone — no extra item"
CRSFR80BM,"Standalone — no extra item"
CRSFR80CH,"Standalone — no extra item"
CRSFR80CO,"Standalone — no extra item"
CRSFR80FG,"Standalone — no extra item"
CRSFR80RO,"Standalone — no extra item"
CRSFR80SN,"Standalone — no extra item"
CRSFR80WH,"Standalone — no extra item"
CRSFR80YB,"Standalone — no extra item"
CRSFWL1HWN,"Standalone — no extra item"
CRSFWL2HWN,"Standalone — no extra item"
CRSFWR1CHWN,"Standalone — no extra item"
CRSFWR1CHWO,"Standalone — no extra item"
CRSFWR1LPWO,"Standalone — no extra item"
CRSFWR1THWO,"Standalone — no extra item"
CRSFX120BM,"Standalone — no extra item"
CRSFX120YB,"Standalone — no extra item"
LSACY195BG,"Combined with Black Vintage Ceiling Rose (CRSF100BM)"
LSAFT200BG,"Combined with Black Vintage Ceiling Rose (CRSF100BM) and 30mm Pendant Light Fitting Black (PHRB1PBR30BM)"
LSAHQS150BG,"Not listed on Shopify"
LSBG136AR,"Combined with Metal Lamp Shade Cap French Gold (SCRN70FG)"
LSBL140RO,"Standalone — no extra item — not on LEDSone, Electricalsone listing"
LSBL140SN,"Standalone — no extra item — not on LEDSone, Electricalsone listing"
LSBS160BL,"Standalone — no extra item"
LSBS160BM,"Standalone — no extra item"
LSBS160BU,"Standalone — no extra item"
LSBS160GR,"Standalone — no extra item"
LSBS160GY,"Standalone — no extra item"
LSBS160NB,"Standalone — no extra item — not on LEDSone, Electricalsone listing"
LSBS160OR,"Standalone — no extra item"
LSBS160RE,"Standalone — no extra item"
LSBS160WH,"Standalone — no extra item"
LSBS160YE,"Standalone — no extra item"
LSCG185AR,"Combined with Metal Lamp Shade Cap French Gold (SCRN70FG)"
LSCO335BM,"Combined with Universal Reducer Plate E27 to B22 (RPR44WH)"
LSCO335DG,"Combined with Universal Reducer Plate E27 to B22 (RPR44WH)"
LSCO335GY,"Combined with Universal Reducer Plate E27 to B22 (RPR44WH)"
LSCO335OR,"Combined with Universal Reducer Plate E27 to B22 (RPR44WH)"
LSCO335WH,"Combined with Universal Reducer Plate E27 to B22 (RPR44WH)"
LSCO335YE,"Combined with Universal Reducer Plate E27 to B22 (RPR44WH)"
LSCO360BM,"Combined with Universal Reducer Plate E27 to B22 (RPR44WH)"
LSCO360DG,"Combined with Universal Reducer Plate E27 to B22 (RPR44WH)"
LSCO360GY,"Combined with Universal Reducer Plate E27 to B22 (RPR44WH)"
LSCO360OR,"Combined with Universal Reducer Plate E27 to B22 (RPR44WH)"
LSCO360WH,"Combined with Universal Reducer Plate E27 to B22 (RPR44WH)"
LSCO360YE,"Combined with Universal Reducer Plate E27 to B22 (RPR44WH)"
LSCP150BA,"Combined with Universal Reducer Plate E27 to B22 (RPR44WH)"
LSCP150BD,"Combined with Universal Reducer Plate E27 to B22 (RPR44WH)"
LSCP150BL,"Combined with Universal Reducer Plate E27 to B22 (RPR44WH)"
LSCP150BU,"Combined with Universal Reducer Plate E27 to B22 (RPR44WH)"
LSCP150GR,"Combined with Universal Reducer Plate E27 to B22 (RPR44WH)"
LSCP150GY,"Combined with Universal Reducer Plate E27 to B22 (RPR44WH)"
LSCP150OR,"Combined with Universal Reducer Plate E27 to B22 (RPR44WH)"
LSCP150PI,"Combined with Universal Reducer Plate E27 to B22 (RPR44WH)"
LSCP150RE,"Combined with Universal Reducer Plate E27 to B22 (RPR44WH)"
LSCP150YE,"Combined with Universal Reducer Plate E27 to B22 (RPR44WH)"
LSCY1C12FG,"Combined with Vintage Ceiling Rose With Cord Grip (CRSF100FG)"
LSCY210BC,"Combined with Universal Reducer Plate E27 to B22 (RPR44WH)"
LSCY210BG,"Combined with Universal Reducer Plate E27 to B22 (RPR44WH)"
LSCY210BM,"Combined with Universal Reducer Plate E27 to B22 (RPR44WH)"
LSCY210BS,"Combined with Universal Reducer Plate E27 to B22 (RPR44WH)"
LSCY210RR,"Combined with Universal Reducer Plate E27 to B22 (RPR44WH)"
LSCY290AA,"Combined with Universal Reducer Plate E27 to B22 (RPR44WH)"
LSCY290AT,"Combined with Universal Reducer Plate E27 to B22 (RPR44WH)"
LSCY290BB,"Standalone — no extra item"
LSCY290BC,"Combined with Universal Reducer Plate E27 to B22 (RPR44WH)"
LSCY290BG,"Standalone — no extra item"
LSCY290BI,"Combined with Universal Reducer Plate E27 to B22 (RPR44WH)"
LSCY290BL,"Combined with Universal Reducer Plate E27 to B22 (RPR44WH)"
LSCY290BM,"Combined with Universal Reducer Plate E27 to B22 (RPR44WH)"
LSCY290BS,"Combined with Universal Reducer Plate E27 to B22 (RPR44WH)"
LSCY290BT,"Combined with Single Pendant Light Fitting (PHUH1HETBM)"
LSCY290BU,"Standalone — no extra item"
LSCY290CB,"Combined with Universal Reducer Plate E27 to B22 (RPR44WH)"
LSCY290CH,"Combined with Universal Reducer Plate E27 to B22 (RPR44WH)"
LSCY290CO,"Combined with Universal Reducer Plate E27 to B22 (RPR44WH)"
LSCY290CY,"Combined with Universal Reducer Plate E27 to B22 (RPR44WH)"
LSCY290DBI,"Combined with Universal Reducer Plate E27 to B22 (RPR44WH)"
LSCY290DBT,"Combined with Universal Reducer Plate E27 to B22 (RPR44WH)"
LSCY290DBU,"Combined with Universal Reducer Plate E27 to B22 (RPR44WH)"
LSCY290DCB,"Combined with Universal Reducer Plate E27 to B22 (RPR44WH)"
LSCY290DGD,"Combined with Universal Reducer Plate E27 to B22 (RPR44WH)"
LSCY290DGR,"Combined with Universal Reducer Plate E27 to B22 (RPR44WH)"
LSCY290DGY,"Combined with Universal Reducer Plate E27 to B22 (RPR44WH)"
LSCY290DNB,"Combined with Universal Reducer Plate E27 to B22 (RPR44WH)"
LSCY290DOR,"Combined with Universal Reducer Plate E27 to B22 (RPR44WH)"
LSCY290DRE,"Combined with Universal Reducer Plate E27 to B22 (RPR44WH)"
LSCY290DWH,"Combined with Universal Reducer Plate E27 to B22 (RPR44WH)"
LSCY290DYE,"Combined with Universal Reducer Plate E27 to B22 (RPR44WH)"
LSCY290GB,"Combined with Universal Reducer Plate E27 to B22 (RPR44WH)"
LSCY290GC,"Combined with Universal Reducer Plate E27 to B22 (RPR44WH)"
LSCY290GR,"Combined with Universal Reducer Plate E27 to B22 (RPR44WH)"
LSCY290GY,"Standalone — no extra item"
LSCY290NB,"Combined with Universal Reducer Plate E27 to B22 (RPR44WH)"
LSCY290OR,"Combined with Universal Reducer Plate E27 to B22 (RPR44WH)"
LSCY290RE,"Standalone — no extra item"
LSCY290RO,"Combined with Universal Reducer Plate E27 to B22 (RPR44WH)"
LSCY290RR,"Combined with Universal Reducer Plate E27 to B22 (RPR44WH)"
LSCY290SN,"Combined with Universal Reducer Plate E27 to B22 (RPR44WH)"
LSCY290WH,"Combined with Universal Reducer Plate E27 to B22 (RPR44WH)"
LSCY290YB,"Combined with Universal Reducer Plate E27 to B22 (RPR44WH)"
LSCY290YE,"Combined with Universal Reducer Plate E27 to B22 (RPR44WH)"
LSCYRO120BM,"Combined with Universal Reducer Plate E27 to B22 (RPR44WH)"
LSCYRO120GD,"Combined with Universal Reducer Plate E27 to B22 (RPR44WH)"
LSCYRO120WH,"Combined with Universal Reducer Plate E27 to B22 (RPR44WH)"
LSCYRO200BM,"Combined with Universal Reducer Plate E27 to B22 (RPR44WH) — not on LEDSone, LEDSone DE listing (not in pounds)"
LSCYRO200GD,"Combined with Universal Reducer Plate E27 to B22 (RPR44WH) — not on LEDSone, LEDSone DE listing (not in pounds)"
LSCYRO200WH,"Combined with Universal Reducer Plate E27 to B22 (RPR44WH) — not on LEDSone, LEDSone DE listing (not in pounds)"
LSCYRO300BM,"Combined with Universal Reducer Plate E27 to B22 (RPR44WH) — not on LEDSone, LEDSone DE listing (not in pounds)"
LSCYRO300GD,"Combined with Universal Reducer Plate E27 to B22 (RPR44WH) — not on LEDSone, LEDSone DE listing (not in pounds)"
LSCYRO300WH,"Sold as 2 Pack, combined with Universal Reducer Plate E27 to B22 (RPR44WH2PK)"
LSDM220CH,"Combined with Universal Reducer Plate E27 to B22 (RPR44WH)"
LSDM220CO,"Combined with Universal Reducer Plate E27 to B22 (RPR44WH)"
LSDM220FG,"Combined with Universal Reducer Plate E27 to B22 (RPR44WH)"
LSDM220GB,"Combined with Universal Reducer Plate E27 to B22 (RPR44WH)"
LSDM220GS,"Combined with Universal Reducer Plate E27 to B22 (RPR44WH)"
LSDM220RO,"Combined with Universal Reducer Plate E27 to B22 (RPR44WH)"
LSDM220SN,"Combined with Universal Reducer Plate E27 to B22 (RPR44WH)"
LSDM220YB,"Combined with Universal Reducer Plate E27 to B22 (RPR44WH)"
LSDO210BB,"Combined with Universal Reducer Plate E27 to B22 (RPR44WH)"
LSDO210BC,"Combined with Universal Reducer Plate E27 to B22 (RPR44WH)"
LSDO210BG,"Combined with Universal Reducer Plate E27 to B22 (RPR44WH)"
LSDO210BI,"Standalone — no extra item"
LSDO210BL,"Combined with Universal Reducer Plate E27 to B22 (RPR44WH)"
LSDO210BM,"Combined with Universal Reducer Plate E27 to B22 (RPR44WH)"
LSDO210BS,"Standalone — no extra item"
LSDO210CB,"Standalone — no extra item"
LSDO210GR,"Standalone — no extra item"
LSDO210GY,"Combined with Universal Reducer Plate E27 to B22 (RPR44WH)"
LSDO210NB,"Combined with Universal Reducer Plate E27 to B22 (RPR44WH)"
LSDO210OR,"Combined with Universal Reducer Plate E27 to B22 (RPR44WH)"
LSDO210RE,"Standalone — no extra item"
LSDO210RR,"Combined with Universal Reducer Plate E27 to B22 (RPR44WH)"
LSDO210WH,"Combined with Universal Reducer Plate E27 to B22 (RPR44WH)"
LSDO210YE,"Standalone — no extra item"
LSDO300BI,"Standalone — no extra item — not on LEDSone, Electricalsone listing"
LSDO300BM,"Standalone — no extra item — not on LEDSone, Electricalsone listing"
LSDO300BT,"Standalone — no extra item — not on LEDSone, Electricalsone listing"
LSDO300BU,"Standalone — no extra item — not on LEDSone, Electricalsone listing"
LSDO300CB,"Combined with Universal Reducer Plate E27 to B22 (RPR44WH)"
LSDO300CO,"Standalone — no extra item — not on LEDSone, Electricalsone listing"
LSDO300GY,"Standalone — no extra item — not on LEDSone, Electricalsone listing"
LSDO300NB,"Standalone — no extra item — not on LEDSone, Electricalsone listing"
LSDO300OR,"Standalone — no extra item — not on LEDSone, Electricalsone listing"
LSDO300RE,"Standalone — no extra item — not on LEDSone, Electricalsone listing"
LSDO300RO,"Standalone — no extra item — not on LEDSone, Electricalsone listing"
LSDO300SN,"Standalone — no extra item — not on LEDSone, Electricalsone listing"
LSDO300WH,"Standalone — no extra item — not on LEDSone, Electricalsone listing"
LSDO300YB,"Standalone — no extra item — not on LEDSone, Electricalsone listing"
LSDO300YE,"Standalone — no extra item — not on LEDSone, Electricalsone listing"
LSDO400BG,"Combined with Universal Reducer Plate E27 to B22 (RPR44WH) — not on LEDSone, LEDSone US listing (not in pounds)"
LSDO400BI,"Standalone — no extra item — not on LEDSone, Vintagelite listing"
LSDO400BM,"Standalone — no extra item — not on LEDSone, Vintagelite listing"
LSDO400BT,"Standalone — no extra item — not on LEDSone, Vintagelite listing"
LSDO400BY,"Combined with Universal Reducer Plate E27 to B22 (RPR44WH)"
LSDO400BYI,"Standalone — no extra item"
LSDO400CB,"Standalone — no extra item — not on LEDSone, Vintagelite listing"
LSDO400GY,"Standalone — no extra item — not on LEDSone, Vintagelite listing"
LSDO400NB,"Standalone — no extra item — not on LEDSone, Vintagelite listing"
LSDO400OR,"Standalone — no extra item — not on LEDSone, Vintagelite listing"
LSDO400RE,"Standalone — no extra item — not on LEDSone, Vintagelite listing"
LSDO400WH,"Standalone — no extra item — not on LEDSone, Vintagelite listing"
LSDO400YE,"Standalone — no extra item — not on LEDSone, Vintagelite listing"
LSDT130BM,"Standalone — no extra item — not on LEDSone, Electricalsone listing"
LSDW100WH,"Standalone — no extra item — not on LEDSone, Electricalsone listing"
LSEL400BM,"Combined with Universal Reducer Plate E27 to B22 (RPR44WH)"
LSEL400GR,"Combined with Universal Reducer Plate E27 to B22 (RPR44WH)"
LSEL400GY,"Combined with Universal Reducer Plate E27 to B22 (RPR44WH)"
LSEL400OR,"Combined with Universal Reducer Plate E27 to B22 (RPR44WH)"
LSEL400WH,"Combined with Universal Reducer Plate E27 to B22 (RPR44WH)"
LSEL400YE,"Combined with Universal Reducer Plate E27 to B22 (RPR44WH)"
LSFC160BT,"Combined with Universal Reducer Plate E27 to B22 (RPR44WH_1)"
LSFC160BU,"Standalone — no extra item"
LSFC160OW,"Combined with Universal Reducer Plate E27 to B22 (RPR44WH_1)"
LSFC220GD,"Combined with Universal Reducer Plate E27 to B22 (RPR44WH)"
LSFC280AS,"Standalone — no extra item"
LSFC280BT,"Standalone — no extra item"
LSFC280GT,"Standalone — no extra item"
LSFC280SY,"Standalone — no extra item"
LSFC280WH,"Standalone — no extra item"
LSFC300BG,"Standalone — no extra item — not on LEDSone, LEDSone DE listing (not in pounds)"
LSFC300OW,"Standalone — no extra item — not on LEDSone, LEDSone DE listing (not in pounds)"
LSFC300TP,"Combined with Universal Reducer Plate E27 to B22 (RPR44WH)"
LSFC300YP,"Standalone — no extra item — not on LEDSone, LEDSone DE listing (not in pounds)"
LSFG210AR,"Standalone — no extra item — not on LEDSone, Electricalsone listing"
LSFT220BB,"Combined with Universal Reducer Plate E27 to B22 (RPR44WH)"
LSFT220BC,"Standalone — no extra item — not on LEDSone, Vintagelite listing"
LSFT220BG,"Combined with Universal Reducer Plate E27 to B22 (RPR44WH)"
LSFT220BI,"Combined with Universal Reducer Plate E27 to B22 (RPR44WH)"
LSFT220BL,"Combined with Universal Reducer Plate E27 to B22 (RPR44WH)"
LSFT220BM,"Combined with Universal Reducer Plate E27 to B22 (RPR44WH)"
LSFT220BR,"Combined with Universal Reducer Plate E27 to B22 (RPR44WH)"
LSFT220BS,"Combined with Universal Reducer Plate E27 to B22 (RPR44WH)"
LSFT220BU,"Combined with Universal Reducer Plate E27 to B22 (RPR44WH)"
LSFT220BW,"Combined with Universal Reducer Plate E27 to B22 (RPR44WH)"
LSFT220BY,"Combined with Universal Reducer Plate E27 to B22 (RPR44WH)"
LSFT220CH,"Standalone — no extra item — not on LEDSone, Vintagelite listing"
LSFT220CO,"Standalone — no extra item — not on LEDSone, Vintagelite listing"
LSFT220FG,"Standalone — no extra item — not on LEDSone, Vintagelite listing"
LSFT220GB,"Standalone — no extra item — not on LEDSone, Vintagelite listing"
LSFT220GI,"Combined with Universal Reducer Plate E27 to B22 (RPR44WH)"
LSFT220GR,"Standalone — no extra item — not on LEDSone, Vintagelite listing"
LSFT220GS,"Combined with Universal Reducer Plate E27 to B22 (RPR44WH)"
LSFT220GY,"Standalone — no extra item — not on LEDSone, Vintagelite listing"
LSFT220NB,"Combined with Universal Reducer Plate E27 to B22 (RPR44WH)"
LSFT220OR,"Combined with Universal Reducer Plate E27 to B22 (RPR44WH)"
LSFT220PI,"Standalone — no extra item"
LSFT220RE,"Standalone — no extra item — not on LEDSone, Vintagelite listing"
LSFT220RO,"Standalone — no extra item — not on LEDSone, Vintagelite listing"
LSFT220RR,"Combined with Universal Reducer Plate E27 to B22 (RPR44WH)"
LSFT220SN,"Standalone — no extra item — not on LEDSone, Vintagelite listing"
LSFT220WH,"Standalone — no extra item — not on LEDSone, Vintagelite listing"
LSFT220YB,"Standalone — no extra item — not on LEDSone, Vintagelite listing"
LSFT220YE,"Standalone — no extra item — not on LEDSone, Vintagelite listing"
LSFT255BD,"Standalone — no extra item — not on LEDSone, LEDSone DE listing (not in pounds)"
LSFT255BI,"Combined with Universal Reducer Plate E27 to B22 (RPR44WH) — not on LEDSone, LEDSone DE listing (not in pounds)"
LSFT255BT,"Standalone — no extra item — not on LEDSone, LEDSone DE listing (not in pounds)"
LSFT255CB,"Standalone — no extra item — not on LEDSone, LEDSone DE listing (not in pounds)"
LSFT255GR,"Combined with Universal Reducer Plate E27 to B22 (RPR44WH)"
LSFT255GY,"Standalone — no extra item — not on LEDSone, LEDSone DE listing (not in pounds)"
LSFT255RE,"Standalone — no extra item — not on LEDSone, LEDSone DE listing (not in pounds)"
LSFT255WH,"Combined with Universal Reducer Plate E27 to B22 (RPR44WH)"
LSFT320BM,"Combined with Universal Reducer Plate E27 to B22 (RPR44WH)"
LSFT320DG,"Combined with Universal Reducer Plate E27 to B22 (RPR44WH)"
LSFT320GY,"Combined with Universal Reducer Plate E27 to B22 (RPR44WH)"
LSFT320OR,"Combined with Universal Reducer Plate E27 to B22 (RPR44WH)"
LSFT320WH,"Combined with Universal Reducer Plate E27 to B22 (RPR44WH)"
LSFT320YE,"Combined with Universal Reducer Plate E27 to B22 (RPR44WH)"
LSGD280AR,"Combined with Metal Lamp Shade Cap French Gold (SCRN70FG)"
LSGG200AR,"Standalone — no extra item — not on LEDSone, Electricalsone listing"
LSGL100145BL,"Combined with Metal Lamp Shade White Reducer Ring E27 to B22 (RPM40WH)"
LSGL10014AR,"Combined with Metal Lamp Shade White Reducer Ring E27 to B22 (RPM40WH)"
LSGL10014CL,"Combined with Metal Lamp Shade White Reducer Ring E27 to B22 (RPM40WH)"
LSGL12010AR,"Sold as 2 Pack, combined with Metal Lamp Shade White Reducer Ring E27 to B22 (RPM40WH2PK)"
LSGL12010FC,"Combined with Metal Lamp Shade White Reducer Ring E27 to B22 (RPM40WH)"
LSGL12010FW,"Combined with Metal Lamp Shade White Reducer Ring E27 to B22 (RPM40WH)"
LSGL1275CL,"Combined with Metal Lamp Shade White Reducer Ring E27 to B22 (RPM40WH) — not on LEDSone, LEDSone DE listing (not in pounds)"
LSGL14010CL,"Combined with Metal Lamp Shade White Reducer Ring E27 to B22 (RPM40WH)"
LSGL14013AR,"Combined with 1 Way Yellow Brass Easy Fit Ceiling Rose (CRSF120YB) and U shape wall sconce (WSUSHE27YB)"
LSGL14023SG,"Combined with Metal Lamp Shade White Reducer Ring E27 to B22 (RPM40WH)"
LSGL15014CL,"Standalone — no extra item"
LSGL3L150AR,"Combined with Metal Lamp Shade White Reducer Ring E27 to B22 (RPM40WH) — not on LEDSone, LEDSone DE listing (not in pounds)"
LSGL6016CL,"Standalone — no extra item"
LSGL606CL,"Standalone — no extra item"
LSGL9015BM,"Standalone — no extra item"
LSGL9015CL,"Combined with Metal Lamp Shade White Reducer Ring E27 to B22 (RPM40WH)"
LSGL9015GY,"Standalone — no extra item — not on LEDSone, LEDSone DE listing (not in pounds)"
LSGL9015WH,"Standalone — no extra item — not on LEDSone, LEDSone DE listing (not in pounds)"
LSGLBC150CO,"Combined with Metal Lamp Shade White Reducer Ring E27 to B22 (RPM40WH)"
LSGLBC160AR,"Combined with Metal Lamp Shade White Reducer Ring E27 to B22 (RPM40WH)"
LSGLBG130WH,"Combined with Metal Lamp Shade White Reducer Ring E27 to B22 (RPM40WH)"
LSGLBG145AR,"Combined with Metal Lamp Shade White Reducer Ring E27 to B22 (RPM40WH)"
LSGLBH150WS,"Combined with Metal Lamp Shade White Reducer Ring E27 to B22 (RPM40WH)"
LSGLBH300WS,"Combined with Metal Lamp Shade White Reducer Ring E27 to B22 (RPM40WH)"
LSGLBP120BM,"Combined with Metal Lamp Shade White Reducer Ring E27 to B22 (RPM40WH)"
LSGLBP120CO,"Combined with Metal Lamp Shade White Reducer Ring E27 to B22 (RPM40WH)"
LSGLBP150CO,"Combined with Metal Lamp Shade White Reducer Ring E27 to B22 (RPM40WH)"
LSGLBT200PU,"Combined with Metal Lamp Shade White Reducer Ring E27 to B22 (RPM40WH)"
LSGLCA16015AR,"Not listed on Shopify"
LSGLCP120SY,"Combined with Metal Lamp Shade White Reducer Ring E27 to B22 (RPM40WH)"
LSGLCY100BM,"Combined with Metal Lamp Shade White Reducer Ring E27 to B22 (RPM40WH)"
LSGLCY120CO,"Combined with Metal Lamp Shade White Reducer Ring E27 to B22 (RPM40WH)"
LSGLDC160AS,"Combined with Metal Lamp Shade White Reducer Ring E27 to B22 (RPM40WH)"
LSGLFE150WH,"Not listed on Shopify"
LSGLFL140AR,"Combined with Metal Lamp Shade White Reducer Ring E27 to B22 (RPM40WH) — not on LEDSone, LEDSone DE listing (not in pounds)"
LSGLFP245BL,"Combined with Metal Lamp Shade White Reducer Ring E27 to B22 (RPM40WH)"
LSGLFP245BR,"Combined with Metal Lamp Shade White Reducer Ring E27 to B22 (RPM40WH)"
LSGLFP245GR,"Combined with Metal Lamp Shade White Reducer Ring E27 to B22 (RPM40WH)"
LSGLFP245PU,"Combined with Metal Lamp Shade White Reducer Ring E27 to B22 (RPM40WH)"
LSGLLF170AR,"Combined with Metal Lamp Shade White Reducer Ring E27 to B22 (RPM40WH)"
LSGLLN14020AR,"Combined with Metal Lamp Shade White Reducer Ring E27 to B22 (RPM40WH)"
LSGLLN150AR,"Combined with 1 Way Yellow Brass Easy Fit Ceiling Rose (CRSF120YB) and U shape wall sconce (WSUSHE27YB)"
LSGLSC115AR,"Combined with Metal Lamp Shade White Reducer Ring E27 to B22 (RPM40WH)"
LSGLSC1508CL,"Combined with Metal Lamp Shade White Reducer Ring E27 to B22 (RPM40WH)"
LSGLSC150BM,"Combined with Metal Lamp Shade White Reducer Ring E27 to B22 (RPM40WH)"
LSGLST148AR,"Combined with Metal Lamp Shade White Reducer Ring E27 to B22 (RPM40WH)"
LSGLST150AR,"Combined with Metal Lamp Shade White Reducer Ring E27 to B22 (RPM40WH) — not on LEDSone, Dcvoltage listing"
LSGLST1618AR,"Combined with M20 100*80 Ceiling Rose (CRSFM210080YB), E27 Threaded 20mm open holder Yellow Brass (LHTOE27YB) and 20mm Nipple Pipe Lighting (PCGZ20NL)"
LSGLTNAR,"Not listed on Shopify"
LSGLULAR,"Combined with Metal Lamp Shade White Reducer Ring E27 to B22 (RPM40WH)"
LSGLULCL,"Standalone — no extra item — not on LEDSone, LED Sone FR listing (not in pounds)"
LSGLULSG,"Standalone — no extra item — not on LEDSone, LED Sone FR listing (not in pounds)"
LSGLWA140AR,"Combined with Metal Lamp Shade White Reducer Ring E27 to B22 (RPM40WH) — not on LEDSone, LEDSone DE listing (not in pounds)"
LSGLWB125TN,"Standalone — no extra item"
LSGLWD150AR,"Standalone — no extra item — not on LEDSone, Dcvoltage listing"
LSGLWM200YC,"Combined with Universal Reducer Plate E27 to B22 (RPR44WH)"
LSGLWS180YC,"Combined with Universal Reducer Plate E27 to B22 (RPR44WH)"
LSH3325HE,"Combined with Universal Reducer Plate E27 to B22 (RPR44WH)"
LSHB310HE,"Combined with Single Pendant Light Fitting (PHUH1HETBM)"
LSHG240BG,"Combined with Black Vintage Ceiling Rose (CRSF100BM) and 20mm Pendant Light Fitting Black (PHRB1PBRPB)"
LSHH240BB,"Combined with Universal Reducer Plate E27 to B22 (RPR44WH)"
LSHH240BC,"Combined with Universal Reducer Plate E27 to B22 (RPR44WH)"
LSHH240BG,"Combined with Universal Reducer Plate E27 to B22 (RPR44WH)"
LSHH240BM,"Combined with Universal Reducer Plate E27 to B22 (RPR44WH)"
LSHH240BS,"Combined with Universal Reducer Plate E27 to B22 (RPR44WH)"
LSHH240RR,"Combined with Universal Reducer Plate E27 to B22 (RPR44WH)"
LSHI410HE,"Combined with Single Pendant Light Fitting (PHUH1HETBM)"
LSHL350LG,"Combined with Black Vintage Ceiling Rose (CRSF100BM) and E27 Black Umbrella Holder PVC 2 Core (PHUP1PBRBM) (4 combos)"
LSHM240BG,"Combined with Universal Reducer Plate E27 to B22 (RPR44WH)"
LSHM300HE,"Standalone — no extra item"
LSHM400HE,"Standalone — no extra item"
LSHQ150BL,"Standalone — no extra item — not on LEDSone, Electricalsone listing"
LSHQ150BM,"Standalone — no extra item — not on LEDSone, Electricalsone listing"
LSHQ150BU,"Standalone — no extra item — not on LEDSone, Electricalsone listing"
LSHQ150BY,"Combined with Universal Reducer Plate E27 to B22 (RPR44WH)"
LSHQ150CB,"Standalone — no extra item — not on LEDSone, Electricalsone listing"
LSHQ150GR,"Standalone — no extra item — not on LEDSone, Electricalsone listing"
LSHQ150GY,"Standalone — no extra item — not on LEDSone, Electricalsone listing"
LSHQ150OR,"Standalone — no extra item — not on LEDSone, Electricalsone listing"
LSHQ150PI,"Standalone — no extra item — not on LEDSone, Electricalsone listing"
LSHQ150RE,"Standalone — no extra item — not on LEDSone, Electricalsone listing"
LSHQ150WH,"Standalone — no extra item — not on LEDSone, Electricalsone listing"
LSHQ150YE,"Standalone — no extra item — not on LEDSone, Electricalsone listing"
LSHQ160BC,"Combined with Wall sconce Brushed Copper (WSHFBC)"
LSHQ160BS,"Combined with Wall sconce Brushed Silver (WSHFBS)"
LSHQ180BC,"Combined with Wall sconce Brushed Copper (WSNWBC)"
LSHQ180BG,"Combined with Universal Reducer Plate E27 to B22 (RPR44WH)"
LSHQ180BM,"Combined with Wall sconce Black (WSNWBM)"
LSHQ180BS,"Combined with Wall sconce Brushed Silver (WSNWBS)"
LSLC180BC,"Standalone — no extra item — not on LEDSone, Electricalsone listing"
LSLC180BM,"Standalone — no extra item — not on LEDSone, Electricalsone listing"
LSLC180BS,"Standalone — no extra item — not on LEDSone, Electricalsone listing"
LSLC180RR,"Standalone — no extra item — not on LEDSone, Electricalsone listing"
LSLT360BC,"Combined with Universal Reducer Plate E27 to B22 (RPR44WH)"
LSLT360BI,"Combined with Universal Reducer Plate E27 to B22 (RPR44WH)"
LSLT360BM,"Combined with Universal Reducer Plate E27 to B22 (RPR44WH)"
LSLT360BS,"Combined with Universal Reducer Plate E27 to B22 (RPR44WH)"
LSLT360BT,"Combined with Universal Reducer Plate E27 to B22 (RPR44WH)"
LSLT360BU,"Combined with Universal Reducer Plate E27 to B22 (RPR44WH)"
LSLT360BY,"Combined with Universal Reducer Plate E27 to B22 (RPR44WH)"
LSLT360CB,"Combined with Universal Reducer Plate E27 to B22 (RPR44WH)"
LSLT360GR,"Combined with Universal Reducer Plate E27 to B22 (RPR44WH)"
LSLT360GY,"Combined with Universal Reducer Plate E27 to B22 (RPR44WH)"
LSLT360NB,"Combined with Universal Reducer Plate E27 to B22 (RPR44WH)"
LSLT360OR,"Combined with Universal Reducer Plate E27 to B22 (RPR44WH)"
LSLT360RE,"Combined with Universal Reducer Plate E27 to B22 (RPR44WH)"
LSLT360RR,"Combined with Universal Reducer Plate E27 to B22 (RPR44WH)"
LSLT360WH,"Combined with Universal Reducer Plate E27 to B22 (RPR44WH)"
LSLT360YE,"Combined with Universal Reducer Plate E27 to B22 (RPR44WH)"
LSMCBESBRE,"Combined with Universal Reducer Plate E27 to B22 (RPR44WH)"
LSMCSPDRFL,"Combined with Metal Lamp Shade White Reducer Ring E27 to B22 (RPM40WH)"
LSMCSPDRMC,"Combined with Metal Lamp Shade White Reducer Ring E27 to B22 (RPM40WH)"
LSMCSPFLMC,"Combined with Metal Lamp Shade White Reducer Ring E27 to B22 (RPM40WH)"
LSMCSPMSMC,"Combined with Metal Lamp Shade White Reducer Ring E27 to B22 (RPM40WH)"
LSMCSPSQMC,"Combined with Metal Lamp Shade White Reducer Ring E27 to B22 (RPM40WH)"
LSMCSQWYBL,"Standalone — no extra item"
LSMCSQWYRE,"Combined with Wood base table lamp black half thin holder (TPHTTN2PBRBM)"
LSMS320BG,"Combined with Universal Reducer Plate E27 to B22 (RPR44WH)"
LSMS320BI,"Combined with Universal Reducer Plate E27 to B22 (RPR44WH)"
LSMS320BM,"Combined with Universal Reducer Plate E27 to B22 (RPR44WH)"
LSMS320BT,"Combined with Universal Reducer Plate E27 to B22 (RPR44WH)"
LSMS320BU,"Combined with Universal Reducer Plate E27 to B22 (RPR44WH)"
LSMS320CB,"Combined with Universal Reducer Plate E27 to B22 (RPR44WH)"
LSMS320GR,"Combined with Universal Reducer Plate E27 to B22 (RPR44WH)"
LSMS320GY,"Combined with Universal Reducer Plate E27 to B22 (RPR44WH)"
LSMS320NB,"Standalone — no extra item — not on LEDSone, Vintagelite listing"
LSMS320OR,"Combined with Universal Reducer Plate E27 to B22 (RPR44WH)"
LSMS320RE,"Combined with Universal Reducer Plate E27 to B22 (RPR44WH)"
LSMS320WH,"Combined with Universal Reducer Plate E27 to B22 (RPR44WH)"
LSMS320YE,"Combined with Universal Reducer Plate E27 to B22 (RPR44WH)"
LSOL180BB,"Combined with Universal Reducer Plate E27 to B22 (RPR44WH)"
LSOL180BC,"Combined with Universal Reducer Plate E27 to B22 (RPR44WH)"
LSOL180BG,"Combined with Universal Reducer Plate E27 to B22 (RPR44WH)"
LSOL180BM,"Combined with Universal Reducer Plate E27 to B22 (RPR44WH)"
LSOL180BS,"Combined with Universal Reducer Plate E27 to B22 (RPR44WH)"
LSOL180RR,"Combined with Universal Reducer Plate E27 to B22 (RPR44WH)"
LSOL220CH,"Standalone — no extra item — not on LEDSone, Electricalsone listing"
LSOL220CO,"Standalone — no extra item — not on LEDSone, Electricalsone listing"
LSOL220GB,"Standalone — no extra item — not on LEDSone, Electricalsone listing"
LSOL220RO,"Standalone — no extra item — not on LEDSone, Electricalsone listing"
LSOL220SN,"Standalone — no extra item — not on LEDSone, Electricalsone listing"
LSOL220YB,"Standalone — no extra item — not on LEDSone, Electricalsone listing"
LSPG250AR,"Standalone — no extra item — not on LEDSone, LEDSone DE listing (not in pounds)"
LSRD260AZ,"Standalone — no extra item"
LSRH260AZ,"Standalone — no extra item"
LSRP260CH,"Standalone — no extra item — not on LEDSone, Electricalsone listing"
LSRP260CO,"Standalone — no extra item — not on LEDSone, Electricalsone listing"
LSRP260GB,"Standalone — no extra item — not on LEDSone, Electricalsone listing"
LSRP260SN,"Standalone — no extra item — not on LEDSone, Electricalsone listing"
LSRP260YB,"Standalone — no extra item — not on LEDSone, Electricalsone listing"
LSRT120AZ,"Standalone — no extra item"
LSSC315BI,"Not listed on Shopify"
LSSC315GR,"Not listed on Shopify"
LSSC315GY,"Not listed on Shopify"
LSSC315OR,"Not listed on Shopify"
LSSC315RE,"Not listed on Shopify"
LSSS300BB,"Combined with Universal Reducer Plate E27 to B22 (RPR44WH)"
LSSS300BC,"Combined with Universal Reducer Plate E27 to B22 (RPR44WH)"
LSSS300BG,"Combined with Universal Reducer Plate E27 to B22 (RPR44WH)"
LSSS300BI,"Combined with Universal Reducer Plate E27 to B22 (RPR44WH)"
LSSS300BL,"Combined with Universal Reducer Plate E27 to B22 (RPR44WH)"
LSSS300BM,"Combined with Universal Reducer Plate E27 to B22 (RPR44WH)"
LSSS300BS,"Combined with Universal Reducer Plate E27 to B22 (RPR44WH)"
LSSS300CH,"Combined with Universal Reducer Plate E27 to B22 (RPR44WH)"
LSSS300CO,"Combined with Universal Reducer Plate E27 to B22 (RPR44WH)"
LSSS300GB,"Combined with Universal Reducer Plate E27 to B22 (RPR44WH)"
LSSS300GR,"Combined with Universal Reducer Plate E27 to B22 (RPR44WH)"
LSSS300GY,"Combined with Universal Reducer Plate E27 to B22 (RPR44WH)"
LSSS300NB,"Combined with Universal Reducer Plate E27 to B22 (RPR44WH)"
LSSS300OR,"Combined with Universal Reducer Plate E27 to B22 (RPR44WH)"
LSSS300PI,"Combined with Universal Reducer Plate E27 to B22 (RPR44WH)"
LSSS300RE,"Combined with Universal Reducer Plate E27 to B22 (RPR44WH)"
LSSS300RO,"Combined with Universal Reducer Plate E27 to B22 (RPR44WH)"
LSSS300RR,"Combined with Universal Reducer Plate E27 to B22 (RPR44WH)"
LSSS300SN,"Combined with Universal Reducer Plate E27 to B22 (RPR44WH)"
LSSS300WH,"Combined with Universal Reducer Plate E27 to B22 (RPR44WH)"
LSSS300YB,"Combined with Universal Reducer Plate E27 to B22 (RPR44WH)"
LSSS300YE,"Combined with Universal Reducer Plate E27 to B22 (RPR44WH)"
LSST260BM,"Combined with Black Vintage Ceiling Rose (CRSF100BM) and E27 Black Tin Holder PVC 2 Core (PHTT1PBRBM) — not on LEDSone, Vintagelite listing"
LSTB360YE,"Standalone — no extra item — not on LEDSone, Electricalsone listing"
LSTF290BB,"Combined with Universal Reducer Plate E27 to B22 (RPR44WH) — not on LEDSone, LEDSone DE listing (not in pounds)"
LSTF400BM,"Combined with Universal Reducer Plate E27 to B22 (RPR44WH)"
LSTF400GR,"Combined with Universal Reducer Plate E27 to B22 (RPR44WH)"
LSTF400GY,"Combined with Universal Reducer Plate E27 to B22 (RPR44WH)"
LSTF400OR,"Combined with Universal Reducer Plate E27 to B22 (RPR44WH)"
LSTF400WH,"Combined with Universal Reducer Plate E27 to B22 (RPR44WH)"
LSTF400YE,"Combined with Universal Reducer Plate E27 to B22 (RPR44WH)"
LSTF40BB,"Standalone — no extra item — not on LEDSone, Electricalsone listing"
LSTF40BC,"Standalone — no extra item — not on LEDSone, Electricalsone listing"
LSTF40BG,"Standalone — no extra item — not on LEDSone, Electricalsone listing"
LSTF40BM,"Standalone — no extra item — not on LEDSone, Electricalsone listing"
LSTF40BS,"Standalone — no extra item — not on LEDSone, Electricalsone listing"
LSTF40CH,"Standalone — no extra item — not on LEDSone, Electricalsone listing"
LSTF40CO,"Standalone — no extra item — not on LEDSone, Electricalsone listing"
LSTF40GB,"Standalone — no extra item — not on LEDSone, Electricalsone listing"
LSTF40RR,"Standalone — no extra item — not on LEDSone, Electricalsone listing"
LSTF40SN,"Standalone — no extra item — not on LEDSone, Electricalsone listing"
LSTF40YB,"Standalone — no extra item — not on LEDSone, Electricalsone listing"
LSTL260BB,"Combined with Universal Reducer Plate E27 to B22 (RPR44WH)"
LSTL260BC,"Combined with Universal Reducer Plate E27 to B22 (RPR44WH)"
LSTL260BG,"Combined with Universal Reducer Plate E27 to B22 (RPR44WH)"
LSTL260BI,"Combined with Universal Reducer Plate E27 to B22 (RPR44WH)"
LSTL260BM,"Combined with Universal Reducer Plate E27 to B22 (RPR44WH)"
LSTL260BS,"Combined with Universal Reducer Plate E27 to B22 (RPR44WH)"
LSTL260RR,"Combined with Universal Reducer Plate E27 to B22 (RPR44WH)"
LSTM310BM,"Combined with 1m chain holder pendant with ceiling rose (PHCD1PBRBW) — not on LEDSone, LEDSone DE listing (not in pounds)"
LSTM320BW,"Combined with Universal Reducer Plate E27 to B22 (RPR44WH)"
LSTM320GR,"Combined with Universal Reducer Plate E27 to B22 (RPR44WH)"
LSUL220BB,"Combined with Universal Reducer Plate E27 to B22 (RPR44WH)"
LSUL220BC,"Combined with Universal Reducer Plate E27 to B22 (RPR44WH)"
LSUL220BM,"Combined with Universal Reducer Plate E27 to B22 (RPR44WH)"
LSUL220BS,"Combined with Universal Reducer Plate E27 to B22 (RPR44WH)"
LSUL220RR,"Combined with Universal Reducer Plate E27 to B22 (RPR44WH)"
LSWB135BM,"Combined with Black Metal Ceiling Rose Square 500mm (CRFF500BM) and 35mm Pendant Light Fitting Black (PHRB1PBR35BM3PK) (3 combos)"
LSWD360BC,"Combined with Universal Reducer Plate E27 to B22 (RPR44WH)"
LSWD360BG,"Combined with Universal Reducer Plate E27 to B22 (RPR44WH)"
LSWD360BM,"Combined with Universal Reducer Plate E27 to B22 (RPR44WH)"
LSWD360BS,"Combined with Universal Reducer Plate E27 to B22 (RPR44WH)"
LSWD360RR,"Combined with Universal Reducer Plate E27 to B22 (RPR44WH)"
LSWE315BL,"Standalone — no extra item"
LSWE315BM,"Standalone — no extra item"
LSWE315BU,"Standalone — no extra item"
LSWE315BY,"Standalone — no extra item"
LSWE315GR,"Standalone — no extra item"
LSWE315GY,"Standalone — no extra item"
LSWE315OR,"Standalone — no extra item"
LSWE315WH,"Standalone — no extra item"
LSWE315YE,"Standalone — no extra item"
LSWT300BC,"Combined with E27 Brushed Copper Tin Holder PVC 2 Core (PHTT1PBR3BC)"
LSWT300BM,"Combined with E27 Black Tin Holder PVC 2 Core (PHTT1PBR3BM)"
LSWT300BS,"Combined with E27 Brushed Silver Tin Holder PVC 2 Core (PHTT1PBR3BS)"
LSWT300RR,"Combined with E27 Rustic Red Tin Holder PVC 2 Core (PHTT1PBR3RR)"
LSYG120BBM,"Standalone — no extra item"
LSYG410BI,"Standalone — no extra item — not on LEDSone, Electricalsone listing"
LSYG410BM,"Standalone — no extra item — not on LEDSone, Electricalsone listing"
LSYG410GY,"Standalone — no extra item — not on LEDSone, Electricalsone listing"
LSYG410YE,"Standalone — no extra item — not on LEDSone, Electricalsone listing"
LSYGS330BM,"Standalone — no extra item"
BL1CC300BM,"Standalone — no extra item"
BL1CO300BM,"Standalone — no extra item — not on LEDSone, LED Sone FR listing (not in pounds)"
BL1S0200BM,"Combined with LED crystal E14 4W bulb (LDCRE144)"
BL1S0300BM,"Combined with LED crystal E14 4W bulb (LDCRE144)"
BL1S8300BM,"Standalone — no extra item"
BL1S8300GD,"Standalone — no extra item"
BLBB1GU225,"Combined with GU10 Cool white Dimming 5W (LDGU10WD5)"
BLBB1GU350,"Combined with GU10 Cool white Dimming 5W (LDGU10WD5)"
BLBB1GU470,"Combined with GU10 Cool white Dimming 5W (LDGU10WD5)"
BLFS1BGJ300,"Combined with GU10 Cool white Dimming 5W (LDGU10CD5)"
BLFS1BOB300,"Combined with GU10 Cool white Dimming 5W (LDGU10WD5)"
BLFS1CDO300,"Combined with GU10 Cool white Dimming 5W (LDGU10WD5)"
BLGRBM280BM,"Standalone — no extra item"
BLGRBM280GD,"Standalone — no extra item"
BLOB1GU200,"Combined with GU10 Cool white Dimming 5W (LDGU10WD5)"
BLOB1GU300,"Combined with GU10 Cool white Dimming 5W (LDGU10WD5)"
BLOB1GU400,"Combined with GU10 Cool white Dimming 5W (LDGU10WD5)"
LS2CA600BF,"Standalone — no extra item"
LS2CA600FG,"Standalone — no extra item"
LS2CA800FG,"Standalone — no extra item"
LS2CA800SG,"Standalone — no extra item"
LS2CA950GH,"Not listed on Shopify"
LS2CAGC800CH,"Not listed on Shopify"
LS2CL800GH,"Standalone — no extra item"
LS2CO300CL,"Standalone — no extra item — not on LEDSone, Vintagelite listing"
LS2CU700SG,"Not listed on Shopify"
LS2OV700CL,"Standalone — no extra item"
LSCA1000BF,"Standalone — no extra item — not on LEDSone, Vintagelite listing"
LSCA1000FG,"Standalone — no extra item"
LSCA1000GG,"Standalone — no extra item"
LSCA1200BF,"Standalone — no extra item — not on LEDSone, Vintagelite listing"
LSCA1200FG,"Standalone — no extra item"
LSCA1200GG,"Not listed on Shopify"
LSCA280SG,"Standalone — no extra item"
LSCA2L300SG,"Standalone — no extra item"
LSCA2L400SG,"Standalone — no extra item"
LSCA2L500SG,"Standalone — no extra item"
LSCA2L600SG,"Standalone — no extra item"
LSCA300BF,"Standalone — no extra item"
LSCA300CH,"Standalone — no extra item — not on LEDSone, Vintagelite listing"
LSCA300GD,"Sold as 3 Pack, combined with Tri colour LED E14 5W filament bulb (LDDCFLE1453PK)"
LSCA400BF,"Standalone — no extra item"
LSCA400CH,"Standalone — no extra item — not on LEDSone, Vintagelite listing"
LSCA400FG,"Standalone — no extra item — not on LEDSone, Vintagelite listing"
LSCA400GD,"Sold as 4 Pack, combined with Tri colour LED E14 5W filament bulb (LDDCFLE1454PK)"
LSCA400GG,"Standalone — no extra item"
LSCA400SG,"Standalone — no extra item"
LSCA500BF,"Standalone — no extra item"
LSCA500CH,"Standalone — no extra item — not on LEDSone, Vintagelite listing"
LSCA500FG,"Standalone — no extra item — not on LEDSone, Vintagelite listing"
LSCA500GD,"Sold as 6 Pack, combined with Tri colour LED E14 5W filament bulb (LDDCFLE1456PK)"
LSCA500GH,"Not listed on Shopify"
LSCA500SG,"Standalone — no extra item"
LSCA600BF,"Standalone — no extra item"
LSCA600CH,"Standalone — no extra item — not on LEDSone, Vintagelite listing"
LSCA600FG,"Standalone — no extra item — not on LEDSone, Vintagelite listing"
LSCA600GD,"Sold as 8 Pack, combined with Tri colour LED E14 5W filament bulb (LDDCFLE1458PK)"
LSCA600GG,"Standalone — no extra item"
LSCA600SG,"Standalone — no extra item"
LSCA800BF,"Standalone — no extra item"
LSCA800FG,"Standalone — no extra item"
LSCA800GD,"Not listed on Shopify"
LSCA800GG,"Not listed on Shopify"
LSCACU300CH,"Not listed on Shopify"
LSCACU300SG,"Not listed on Shopify"
LSCACU450SG,"Not listed on Shopify"
LSCAEC400CH,"Standalone — no extra item"
LSCAEC500CH,"Standalone — no extra item"
LSCAEC600CH,"Standalone — no extra item"
LSCAGC400CH,"Standalone — no extra item"
LSCAGC400GD,"Standalone — no extra item"
LSCAGC500CH,"Standalone — no extra item"
LSCAGC500GD,"Standalone — no extra item"
LSCAGC600CH,"Standalone — no extra item"
LSCAGC600GD,"Standalone — no extra item"
LSCAGC800CH,"Standalone — no extra item"
LSCAGC800GD,"Standalone — no extra item"
LSCALB500CL,"Standalone — no extra item"
LSCALB600CL,"Standalone — no extra item"
LSCALB800CL,"Standalone — no extra item"
LSCAOV300CH,"Not listed on Shopify"
LSCAOV300CL,"Standalone — no extra item"
LSCAOV500CL,"Standalone — no extra item"
LSCARO200CL,"Standalone — no extra item"
LSCARO300CL,"Standalone — no extra item"
LSCAS2CL,"Not listed on Shopify"
LSCAS4CL,"Not listed on Shopify"
LSCASN1BE6,"Standalone — no extra item"
LSCASN1WG5,"Standalone — no extra item"
LSCASN2BCL,"Not listed on Shopify"
LSCASN2CL,"Not listed on Shopify"
LSCASN2EG6,"Standalone — no extra item"
LSCASN3BCL,"Not listed on Shopify"
LSCASN3EG3,"Standalone — no extra item"
LSCASN3EG5,"Standalone — no extra item"
LSCASN4BCL,"Not listed on Shopify"
LSCASN4CL,"Not listed on Shopify"
LSCASN4PB6,"Standalone — no extra item"
LSCASN5BCL,"Not listed on Shopify"
LSCASN5PB6,"Standalone — no extra item"
LSCASN6EG5,"Standalone — no extra item"
LSCASN6EG9,"Standalone — no extra item"
LSCASN7BE,"Standalone — no extra item"
LSCASN8PB6,"Standalone — no extra item"
LSCASN9CH6,"Standalone — no extra item"
LSCASNAMW3,"Standalone — no extra item"
LSCASNBGB6,"Standalone — no extra item"
LSCASNC6QG,"Standalone — no extra item"
LSCASQ300CL,"Standalone — no extra item"
WCB1BB,"Combined with Universal Reducer Plate E27 to B22 (RPR44WH)"
WCB1BC,"Combined with Universal Reducer Plate E27 to B22 (RPR44WH)"
WCB1BM,"Combined with Universal Reducer Plate E27 to B22 (RPR44WH)"
WCB1BS,"Combined with Universal Reducer Plate E27 to B22 (RPR44WH)"
WCB1RR,"Combined with Universal Reducer Plate E27 to B22 (RPR44WH)"
WCB1WH,"Combined with Universal Reducer Plate E27 to B22 (RPR44WH)"
WCB2BB,"Combined with Universal Reducer Plate E27 to B22 (RPR44WH)"
WCB2BC,"Combined with Universal Reducer Plate E27 to B22 (RPR44WH)"
WCB2BM,"Combined with Universal Reducer Plate E27 to B22 (RPR44WH)"
WCB2BS,"Combined with Universal Reducer Plate E27 to B22 (RPR44WH)"
WCB2RR,"Combined with Universal Reducer Plate E27 to B22 (RPR44WH)"
WCB2WH,"Combined with Universal Reducer Plate E27 to B22 (RPR44WH)"
WCB3BB,"Standalone — no extra item — not on LEDSone, Electricalsone listing"
WCB3BC,"Combined with Universal Reducer Plate E27 to B22 (RPR44WH)"
WCB3BM,"Combined with Universal Reducer Plate E27 to B22 (RPR44WH)"
WCB3BS,"Combined with Universal Reducer Plate E27 to B22 (RPR44WH)"
WCB3RR,"Combined with Universal Reducer Plate E27 to B22 (RPR44WH)"
WCB3WH,"Combined with Universal Reducer Plate E27 to B22 (RPR44WH)"
WCB4BB,"Combined with Universal Reducer Plate E27 to B22 (RPR44WH)"
WCB4BC,"Combined with Universal Reducer Plate E27 to B22 (RPR44WH)"
WCB4BM,"Combined with Universal Reducer Plate E27 to B22 (RPR44WH)"
WCB4BS,"Combined with Universal Reducer Plate E27 to B22 (RPR44WH)"
WCB4RR,"Combined with Universal Reducer Plate E27 to B22 (RPR44WH)"
WCB4WH,"Combined with Universal Reducer Plate E27 to B22 (RPR44WH)"
WCB5BB,"Combined with Universal Reducer Plate E27 to B22 (RPR44WH)"
WCB5BC,"Combined with Universal Reducer Plate E27 to B22 (RPR44WH)"
WCB5BM,"Combined with Universal Reducer Plate E27 to B22 (RPR44WH)"
WCB5BS,"Combined with Universal Reducer Plate E27 to B22 (RPR44WH)"
WCB5RR,"Combined with Universal Reducer Plate E27 to B22 (RPR44WH)"
WCB5WH,"Combined with Universal Reducer Plate E27 to B22 (RPR44WH)"
WCB6BB,"Combined with Universal Reducer Plate E27 to B22 (RPR44WH)"
WCB6BC,"Combined with Universal Reducer Plate E27 to B22 (RPR44WH)"
WCB6BM,"Combined with Universal Reducer Plate E27 to B22 (RPR44WH)"
WCB6BS,"Combined with Universal Reducer Plate E27 to B22 (RPR44WH)"
WCB6RR,"Combined with Universal Reducer Plate E27 to B22 (RPR44WH)"
WCB6WH,"Combined with Universal Reducer Plate E27 to B22 (RPR44WH)"
WCB7BB,"Combined with Universal Reducer Plate E27 to B22 (RPR44WH)"
WCB7BC,"Standalone — no extra item — not on LEDSone, Electricalsone listing"
WCB7BM,"Combined with Universal Reducer Plate E27 to B22 (RPR44WH)"
WCB7BS,"Combined with Universal Reducer Plate E27 to B22 (RPR44WH)"
WCB7RR,"Combined with Universal Reducer Plate E27 to B22 (RPR44WH)"
WCB7WH,"Combined with Universal Reducer Plate E27 to B22 (RPR44WH)"
WCB814BM,"Combined with Black Industrial Long arm Water Pipe (PLWP120BM)"
WCB825BM,"Combined with Universal Reducer Plate E27 to B22 (RPR44WH) — not on LEDSone, Vintagelite listing"
WCBC1BM,"Combined with Black Vintage Ceiling Rose (CRSF100BM)"
WCBCBB,"Standalone — no extra item — not on LEDSone, Vintagelite listing"
WCBCBC,"Standalone — no extra item — not on LEDSone, Vintagelite listing"
WCBCBM,"Standalone — no extra item"
WCBCFBM,"Standalone — no extra item"
WCBCFRO,"Standalone — no extra item"
WCBCRR,"Standalone — no extra item"
WCBEBB,"Standalone — no extra item — not on LEDSone, Electricalsone listing"
WCBEBM,"Standalone — no extra item — not on LEDSone, Vintagelite listing"
WCBKHE,"Combined with Universal Reducer Plate E27 to B22 (RPR44WH)"
WCBLBB,"Not listed on Shopify"
WCBLBC,"Standalone — no extra item"
WCBLBM,"Standalone — no extra item"
WCBLRR,"Standalone — no extra item"
WCBNBC,"Standalone — no extra item"
WCBNBM,"Standalone — no extra item"
WCBNBS,"Standalone — no extra item"
WCBNCH,"Standalone — no extra item"
WCBNFG,"Standalone — no extra item"
WCBNGD,"Standalone — no extra item"
WCBNRE,"Standalone — no extra item"
WCBNRO,"Standalone — no extra item"
WCBNRR,"Standalone — no extra item"
WCBNWH,"Standalone — no extra item"
WCBNYB,"Standalone — no extra item — not on LEDSone, Vintagelite listing"
WCBSF120FG,"Combined with Universal Reducer Plate E27 to B22 (RPR44WH)"
WCBSF90FG,"Combined with Universal Reducer Plate E27 to B22 (RPR44WH)"
WCBTBM,"Standalone — no extra item"
WCBTC100FG,"Combined with Universal Reducer Plate E27 to B22 (RPR44WH)"
WCBTC120FG,"Combined with Wood base table lamp black half thin holder (TPHTTN2PBRBM)"
WCBTC140FG,"Combined with Universal Reducer Plate E27 to B22 (RPR44WH)"
WCBV62BC,"Combined with Universal Reducer Plate E27 to B22 (RPR44WH)"
WCBV62BM,"Combined with Universal Reducer Plate E27 to B22 (RPR44WH)"
WCBWBM,"Combined with Black Vintage Ceiling Rose (CRSF100BM) and E27 Black Tin Holder PVC 2 Core (PHTT1PBR5BM)"
WCBXBM,"Combined with Universal Reducer Plate E27 to B22 (RPR44WH)"
WCCE40RO,"Combined with Rose Gold Side Fitting 100mm Ceiling Rose (CRSF100HRO), 3 Core Plug in Pendant Set with Dimmer (PSDS4RRO) and Swan Neck Wall Light Rose Gold (WSNW170RO)"
WCCEBM,"Standalone — no extra item"
WCCERO,"Standalone — no extra item"
WCCLWH,"Combined with Universal Reducer Plate E27 to B22 (RPR44WH)"
WCCY1ROBM,"Standalone — no extra item"
WCCY1ROCH,"Standalone — no extra item"
WCCY1ROGD,"Standalone — no extra item"
WCCY1SQBM,"Standalone — no extra item"
WCCY1SQCH,"Standalone — no extra item"
WCCY1SQGD,"Standalone — no extra item"
WCCYLC230BM,"Combined with Black Front fitting Ceiling Rose (CRFF100BM) and Metal Bulb Socket Lamp Holder (LHHTE27BM) — not on LEDSone, Dcvoltage listing"
WCCYLC290BM,"Combined with Black Front fitting Ceiling Rose (CRFF100BM) and Metal Bulb Socket Lamp Holder (LHHTE27BM) — not on LEDSone, Dcvoltage listing"
WCCYROBM,"Standalone — no extra item"
WCCYROCH,"Standalone — no extra item"
WCCYROGD,"Standalone — no extra item"
WCCYSP160BM,"Standalone — no extra item"
WCCYSP160GD,"Standalone — no extra item"
WCCYSP160WH,"Standalone — no extra item"
WCCYSP180BM,"Standalone — no extra item"
WCCYSP180GD,"Standalone — no extra item"
WCCYSP180WH,"Standalone — no extra item"
WCCYSQBM,"Standalone — no extra item"
WCCYSQCH,"Standalone — no extra item"
WCCYSQGD,"Standalone — no extra item"
WCDC10BM,"Standalone — no extra item — not on LEDSone, Electricalsone listing"
WCDC10CH,"Combined with Chrome Vintage Ceiling Rose (CRSF100CH)"
WCDC10FBM,"Not listed on Shopify"
WCDC10RO,"Combined with Rose Gold Single Point Easy Fit Ceiling Rose (CRSF108RO) and Metal Bulb Socket Lamp Holder (LHNSE27RO) (3 combos)"
WCDC10WH,"Standalone — no extra item — not on LEDSone, Vintagelite listing"
WCDCBC,"Combined with Universal Reducer Plate E27 to B22 (RPR44WH)"
WCDCBM,"Standalone — no extra item — not on LEDSone, LEDSone DE listing (not in pounds)"
WCDCCH,"Combined with Universal Reducer Plate E27 to B22 (RPR44WH)"
WCDCRO,"Standalone — no extra item — not on LEDSone, Vintagelite listing"
WCDCRR,"Standalone — no extra item"
WCDEBC,"Standalone — no extra item"
WCDEBM,"Standalone — no extra item"
WCDECH,"Standalone — no extra item — not on LEDSone, Vintagelite listing"
WCDEFG,"Standalone — no extra item — not on LEDSone, Vintagelite listing"
WCDEGG,"Standalone — no extra item — not on LEDSone, Vintagelite listing"
WCDERO,"Standalone — no extra item — not on LEDSone, Vintagelite listing"
WCDFBM,"Standalone — no extra item"
WCDFCO,"Standalone — no extra item"
WCDRBM,"Standalone — no extra item — not on LEDSone, Vintagelite listing"
WCDSBM,"Combined with Universal Reducer Plate E27 to B22 (RPR44WH)"
WCDTBL,"Combined with Universal Reducer Plate E27 to B22 (RPR44WH)"
WCDTBM,"Combined with Universal Reducer Plate E27 to B22 (RPR44WH)"
WCDTGD,"Combined with Universal Reducer Plate E27 to B22 (RPR44WH)"
WCDTGR,"Standalone — no extra item — not on LEDSone, Vintagelite listing"
WCDTRE,"Combined with Universal Reducer Plate E27 to B22 (RPR44WH)"
WCDTRO,"Standalone — no extra item"
WCDTWH,"Combined with Universal Reducer Plate E27 to B22 (RPR44WH)"
WCDTYE,"Standalone — no extra item — not on LEDSone, Vintagelite listing"
WCDUHE,"Combined with Universal Reducer Plate E27 to B22 (RPR44WH)"
WCFCBM,"Combined with Black Vintage Ceiling Rose (CRSF100BM) and E27 Black Tin Holder PVC 2 Core (PHTT1PBR5BM) (2 combos)"
WCFL180BM,"Standalone — no extra item"
WCFL180RO,"Standalone — no extra item"
WCFPBM,"Combined with Black Vintage Ceiling Rose (CRSF100BM) and E27 Black Half Threaded Holder PVC 2 Core (PHHT1PBRBM) (4 combos)"
WCFPRO,"Combined with Multi-outlet ceiling rose 3-way Copper (CRSF2003CO) and E27 Copper Umbrella Holder PVC 2 Core (PHUP1PBRCO3PK)"
WCFRBM,"Standalone — no extra item"
WCFRE3LNPYBM,"Not listed on Shopify"
WCFRHE,"Combined with Universal Reducer Plate E27 to B22 (RPR44WH)"
WCFRO3DCPBBM,"Not listed on Shopify"
WCFRO3LNPYBM,"Not listed on Shopify"
WCFRO3NCBM,"Standalone — no extra item"
WCFRO3SCPBBM,"Standalone — no extra item"
WCFRO3WDPBBM,"Not listed on Shopify"
WCFRO3WDPYBM,"Not listed on Shopify"
WCFS1SEBM,"Standalone — no extra item"
WCFS1VCBM,"Standalone — no extra item"
WCFS1WHBM,"Standalone — no extra item"
WCFSBCBM,"Standalone — no extra item"
WCFSDCBM,"Standalone — no extra item"
WCFWROBM,"Combined with Universal Reducer Plate E27 to B22 (RPR44WH)"
WCFWROCO,"Combined with Universal Reducer Plate E27 to B22 (RPR44WH)"
WCGSBL,"Standalone — no extra item"
WCGSBM,"Standalone — no extra item"
WCGSGD,"Standalone — no extra item"
WCGSGR,"Standalone — no extra item"
WCGSGY,"Standalone — no extra item"
WCGSRE,"Standalone — no extra item"
WCGSWH,"Standalone — no extra item"
WCGSYE,"Standalone — no extra item"
WCHEBM,"Combined with Black Vintage Ceiling Rose (CRSF100BM), E27 Black Tin Holder PVC 2 Core (PHTT1PBR5BM) and ST64 E27 Filament Edison Light Bulb (ICST64E27) — not on LEDSone, Vintagelite listing"
WCHNBM,"Combined with Black Ceiling Rose 108mm Vintage Front screw (CRFF108BM) and E27 Wall Sconce Black Swan Neck Switch (WSTR135BM) (3 combos)"
WCIR300BM,"Standalone — no extra item"
WCIRFS300BM,"Standalone — no extra item"
WCJRBM,"Combined with Black Vintage Ceiling Rose (CRSF100BM) and E27 Black Tin Holder PVC 2 Core (PHTT1PBR5BM)"
WCLBHE,"Standalone — no extra item"
WCLCBB,"Combined with Universal Reducer Plate E27 to B22 (RPR44WH)"
WCLCBC,"Combined with Universal Reducer Plate E27 to B22 (RPR44WH)"
WCLCBM,"Standalone — no extra item — not on LEDSone, Vintagelite listing"
WCLCCH,"Combined with Universal Reducer Plate E27 to B22 (RPR44WH)"
WCLCFG,"Combined with Universal Reducer Plate E27 to B22 (RPR44WH)"
WCLCGD,"Combined with Universal Reducer Plate E27 to B22 (RPR44WH)"
WCLCRE,"Combined with Universal Reducer Plate E27 to B22 (RPR44WH)"
WCLCRO,"Combined with Universal Reducer Plate E27 to B22 (RPR44WH)"
WCLCRR,"Combined with Universal Reducer Plate E27 to B22 (RPR44WH)"
WCLCWH,"Combined with Universal Reducer Plate E27 to B22 (RPR44WH)"
WCLDBB,"Standalone — no extra item — not on LEDSone, Vintagelite listing"
WCLDBM,"Standalone — no extra item"
WCLEBM,"Standalone — no extra item"
WCLNBM,"Standalone — no extra item — not on LEDSone, LEDSone DE listing (not in pounds)"
WCLOBB,"Standalone — no extra item"
WCLOBM,"Standalone — no extra item"
WCLRBM,"Standalone — no extra item"
WCLSBM,"Standalone — no extra item"
WCLTBM,"Standalone — no extra item"
WCMSBC,"Combined with Universal Reducer Plate E27 to B22 (RPR44WH)"
WCMSBM,"Combined with Universal Reducer Plate E27 to B22 (RPR44WH)"
WCMVBM,"Combined with Black Vintage Ceiling Rose (CRSF100BM) and E27 Black Tin Holder PVC 2 Core (PHTT1PBR5BM) (7 combos)"
WCNBBM,"Combined with Black Vintage Ceiling Rose (CRSF100BM) and E27 Black Tin Holder PVC 2 Core (PHTT1PBRBM) — not on LEDSone, Vintagelite listing"
WCNBRO,"Combined with Black Vintage Ceiling Rose (CRSF100BM), E27 Black Tin Holder PVC 2 Core (PHTT1PBRBM) and ST64 E27 Filament Edison Light Bulb (ICST64E27) — not on LEDSone, Vintagelite listing"
WCNBWH,"Not listed on Shopify"
WCNCBC,"Standalone — no extra item — not on LEDSone, Electricalsone listing"
WCNCBM,"Combined with Universal Reducer Plate E27 to B22 (RPR44WH)"
WCNCBS,"Combined with Universal Reducer Plate E27 to B22 (RPR44WH)"
WCNCCH,"Combined with Universal Reducer Plate E27 to B22 (RPR44WH)"
WCNCFG,"Combined with Universal Reducer Plate E27 to B22 (RPR44WH)"
WCNCGD,"Combined with Universal Reducer Plate E27 to B22 (RPR44WH)"
WCNCRE,"Combined with Universal Reducer Plate E27 to B22 (RPR44WH)"
WCNCRO,"Combined with Universal Reducer Plate E27 to B22 (RPR44WH)"
WCNCWH,"Combined with Universal Reducer Plate E27 to B22 (RPR44WH)"
WCNCYE,"Combined with Universal Reducer Plate E27 to B22 (RPR44WH)"
WCNDBB,"Combined with Green Brass Vintage Ceiling Rose (CRSF100GB) and E27 Pendant Holder Fabric Flex Green Brass (PHTT1PGRGB) (2 combos)"
WCNDBM,"Combined with Black Vintage Ceiling Rose (CRSF100BM) and 20mm Pendant Light Fitting Black (PHRB1PBRPB) (2 combos) — not on LEDSone, Vintagelite listing"
WCNIBR,"Combined with Universal Reducer Plate E27 to B22 (RPR44WH)"
WCNRBM,"Not listed on Shopify"
WCNSBM,"Not listed on Shopify"
WCNZBM,"Combined with Black Vintage Ceiling Rose (CRSF100BM) and E27 Black Tin Holder PVC 2 Core (PHTT1PBRBM)"
WCOSBM,"Not listed on Shopify"
WCPC170GR,"Standalone — no extra item"
WCPC170GY,"Standalone — no extra item"
WCPC170YE,"Standalone — no extra item"
WCPC210GR,"Standalone — no extra item"
WCPC210GY,"Standalone — no extra item"
WCPC210YE,"Standalone — no extra item"
WCPC220GR,"Standalone — no extra item"
WCPC220GY,"Standalone — no extra item"
WCPC220YE,"Standalone — no extra item"
WCRN3CBM,"Sold as 2 Pack, combined with 50cm Length Ceiling Rose (CRFF4002BM)"
WCRNBM,"Sold as 2 Pack, combined with 50cm Length Ceiling Rose (CRFF4002BM)"
WCRPHE,"Combined with Universal Reducer Plate E27 to B22 (RPR44WH)"
WCRTBR,"Combined with Universal Reducer Plate E27 to B22 (RPR44WH)"
WCRWBL,"Combined with Chrome Vintage Ceiling Rose (CRSF100CH) and E27 Pendant Holder with Shade Clip (PHUM1PCRCH) (11 combos)"
WCRWBM,"Combined with Chrome Vintage Ceiling Rose (CRSF100CH) and E27 Pendant Holder with Shade Clip (PHUM1PCRCH) (12 combos)"
WCRWCR,"Combined with Chrome Vintage Ceiling Rose (CRSF100CH) and E27 Pendant Holder with Shade Clip (PHUM1PCRCH) (10 combos)"
WCRWGR,"Combined with Chrome Vintage Ceiling Rose (CRSF100CH) and E27 Pendant Holder with Shade Clip (PHUM1PCRCH) (13 combos)"
WCRWRE,"Combined with 2 Outlet Chrome Easy Fit Ceiling Rose (CRSF1202CH) and E27 Pendant Holder with Shade Clip (PHUM1PCRCH2PK) (13 combos)"
WCRWWH,"Combined with Chrome Vintage Ceiling Rose (CRSF100CH) and E27 Pendant Holder with Shade Clip (PHUM1PCRCH) (12 combos)"
WCRWYE,"Combined with Chrome Vintage Ceiling Rose (CRSF100CH) and E27 Pendant Holder with Shade Clip (PHUM1PCRCH) (12 combos)"
WCSC1BM,"Combined with Black Vintage Ceiling Rose (CRSF100BM)"
WCSCBM,"Standalone — no extra item"
WCSDBM,"Not listed on Shopify"
WCSLBM,"Standalone — no extra item — not on LEDSone, Vintagelite listing"
WCSLRO,"Standalone — no extra item"
WCSN1BM,"Combined with Black Vintage Ceiling Rose (CRSF100BM)"
WCSN2BM,"Not listed on Shopify"
WCSNBM,"Standalone — no extra item — not on LEDSone, Electricalsone listing"
WCSNRO,"Standalone — no extra item"
WCSPROBM,"Combined with Universal Reducer Plate E27 to B22 (RPR44WH)"
WCSPROCO,"Combined with Single Pendant Light Fitting (PHUH1HETBM)"
WCSQBW,"Combined with Universal Reducer Plate E27 to B22 (RPR44WH)"
WCSRBC,"Standalone — no extra item — not on LEDSone, Vintagelite listing"
WCSRBM,"Standalone — no extra item"
WCSRRR,"Standalone — no extra item — not on LEDSone, Vintagelite listing"
WCSTBM,"Standalone — no extra item"
WCTBBB,"Standalone — no extra item"
WCTBBC,"Standalone — no extra item — not on LEDSone, Electricalsone listing"
WCTBBM,"Standalone — no extra item"
WCTBBS,"Standalone — no extra item"
WCTBRR,"Standalone — no extra item"
WCTC1BM,"Combined with Black Vintage Ceiling Rose (CRSF100BM)"
WCTCBM,"Standalone — no extra item"
WCVCBC,"Standalone — no extra item — not on LEDSone, LEDSone DE listing (not in pounds)"
WCVCBM,"Standalone — no extra item — not on LEDSone, LEDSone DE listing (not in pounds)"
WCVCBS,"Standalone — no extra item"
WCVCRE,"Standalone — no extra item — not on LEDSone, Electricalsone listing"
WCVCRR,"Standalone — no extra item — not on LEDSone, LEDSone DE listing (not in pounds)"
WCVCWH,"Combined with Universal Reducer Plate E27 to B22 (RPR44WH)"
WCWBBM,"Standalone — no extra item — not on LEDSone, Vintagelite listing"
WCWDBM,"Standalone — no extra item — not on LEDSone, Vintagelite listing"
WCWDCH,"Standalone — no extra item — not on LEDSone, Vintagelite listing"
WCWDRO,"Standalone — no extra item — not on LEDSone, Vintagelite listing"
WCWODSBM,"Standalone — no extra item"
WCWODV1BM,"Standalone — no extra item"
WCWODVBM,"Standalone — no extra item"
WCWOSPBM,"Standalone — no extra item — not on LEDSone, LEDSone DE listing (not in pounds)"
WCWVBM,"Standalone — no extra item — not on LEDSone, Vintagelite listing"
WCWYBB,"Standalone — no extra item"
WCWYBC,"Standalone — no extra item"
WCWYBM,"Standalone — no extra item"
WCWYRE,"Standalone — no extra item"
WCWYRR,"Standalone — no extra item"
WCYG120BBM,"Not listed on Shopify"
WLCASN3EG,"Standalone — no extra item"
WLCASN4PB,"Standalone — no extra item"
WLCASN5PB,"Standalone — no extra item"
WLCASNCQG,"Standalone — no extra item"
WLGLCPCO,"Standalone — no extra item — not on LEDSone, Vintagelite listing"
WLGLCPSC,"Standalone — no extra item"
WLGLDSCH,"Standalone — no extra item"
WLGLDSYB,"Standalone — no extra item"
WLGLLBCH,"Standalone — no extra item"
WLGLLBCO,"Standalone — no extra item"
WLGLSBCH,"Standalone — no extra item"
WLGLSBCO,"Standalone — no extra item"
WLGLWMCO,"Standalone — no extra item"
WLGLWMSC,"Standalone — no extra item"
WSCW350GH,"Not listed on Shopify"
WSCWBF,"Standalone — no extra item"
WSCWFG,"Not listed on Shopify"
WSCWGG,"Standalone — no extra item"
PHAH2RBMBM,"Standalone — no extra item"
PHAH2RCHBW,"Standalone — no extra item"
PHAH2RGBGD,"Standalone — no extra item"
PHAH2RYBGD,"Standalone — no extra item"
PHBA1BMRBM,"Combined with Chain with ceiling rose (PHCT1BMRBM) and Easy Fit Dome Lampshade Metal E27 (LSDO300BI) (40 combos)"
PHBAF1BMRBM,"Combined with Round Black Lampshade (LSYG410BM)"
PHBH1BMRBM,"Standalone — no extra item"
PHBH1BRTCO,"Combined with Copper Vintage Ceiling Rose (CRSF100CO)"
PHBH1BRTYB,"Standalone — no extra item"
PHBH1GDTYB,"Combined with Yellow Brass Vintage Ceiling Rose (CRSF100YB)"
PHBK1PBRBA,"Combined with Black Vintage Ceiling Rose (CRSF100BM)"
PHBK1PBRCO,"Combined with Copper Vintage Ceiling Rose (CRSF100CO)"
PHBK1PBRFG,"Combined with Vintage Ceiling Rose With Cord Grip (CRSF100FG)"
PHBK1PBRRO,"Combined with Rose Gold Easy Fit Ceiling Rose (CRSF120RO)"
PHBK1PCRCH,"Combined with Chrome Vintage Ceiling Rose (CRSF100CH)"
PHBK1PCRSN,"Combined with Satin Nickel Vintage Ceiling Rose (CRSF100SN)"
PHBK1PWRWH,"Combined with 1 Outlet White Easy Fit Ceiling Rose (CRSF120WH)"
PHBL1PBRBM,"Standalone — no extra item — not on LEDSone, Electricalsone listing"
PHBL2PBRBM,"Sold as 3 Pack, combined with Multi-outlet ceiling rose 3-way Black (CRSF2003BM) — not on LEDSone, LEDSone US listing (not in pounds)"
PHBR1BMRBM,"Standalone — no extra item"
PHCD1PBR3WH,"Standalone — no extra item"
PHCD1PBRBM,"Combined with Black Gloss Metal Lampshade (LSMS320BI) — not on LEDSone, LEDSone DE listing (not in pounds)"
PHCD1PBRBW,"Combined with Easy Fit Curvy Metal Lampshade Black Inner (LSCY290BI)"
PHCD1PBRWH,"Standalone — no extra item — not on LEDSone, Electricalsone listing"
PHCGF1BMRBM,"Combined with Black Vintage Ceiling Rose (CRSF100BM)"
PHCH1BMRBM,"Combined with 1 Outlet Black Easy Fit Ceiling Rose (CRSF120BM) — not on LEDSone, LEDSone DE listing (not in pounds)"
PHCH1BRRCO,"Combined with Copper Vintage Ceiling Rose (CRSF100CO) and Easy Fit Curvy Metal Lampshade (LSCY290CO) (2 combos)"
PHCH1F120RBM,"Not listed on Shopify"
PHCH1FBRBM,"Combined with 21cm Curvy Black Lampshade (LSCY210BM)"
PHCH1GDRGB,"Combined with LED Soft Neon Filament Lamp (LQK)"
PHCH1PBRAA,"Combined with Army Cama Side fitting Ceiling Rose (CRSF100AA) and Easy Fit Curvy Metal Lampshade (LSCY290AA) (3 combos) — not on LEDSone, Vintagelite listing"
PHCH1PBRBB,"Combined with Brushed Brass Vintage Ceiling Rose (CRSF100BB)"
PHCH1PBRBC,"Standalone — no extra item"
PHCH1PBRBS,"Combined with Industrial Ceiling Rose 120mm Brushed Silver (CRSF120BS)"
PHCH1PBRCY,"Combined with Clay Side fitting Ceiling Rose (CRSF100CY) and Easy Fit Curvy Metal Lampshade (LSCY290CY) (4 combos) — not on LEDSone, Vintagelite listing"
PHCH1PBRGC,"Combined with Green Cama Side fitting Ceiling Rose (CRSF100GC) and Easy Fit Curvy Metal Lampshade (LSCY290GC) (4 combos) — not on LEDSone, Vintagelite listing"
PHCH1PBRRR,"Standalone — no extra item"
PHCH1PBRSBM,"Combined with Black Vintage Ceiling Rose (CRSF100BM) and Easy Fit E27 15cm Light Shade Black (LSHQ150BM) (43 combos)"
PHCH1PCTSBM,"Combined with Black Vintage Ceiling Rose (CRSF100BM)"
PHCH1PCTSDG,"Combined with White Vintage Ceiling Rose (CRSF100WH)"
PHCH1PCTSGY,"Combined with White Vintage Ceiling Rose (CRSF100WH)"
PHCH1PCTSRE,"Combined with White Vintage Ceiling Rose (CRSF100WH)"
PHCH1PCTSYE,"Combined with White Vintage Ceiling Rose (CRSF100WH)"
PHCH1PWRSBD,"Combined with Cyan Blue Vintage Ceiling Rose (CRSF100BD)"
PHCH1PWRSBL,"Combined with Blue Vintage Ceiling Rose (CRSF100BL)"
PHCH1PWRSGR,"Combined with Green Vintage Ceiling Rose (CRSF100GR)"
PHCH1PWRSGY,"Combined with Grey Vintage Ceiling Rose (CRSF100GY)"
PHCH1PWRSOR,"Combined with Orange Vintage Ceiling Rose (CRSF100OR)"
PHCH1PWRSPI,"Combined with Vintage Ceiling Rose With Cord Grip (CRSF100PI)"
PHCH1PWRSRE,"Combined with Red Vintage Ceiling Rose (CRSF100RE)"
PHCH1PWRSWH,"Combined with White Vintage Ceiling Rose (CRSF100WH)"
PHCH1PWRSYE,"Combined with Yellow Vintage Ceiling Rose (CRSF100YE)"
PHCH2BMRBM,"Sold as 3 Pack, combined with Multi-outlet ceiling rose 3-way Black (CRSF2003BM)"
PHCHPBRCO,"Combined with Copper Vintage Ceiling Rose (CRSF100CO)"
PHCHPBRGB,"Combined with Green Brass Vintage Ceiling Rose (CRSF100GB)"
PHCHPBRRO,"Combined with Rose Gold Vintage Ceiling Rose (CRSF100RO)"
PHCHPCRCH,"Combined with Chrome Vintage Ceiling Rose (CRSF100CH)"
PHCHPCRSN,"Combined with Satin Nickel Vintage Ceiling Rose (CRSF100SN)"
PHCHPCRYB,"Combined with Yellow Brass Vintage Ceiling Rose (CRSF100YB)"
PHCI1PBR3WH,"Standalone — no extra item"
PHCN1AGRGB,"Combined with Green Brass Ceiling Rose 108mm Vintage (CRFF108GB)"
PHCN1GDRYB,"Combined with Yellow Brass Ceiling Rose Hook Plate (CRFF108YB)"
PHCN1PBRBM,"Combined with Black Vintage Ceiling Rose (CRSF100BM)"
PHCN1PBRCO,"Combined with Copper Vintage Ceiling Rose (CRSF100CO)"
PHCN1PBRRO,"Combined with Rose Gold Vintage Ceiling Rose (CRSF100RO)"
PHCN1PBRYB,"Combined with Black Vintage Ceiling Rose (CRSF100BM)"
PHCN1PCRSN,"Combined with Satin Nickel Vintage Ceiling Rose (CRSF100SN)"
PHCN1PWRWH,"Combined with White Vintage Ceiling Rose (CRSF100WH)"
PHCW1PBRWO,"Combined with 100mm Ceiling Rose Granite stone (CRSF100GN) and 29cm Black inner white shade (LSCY290DBM)"
PHDC1PBRBX,"Standalone — no extra item"
PHDH1HETHE,"Standalone — no extra item"
PHDO1PBRBM,"Combined with Chain with ceiling rose (PHCT1BMRBM) and LSCY290CH (67 combos)"
PHDO1PWRWH,"Combined with White Chain with ceiling rose (PHCT1WHRWH) and Easy Fit Curvy Metal Lampshade (LSCY290RR) (22 combos)"
PHFH1PBRGS,"Combined with Black Vintage Ceiling Rose (CRSF100BM) and Brushed Brass Metal Shade (LSUL220BB) (20 combos)"
PHFHT1PBRBM,"Not listed on Shopify"
PHFMHT1BRBM,"Sold as 3 Pack, combined with 3 Outlet Black Easy Fit Ceiling Rose (CRSF1203BM)"
PHFMHT2BRBM,"Sold as 3 Pack, combined with 3 Outlet Black Easy Fit Ceiling Rose (CRSF1203BM)"
PHFMHT4BRBM,"Not listed on Shopify"
PHFMSH2BRBM,"Not listed on Shopify"
PHFMSH2BRYB,"Standalone — no extra item"
PHFMSH4BRYB,"Not listed on Shopify"
PHFMTT15BRBM,"Sold as 3 Pack, combined with 3 Outlet Black Easy Fit Ceiling Rose (CRSF1203BM)"
PHFSH1PBRBM,"Combined with Dark Blue Gloss Metal Lampshade (LSMS320CB) — not on LEDSone, Dcvoltage listing"
PHGP1PBRBM,"Standalone — no extra item"
PHHA1PBRYB,"Combined with Black Vintage Ceiling Rose (CRSF100BM)"
PHHC1BMRBM,"Combined with Black Vintage Ceiling Rose (CRSF100BM)"
PHHC1BMRYB,"Combined with Black Vintage Ceiling Rose (CRSF100BM)"
PHHCF1BMRBM,"Standalone — no extra item"
PHHCF1BMRYB,"Standalone — no extra item"
PHHF1PBRBC,"Combined with Brushed Copper Vintage Ceiling Rose (CRSF100BC) and 16x12cm Brushed Copper Dome Lampshade (LSHQ160BC) (3 combos)"
PHHF1PBRBM,"Combined with Black Vintage Ceiling Rose (CRSF100BM) and 16x12cm Black Metal Dome Lampshade (LSHQ160BM) (3 combos)"
PHHF1PBRBS,"Combined with Brushed Silver Vintage Ceiling Rose (CRSF100BS) and 16x12cm Brushed Silver Dome Lampshade (LSHQ160BS) (3 combos)"
PHHH1AGTGB,"Standalone — no extra item"
PHHH1BRTYB,"Not listed on Shopify"
PHHN1PBRCO,"Combined with Multi-outlet ceiling rose 3-way Black (CRSF2003BM) and Dome Black White Inner 21cm Lampshade (LSDO210BI3PK) (6 combos)"
PHHN1PBRGD,"Combined with Black Gold Line Single Outlet Ceiling Rose (CRFF140GL) and Black Golden Edge Cone Lamp Shade (LSFT220GS) (32 combos)"
PHHR1BMTBM,"Standalone — no extra item"
PHHR1BRTBR,"Standalone — no extra item"
PHHR1BRTRE,"Standalone — no extra item"
PHHR1DSTHE,"Standalone — no extra item"
PHHR1HETHE,"Standalone — no extra item"
PHHR1YETYE,"Standalone — no extra item"
PHHR2HETHE,"Standalone — no extra item"
PHHR3DSTHE,"Standalone — no extra item"
PHHRE1HETHE,"Sold as 3 Pack, combined with Black Metal Ceiling Rose Square 500mm (CRFF500BM)"
PHHRE2HETHE,"Sold as 3 Pack, combined with Black Metal Ceiling Rose Square 500mm (CRFF500BM)"
PHHS1PBRBC,"Combined with Brushed Copper Vintage Ceiling Rose (CRSF100BC) and Retro Vintage Pendant Light Shade (LSLT360BC)"
PHHS1PBRBM,"Combined with Black Vintage Ceiling Rose (CRSF100BM)"
PHHS1PBRBS,"Combined with Brushed Silver Vintage Ceiling Rose (CRSF100BS) and Retro Dome Pendant Lamp Shade (LSLT360BS) (3 combos)"
PHHS1PBRRR,"Combined with Rustic Red Vintage Ceiling Rose (CRSF100RR) and Big Top Rustic Red Lampshade (LSLT360RR) (3 combos)"
PHHS1PWRBL,"Combined with White Vintage Ceiling Rose (CRSF100WH) and Easy Fit Dome Lampshade Metal E27 (LSDO400CB) (2 combos) — not on LEDSone, LEDSone DE listing (not in pounds)"
PHHS1PWRBT,"Combined with Blue Vintage Ceiling Rose (CRSF100BL)"
PHHS1PWRGY,"Combined with Grey Vintage Ceiling Rose (CRSF100GY)"
PHHS1PWROR,"Combined with Orange Vintage Ceiling Rose (CRSF100OR)"
PHHS1PWRRE,"Combined with Red Vintage Ceiling Rose (CRSF100RE)"
PHHS1PWRWH,"Combined with White Vintage Ceiling Rose (CRSF100WH)"
PHHS1PWRYE,"Combined with Yellow Vintage Ceiling Rose (CRSF100YE) — not on LEDSone, LEDSone DE listing (not in pounds)"
PHHT1FBRBM,"Combined with White Gloss Metal Lampshade (LSMS320WH) — not on LEDSone, LEDSone DE listing (not in pounds)"
PHHT1PBRBC,"Standalone — no extra item — not on LEDSone, Electricalsone listing"
PHHT1PBRBM,"Standalone — no extra item"
PHHT1PBRBS,"Combined with Brushed Silver Vintage Ceiling Rose (CRSF100BS) and Industrial Loft Pendant Shade (LSSS300BS) (4 combos) — not on LEDSone, LEDSone DE listing (not in pounds)"
PHHT1PBRCH,"Standalone — no extra item — not on LEDSone, Electricalsone listing"
PHHT1PBRFG,"Standalone — no extra item — not on LEDSone, Electricalsone listing"
PHHT1PBRGB,"Combined with Brushed Brass Vintage Ceiling Rose (CRSF100BB) and 30cm Long Wire Bulb Cage (WCLDBB) (9 combos)"
PHHT1PBRGD,"Combined with Black Vintage Ceiling Rose (CRSF100BM) and WCBNGD-IDE (11 combos)"
PHHT1PBRGR,"Standalone — no extra item — not on LEDSone, Electricalsone listing"
PHHT1PBRPI,"Standalone — no extra item — not on LEDSone, Electricalsone listing"
PHHT1PBRRO,"Standalone — no extra item — not on LEDSone, Electricalsone listing"
PHHT1PBRRR,"Standalone — no extra item"
PHHT1PBRWH,"Combined with White Vintage Ceiling Rose (CRSF100WH)"
PHHT1PBRYB,"Combined with Yellow Brass Vintage Ceiling Rose (CRSF100YB) and LSRP260YB (5 combos)"
PHHT1PCRCH,"Combined with Chrome Vintage Ceiling Rose (CRSF100CH) and Diamond Chrome Wire cage (WCWDCH) (11 combos)"
PHHT1PWRBT,"Combined with White Vintage Ceiling Rose (CRSF100WH) and Light Blue Gloss Metal Lampshade (LSMS320BT) (4 combos)"
PHHT1PWRGY,"Combined with Grey Vintage Ceiling Rose (CRSF100GY)"
PHHT1PWRPI,"Combined with Vintage Ceiling Rose With Cord Grip (CRSF100PI)"
PHHT1PWRWH,"Standalone — no extra item"
PHHT1PWRYE,"Combined with White Vintage Ceiling Rose (CRSF100WH) and Yellow Gloss Metal Lampshade (LSMS320YE) (4 combos)"
PHHT2PBRBM,"Standalone — no extra item — not on LEDSone, LEDSone DE listing (not in pounds)"
PHIH1PBRCO,"Combined with Vintage Ceiling Rose With Cord Grip (CRSF125BM) and Table lamp White wood (TPWDWO) (13 combos)"
PHIH1PBRYB,"Combined with Vintage Ceiling Rose With Cord Grip (CRSF125BM) and Table lamp White wood (TPWDWO) (6 combos)"
PHLH1AGTGB,"Combined with Green Brass Front fitting Ceiling Rose (CRFF100GB) and E27 Screw 40W ST64 Filament Edison Light Bulb (ICST64E2740)"
PHMF1PBRBM,"Standalone — no extra item — not on LEDSone, Electricalsone listing"
PHMF1PBRWH,"Standalone — no extra item — not on LEDSone, Electricalsone listing"
PHMF1PBRYB,"Standalone — no extra item — not on LEDSone, Electricalsone listing"
PHMH1HERCO,"Combined with Black Vintage Ceiling Rose (CRSF100BM)"
PHMH1HERYB,"Combined with Black Vintage Ceiling Rose (CRSF100BM)"
PHMU1PBRCH,"Combined with 3 Outlet Chrome Ceiling Rose (CRFF500CH) and Metal Ceiling Light Chrome Shade (LSDM220CH3PK) (5 combos)"
PHMU1PBRCO,"Combined with Copper Vintage Ceiling Rose (CRSF100CO) and Dome Brushed Copper 21cm Lampshade (LSDO210BC) (10 combos)"
PHMU1PBRFG,"Combined with Vintage Ceiling Rose With Cord Grip (CRSF100FG) and French Gold Easy Fit Cone Lampshade (LSFT220FG) (5 combos)"
PHMU1PBRGB,"Combined with Multi-outlet ceiling rose 3-way Green Brass (CRSF2003GB) and Metal Ceiling Light Green Brass Shade (LSDM220GB3PK) (4 combos)"
PHMU1PBRGS,"Combined with Black Vintage Ceiling Rose (CRSF100BM) and Dome Black Gold Inner 21cm Lampshade (LSDO210BG) (17 combos)"
PHMU1PBRRO,"Combined with Rose Gold Vintage Ceiling Rose (CRSF100RO) and 180mm flat lantern rose gold cage (WCFL180RO) (7 combos)"
PHMU1PBRSN,"Combined with Satin Nickel Vintage Ceiling Rose (CRSF100SN) and Dome Brushed Silver 21cm Lampshade (LSDO210BS) (8 combos)"
PHMU1PBRYB,"Combined with Black Metal Ceiling Rose Square 500mm (CRFF500BM) and Metal Ceiling Light Yellow Brass Shade (LSDM220YB3PK) (8 combos)"
PHNH1AGRGB,"Combined with Green Brass Vintage Ceiling Rose (CRSF100GB)"
PHNW1RBC,"Combined with Brushed Copper Vintage Ceiling Rose (CRSF100BC)"
PHNW1RBM,"Combined with Black Vintage Ceiling Rose (CRSF100BM)"
PHNW1RBS,"Combined with Brushed Silver Vintage Ceiling Rose (CRSF100BS)"
PHNW1RRR,"Combined with Black Vintage Ceiling Rose (CRSF100BM)"
PHNW2RBC,"Sold as 3 Pack, combined with Black Metal Ceiling Rose Square 500mm (CRFF500BM) — not on LEDSone, Relicelectrical listing (not in pounds)"
PHNW2RBM,"Sold as 3 Pack, combined with Black Metal Ceiling Rose Square 500mm (CRFF500BM) — not on LEDSone, Relicelectrical listing (not in pounds)"
PHNW2RBS,"Combined with 2 Outlet Black Easy Fit Ceiling Rose (CRSF1202BM) and Retro Industrial Ceiling Hook (SPUPBM2PK) (5 combos)"
PHNW2RRR,"Combined with 1 Outlet Black Easy Fit Ceiling Rose (CRSF120BM) and Retro Industrial Ceiling Hook (SPUPBM) (11 combos)"
PHOP1PBRBB,"Combined with Brushed Brass Vintage Ceiling Rose (CRSF100BB) and Dome Brushed Brass 21cm Lampshade (LSDO210BB) (5 combos)"
PHOP1PBRBC,"Combined with Brushed Copper Vintage Ceiling Rose (CRSF100BC) and Small Top Brushed Copper Lampshade (LSTL260BC) (6 combos)"
PHOP1PBRBM,"Combined with Black Vintage Ceiling Rose (CRSF100BM) and LSDO300BM (38 combos)"
PHOP1PBRBS,"Combined with Brushed Silver Vintage Ceiling Rose (CRSF100BS) and Small Top Brushed Silver Lampshade (LSTL260BS) (7 combos)"
PHOP1PBRRR,"Combined with Rustic Red Vintage Ceiling Rose (CRSF100RR) and Small Top Rustic Red Lampshade (LSTL260RR) (5 combos)"
PHPO1PBRBM,"Standalone — no extra item"
PHPV1HERBM,"Combined with Vintage Ceiling Rose With Cord Grip (CRSF100PS)"
PHQL1AGRGB,"Not listed on Shopify"
PHQL1BMRBM,"Not listed on Shopify"
PHQL1BRRCO,"Not listed on Shopify"
PHQL1GDRYB,"Not listed on Shopify"
PHRB1PBR10BM,"Standalone — no extra item — not on LEDSone, Electricalsone listing"
PHRB1PBR25BM,"Standalone — no extra item — not on LEDSone, Electricalsone listing"
PHRB1PBR30BM,"Standalone — no extra item — not on LEDSone, Electricalsone listing"
PHRB1PBR35BM,"Standalone — no extra item — not on LEDSone, Electricalsone listing"
PHRB1PBR40BM,"Standalone — no extra item — not on LEDSone, Electricalsone listing"
PHRB1PBR45BM,"Standalone — no extra item — not on LEDSone, Electricalsone listing"
PHRB1PBR50BM,"Standalone — no extra item — not on LEDSone, Electricalsone listing"
PHRB1PBR55BM,"Standalone — no extra item — not on LEDSone, Electricalsone listing"
PHRB1PBR5BM,"Standalone — no extra item — not on LEDSone, Electricalsone listing"
PHRB1PBRPB,"Combined with Black Vintage Ceiling Rose (CRSF100BM) and Dot Pattern Lampshade (LSDT130BM) (20 combos)"
PHRB1PBRWH,"Combined with Light Green Vintage Ceiling Rose (CRSF100LG) and Industrial Metal Ceiling Green Shade (LSWE315GR) (25 combos)"
PHRB1PWR40WH,"Standalone — no extra item — not on LEDSone, Electricalsone listing"
PHRB1PWR50WH,"Standalone — no extra item — not on LEDSone, Electricalsone listing"
PHRB1PWR5WH,"Standalone — no extra item — not on LEDSone, Electricalsone listing"
PHRB1PWRPW,"Standalone — no extra item — not on LEDSone, Electricalsone listing"
PHRG1AGRGB,"Not listed on Shopify"
PHRG1GDRYB,"Combined with Yellow Brass Ceiling Rose Hook Plate (CRFF108YB) — not on LEDSone, Vintagelite listing"
PHRH1PBRCO,"Not listed on Shopify"
PHRH1PBRGD,"Combined with Black Vintage Ceiling Rose (CRSF100BM) and Metal Ceiling Light Shade (LSDM220GS) (2 combos) — not on LEDSone, Vintagelite listing"
PHRH1PWRWH,"Standalone — no extra item — not on LEDSone, Electricalsone listing"
PHRI1PBRBA,"Standalone — no extra item — not on LEDSone, Electricalsone listing"
PHRI1PBRBY,"Combined with Black Vintage Ceiling Rose (CRSF100BM)"
PHRI1PBRCO,"Combined with Copper Vintage Ceiling Rose (CRSF100CO)"
PHRI1PBRFG,"Combined with Vintage Ceiling Rose With Cord Grip (CRSF100FG)"
PHRI1PBRGB,"Standalone — no extra item — not on LEDSone, Electricalsone listing"
PHRI1PBRRO,"Standalone — no extra item — not on LEDSone, Electricalsone listing"
PHRI1PBRYB,"Combined with Yellow Brass Vintage Ceiling Rose (CRSF100YB)"
PHRI1PCRCH,"Combined with Chrome Vintage Ceiling Rose (CRSF100CH) — not on LEDSone, Relicelectrical listing (not in pounds)"
PHRI1PCRSN,"Standalone — no extra item — not on LEDSone, Electricalsone listing"
PHRN1PCRBM,"Standalone — no extra item — not on LEDSone, Electricalsone listing"
PHRN1PCRBT,"Standalone — no extra item — not on LEDSone, Electricalsone listing"
PHRN1PCRGY,"Standalone — no extra item — not on LEDSone, Electricalsone listing"
PHRN1PCRLG,"Standalone — no extra item — not on LEDSone, Electricalsone listing"
PHRN1PCROR,"Standalone — no extra item — not on LEDSone, Electricalsone listing"
PHRN1PCRRE,"Combined with White Vintage Ceiling Rose (CRSF100WH)"
PHRN1PCRWH,"Standalone — no extra item — not on LEDSone, Electricalsone listing"
PHRN1PCRYE,"Standalone — no extra item — not on LEDSone, Electricalsone listing"
PHRN2PCRBM,"Combined with White Vintage Ceiling Rose (CRSF100WH)"
PHRN2PCRGY,"Combined with White Vintage Ceiling Rose (CRSF100WH)"
PHRN2PCRLG,"Combined with White Vintage Ceiling Rose (CRSF100WH)"
PHRN2PCROR,"Combined with White Vintage Ceiling Rose (CRSF100WH)"
PHRN2PCRPI,"Combined with White Vintage Ceiling Rose (CRSF100WH)"
PHRN2PCRRE,"Combined with White Vintage Ceiling Rose (CRSF100WH)"
PHRN2PCRWH,"Combined with White Vintage Ceiling Rose (CRSF100WH)"
PHRN2PCRYE,"Combined with White Vintage Ceiling Rose (CRSF100WH)"
PHRNWP1RBM,"Combined with Black Vintage Ceiling Rose (CRSF100BM)"
PHRNWP2RBM,"Sold as 2 Pack, combined with Black Vintage Ceiling Rose (CRSF100BM2PK) — not on LEDSone, LEDSone DE listing (not in pounds)"
PHRR1PBRBM,"Not listed on Shopify"
PHRY1PCRBM,"Combined with White Vintage Ceiling Rose (CRSF100WH)"
PHRY1PCRBT,"Combined with White Vintage Ceiling Rose (CRSF100WH)"
PHRY1PCRGY,"Combined with White Vintage Ceiling Rose (CRSF100WH)"
PHRY1PCRLG,"Combined with White Vintage Ceiling Rose (CRSF100WH)"
PHRY1PCROR,"Combined with White Vintage Ceiling Rose (CRSF100WH)"
PHRY1PCRPI,"Combined with White Vintage Ceiling Rose (CRSF100WH)"
PHRY1PCRRE,"Combined with White Vintage Ceiling Rose (CRSF100WH)"
PHRY1PCRWH,"Combined with White Vintage Ceiling Rose (CRSF100WH)"
PHRY1PCRYE,"Combined with White Vintage Ceiling Rose (CRSF100WH)"
PHRY2PCRBM,"Standalone — no extra item"
PHRY2PCRBT,"Standalone — no extra item"
PHRY2PCRGY,"Standalone — no extra item"
PHRY2PCRLG,"Standalone — no extra item"
PHRY2PCROR,"Standalone — no extra item"
PHRY2PCRPI,"Standalone — no extra item"
PHRY2PCRRE,"Standalone — no extra item"
PHRY2PCRWH,"Standalone — no extra item"
PHRY2PCRYE,"Standalone — no extra item"
PHRYWP1RBM,"Combined with Black Vintage Ceiling Rose (CRSF100BM)"
PHRYWP2RBM,"Combined with Black Vintage Ceiling Rose (CRSF100BM) — not on LEDSone, LEDSone DE listing (not in pounds)"
PHSF1AGRGB,"Standalone — no extra item"
PHSF1AGTGB,"Standalone — no extra item"
PHSF1BMRBM,"Standalone — no extra item"
PHSF1BMRBY,"Standalone — no extra item"
PHSF1BMRYB,"Standalone — no extra item"
PHSF1BMTBM,"Standalone — no extra item"
PHSF1BMTBY,"Standalone — no extra item"
PHSF1BMTYB,"Standalone — no extra item"
PHSF1BRRCO,"Standalone — no extra item"
PHSF1BRTCO,"Standalone — no extra item"
PHSF1BWRSN,"Standalone — no extra item"
PHSF1BWRWH,"Standalone — no extra item"
PHSF1BWTSN,"Standalone — no extra item"
PHSF1BWTWH,"Standalone — no extra item"
PHSF1GDRFG,"Standalone — no extra item"
PHSF1GDRYB,"Standalone — no extra item"
PHSF1GDTFG,"Standalone — no extra item"
PHSF1GDTYB,"Standalone — no extra item"
PHSF1GYRCH,"Standalone — no extra item"
PHSF1GYRWH,"Standalone — no extra item"
PHSF1GYTCH,"Standalone — no extra item"
PHSF1GYTWH,"Standalone — no extra item"
PHSF1PBR20WH,"Combined with Shiny black mosque shade (LSWE315BY)"
PHSF1PBR40WH,"Combined with Black Beat Style Long Shade (LSBS160BM)"
PHSF1PBRYB,"Standalone — no extra item"
PHSF1PWR20WH,"Combined with Beat style Yellow Lampshade (LSWE315YE)"
PHSF1PWR40WH,"Combined with Wood Cord Grip (CGWDWO)"
PHSF1RORRO,"Standalone — no extra item"
PHSF1ROTRO,"Standalone — no extra item"
PHSF2AGRGB,"Standalone — no extra item"
PHSF2BMRBM,"Standalone — no extra item"
PHSF2BMRBY,"Standalone — no extra item"
PHSF2BMRYB,"Standalone — no extra item"
PHSF2BMTBM,"Standalone — no extra item"
PHSF2BMTBY,"Standalone — no extra item"
PHSF2BMTYB,"Standalone — no extra item"
PHSF2BRRCO,"Standalone — no extra item"
PHSF2BRTCO,"Standalone — no extra item"
PHSF2BWRSN,"Standalone — no extra item"
PHSF2BWRWH,"Standalone — no extra item"
PHSF2BWTSN,"Standalone — no extra item"
PHSF2BWTWH,"Standalone — no extra item"
PHSF2GDRFG,"Standalone — no extra item"
PHSF2GDRYB,"Standalone — no extra item"
PHSF2GDTFG,"Standalone — no extra item"
PHSF2GDTYB,"Standalone — no extra item"
PHSF2GYRCH,"Standalone — no extra item"
PHSF2GYRWH,"Standalone — no extra item"
PHSF2GYTCH,"Standalone — no extra item"
PHSF2GYTWH,"Standalone — no extra item"
PHSF2RORRO,"Standalone — no extra item"
PHSF2ROTRO,"Standalone — no extra item"
PHSG1120PBRYB,"Not listed on Shopify"
PHSG1PBRCCO,"Not listed on Shopify"
PHSG1PBRCO,"Standalone — no extra item"
PHSG1PBRYB,"Standalone — no extra item"
PHSG2PBRCO,"Standalone — no extra item"
PHSG2PBRYB,"Standalone — no extra item"
PHSH1FBRBM,"Not listed on Shopify"
PHSH1HETYB,"Standalone — no extra item"
PHSH1PBRBB,"Combined with Brushed Brass Vintage Ceiling Rose (CRSF100BB)"
PHSH1PBRBC,"Combined with Brushed Copper Vintage Ceiling Rose (CRSF100BC)"
PHSH1PBRBM,"Combined with Black Vintage Ceiling Rose (CRSF100BM)"
PHSH1PBRBS,"Combined with Brushed Silver Vintage Ceiling Rose (CRSF100BS)"
PHSH1PBRCO,"Combined with Copper Front fitting Ceiling Rose (CRFF100CO) and Copper flower shape wire cage (WCFWROCO) (24 combos)"
PHSH1PBRFG,"Combined with Vintage Ceiling Rose With Cord Grip (CRSF100FG) and Metal Ceiling Light French Gold Shade (LSDM220FG) (5 combos)"
PHSH1PBRRO,"Combined with Rose Gold Vintage Ceiling Rose (CRSF100RO) — not on LEDSone, Relicelectrical listing (not in pounds)"
PHSH1PBRRR,"Combined with Rustic Red Vintage Ceiling Rose (CRSF100RR)"
PHSH1PBRYB,"Standalone — no extra item"
PHSH1PCRCH,"Combined with Chrome Single Point Easy Fit Ceiling Rose (CRSF108CH) and Chrome Industrial Metal Lampshade (WCBNCH) (22 combos)"
PHSH1PWRWH,"Combined with White Vintage Ceiling Rose (CRSF100WH) and Nest Shape White Easy Fit Shade (WCNCWH) (15 combos)"
PHSH2BMTBM,"Combined with Black Vintage Ceiling Rose (CRSF100BM), Retro Industrial Ceiling Hook (SPUPBM) and G80 E27 4W Edison LED filament Globe (LDMG80E274)"
PHSH2BMTYB,"Combined with Black Vintage Ceiling Rose (CRSF100BM), Retro Industrial Ceiling Hook (SPUPBM) and G80 E27 4W Edison LED filament Globe (LDMG80E274) — not on LEDSone, Dcvoltage listing"
PHSH2PBRBM,"Combined with Black Vintage Ceiling Rose (CRSF100BM), Metal Lamp Shade Cap Black (SCRN70BM) and Easy Fit Black Gold Lampshade (LSTF40BM)"
PHSH2PBRCO,"Combined with Black Vintage Ceiling Rose (CRSF100BM) and Black Ceiling Cable Mount Hook (SPSDP2BM) (6 combos)"
PHSH2PBRYB,"Standalone — no extra item — not on LEDSone, Electricalsone listing"
PHSHF1PBRCO,"Standalone — no extra item"
PHSHF1PBRYB,"Standalone — no extra item"
PHSHF2PBRCO,"Not listed on Shopify"
PHSHF2PBRYB,"Standalone — no extra item"
PHSP1AGRGB,"Combined with Green Brass Ceiling Rose 108mm Vintage (CRFF108GB)"
PHSP1BRRCO,"Combined with Copper Vintage Ceiling Rose (CRSF100CO)"
PHSP1BRTCO,"Combined with Copper Ceiling Rose 108mm Vintage (CRFF108CO)"
PHSQ1.5PBRYB,"Combined with Black Vintage Ceiling Rose (CRSF100BM) and Easy Fit Curvy Metal Lampshade (LSCY290BB) (15 combos)"
PHSQ1BRRCO,"Combined with Copper Vintage Ceiling Rose (CRSF100CO)"
PHSQ1PBRBM,"Combined with Black Vintage Ceiling Rose (CRSF100BM) and Black Metal Shade (LSUL220BM-CA) (3 combos) — not on LEDSone, Relicelectrical listing (not in pounds)"
PHSQ1PBRYB,"Combined with Black Vintage Ceiling Rose (CRSF100BM) and Ceiling Pendant Light Shade Blue (LSFT220BL) (97 combos)"
PHSW1PBRBM,"Combined with 1 Outlet Black Easy Fit Ceiling Rose (CRSF120BM)"
PHSW2HETBM,"Standalone — no extra item — not on LEDSone, Electricalsone listing"
PHTC1PBRBM,"Standalone — no extra item"
PHTC1PCRCH,"Standalone — no extra item"
PHTC1PGRGD,"Standalone — no extra item"
PHTD1AGTGB,"Not listed on Shopify"
PHTT1PBR105BM,"Combined with Black Vintage Ceiling Rose (CRSF100BM) and Ceiling Rose E27 Hemp metal Wire cage (WCDRBM) (4 combos)"
PHTT1PBR15BM,"Not listed on Shopify"
PHTT1PBR1BM,"Combined with Black Vintage Ceiling Rose (CRSF100BM)"
PHTT1PBR30BM,"Not listed on Shopify"
PHTT1PBR3BC,"Combined with 3 Wheel Industrial Pendant Lamp (LSWT300BC)"
PHTT1PBR3BM,"Combined with 3 Wheel Black Pendant Lamp (LSWT300BM)"
PHTT1PBR3BS,"Combined with 3 Wheel Brushed Silver Pendant Lamp (LSWT300BS)"
PHTT1PBR3RR,"Combined with 3 Wheel Rustic Red Pendant Lamp (LSWT300RR)"
PHTT1PBR40BM,"Combined with Black Vintage Ceiling Rose (CRSF100BM) and 1cm Long basket cage (WCLBHE)"
PHTT1PBR5BM,"Sold as 2 Pack, combined with 50cm Length Ceiling Rose (CRFF4002BM)"
PHTT1PBRBC,"Combined with 6 Outlet Black Easy Fit Ceiling Rose (CRSF1206BM) and 3 Wheel Industrial Pendant Lamp (LSWT300BC2PK)"
PHTT1PBRBM,"Combined with Black Vintage Ceiling Rose (CRSF100BM) and 1cm rattan barrel Cage (WCRTBR) (27 combos)"
PHTT1PBRBS,"Combined with 6 Outlet Black Easy Fit Ceiling Rose (CRSF1206BM) and 3 Wheel Brushed Silver Pendant Lamp (LSWT300BS2PK)"
PHTT1PBRCO,"Combined with Copper Vintage Ceiling Rose (CRSF100CO)"
PHTT1PBRRR,"Combined with 6 Outlet Black Easy Fit Ceiling Rose (CRSF1206BM) and 3 Wheel Rustic Red Pendant Lamp (LSWT300RR2PK)"
PHTT1PBRWH,"Not listed on Shopify"
PHTT1PCR10CH,"Combined with White Vintage Ceiling Rose (CRSF100WH) and 200mm White crystal lamp shade (LSCYRO200WH) (2 combos)"
PHTT1PCRCH,"Combined with Chrome Vintage Ceiling Rose (CRSF100CH)"
PHTT1PGRGB,"Combined with Green Brass Vintage Ceiling Rose (CRSF100GB)"
PHTT1PGRYB,"Combined with 1 Way Yellow Brass Easy Fit Ceiling Rose (CRSF120YB)"
PHTT1PWCBL,"Combined with White Vintage Ceiling Rose (CRSF100WH)"
PHTT1PWCGR,"Combined with White Vintage Ceiling Rose (CRSF100WH)"
PHTT1PWCRE,"Combined with White Vintage Ceiling Rose (CRSF100WH)"
PHTT1PWCYE,"Not listed on Shopify"
PHTT1PWR105BL,"Combined with White Vintage Ceiling Rose (CRSF100WH) and Retro Blue Geometric Wire Cage (WCGSBL) (3 combos)"
PHTT1PWR105GG,"Combined with White Vintage Ceiling Rose (CRSF100WH) and Retro Gold Geometric Wire Cage (WCGSGD) (2 combos)"
PHTT1PWR105GR,"Combined with White Metal Ceiling Rose Square 500mm (CRFF500WH) and Retro Green Geometric Wire Cage (WCGSGR3PK)"
PHTT1PWR105RE,"Combined with Multi-outlet ceiling rose 3-way White (CRSF2003WH) and Retro Red Geometric Wire Cage (WCGSRE3PK) (2 combos)"
PHTT1PWR105WH,"Combined with White Vintage Ceiling Rose (CRSF100WH) and Retro Blue Geometric Wire Cage (WCGSBL) (17 combos)"
PHTT1PWR105YE,"Not listed on Shopify"
PHTT1PWR10WH,"Not listed on Shopify"
PHTT1PWR1WH,"Combined with White Vintage Ceiling Rose (CRSF100WH)"
PHTT1PWR5WH,"Not listed on Shopify"
PHTT1PWRBL,"Combined with Blue Vintage Ceiling Rose (CRSF100BL)"
PHTT1PWRGG,"Combined with Glitter Gold Ceiling Rose (CRSF100GG)"
PHTT1PWRGR,"Combined with Green Vintage Ceiling Rose (CRSF100GR)"
PHTT1PWRGY,"Combined with Grey Vintage Ceiling Rose (CRSF100GY)"
PHTT1PWROR,"Combined with Orange Vintage Ceiling Rose (CRSF100OR)"
PHTT1PWRWH,"Combined with White Vintage Ceiling Rose (CRSF100WH) and Industrial Metal Ceiling Green Shade (LSWE315GR) — not on LEDSone, Vintagelite listing"
PHTT1PWRYE,"Combined with Vintage Ceiling Rose With Cord Grip (CRSF125BM) and Table lamp White wood (TPWDWO) (3 combos)"
PHTT1RORRO,"Combined with Rose Gold Vintage Ceiling Rose (CRSF100RO)"
PHTT2PBR10BM,"Combined with Black Vintage Ceiling Rose (CRSF100BM), Retro Industrial Ceiling Hook (SPUPBM) and Bird Cage Black Easy Fit Shade (WCBCBM) (2 combos) — not on LEDSone, Vintagelite listing"
PHTT2PBR5BM,"Combined with 1 Outlet Black Easy Fit Ceiling Rose (CRSF120BM), Retro Industrial Ceiling Hook (SPUPBM) and 1cm Hole Black Metal Lampshade (WCMVBM) — not on LEDSone, LEDSone DE listing (not in pounds)"
PHTT2PBRBM,"Combined with Black Vintage Ceiling Rose (CRSF100BM), Retro Industrial Ceiling Hook (SPUPBM) and Black 10mm Easy Fit Metal Wire Cage (WCDC10BM-IDE) (2 combos) — not on LEDSone, LEDSone DE listing (not in pounds)"
PHUH0.5HETBM,"Standalone — no extra item"
PHUH1HETBM,"Standalone — no extra item"
PHUH2HE3TBM,"Standalone — no extra item — not on LEDSone, LEDSone DE listing (not in pounds)"
PHUH2HETBM,"Standalone — no extra item"
PHUM1PCRCH,"Combined with White Vintage Ceiling Rose (CRSF100WH) and Long White cage (WCCLWH) (81 combos)"
PHUP1PBRBM,"Standalone — no extra item"
PHUP1PBRCO,"Standalone — no extra item"
PHUP1PBRGB,"Standalone — no extra item"
PHUP1PBRYB,"Combined with Yellow Brass Vintage Ceiling Rose (CRSF100YB)"
PHUP1PCRCH,"Standalone — no extra item"
PHUP1PCRSN,"Combined with Satin Nickel Vintage Ceiling Rose (CRSF100SN)"
PHUP1PWRWH,"Standalone — no extra item"
PHWL1PBRBB,"Combined with E27 ST64 Dimmable LED Bulb 4W (LDMST64E274)"
PHWL1PBRBC,"Standalone — no extra item — not on LEDSone, Vintagelite listing"
PHWL1PBRBM,"Standalone — no extra item — not on LEDSone, Vintagelite listing"
PHWL1PBRBS,"Standalone — no extra item — not on LEDSone, LEDSone DE listing (not in pounds)"
PHWL1PBRRR,"Standalone — no extra item — not on LEDSone, Vintagelite listing"
PHXSH1PBRBM,"Not listed on Shopify"
PHXSH1PBRWH,"Not listed on Shopify"
WS2HTBMYB,"Not listed on Shopify"
WS2LH90BM,"Not listed on Shopify"
WS2LH90CH,"Not listed on Shopify"
WS2LH90RO,"Not listed on Shopify"
WS2LH90SN,"Not listed on Shopify"
WS2LH90WH,"Not listed on Shopify"
WS2LH90YB,"Not listed on Shopify"
WS2LHBG,"Not listed on Shopify"
WS2LHCH,"Combined with Chrome Vintage Ceiling Rose (CRSF100CH)"
WS2LHCO,"Not listed on Shopify"
WS2LHRO,"Combined with Rose Gold Vintage Ceiling Rose (CRSF100RO)"
WS2LHSN,"Combined with Satin Nickel Vintage Ceiling Rose (CRSF100SN)"
WS2LHWH,"Not listed on Shopify"
WS2LHYB,"Combined with Yellow Brass Vintage Ceiling Rose (CRSF100YB)"
WSACY195BG,"Not listed on Shopify"
WSADFTBM,"Combined with Black Vintage Ceiling Rose (CRSF100BM) — not on LEDSone, LEDSone DE listing (not in pounds)"
WSADFTWH,"Combined with White Vintage Ceiling Rose (CRSF100WH) — not on LEDSone, LEDSone DE listing (not in pounds)"
WSADHTBM,"Combined with Black Vintage Ceiling Rose (CRSF100BM)"
WSADHTWH,"Combined with White Vintage Ceiling Rose (CRSF100WH)"
WSAFT200BG,"Combined with Black Vintage Ceiling Rose (CRSF100BM)"
WSAHQS150BG,"Not listed on Shopify"
WSAT105BM,"Standalone — no extra item"
WSAT105CH,"Standalone — no extra item"
WSAT105CO,"Standalone — no extra item"
WSAT105RO,"Standalone — no extra item"
WSAT105SN,"Standalone — no extra item"
WSBA145BM,"Combined with Black Vintage Ceiling Rose (CRSF100BM) and Easy Fit Brushed Copper Lampshade (LSTF40BC) (3 combos)"
WSBWBC,"Standalone — no extra item"
WSBWBM,"Standalone — no extra item"
WSBWBS,"Standalone — no extra item"
WSBWRR,"Standalone — no extra item"
WSCH135BM,"Combined with Black Vintage Ceiling Rose (CRSF100BM) and Dome Black Gold Inner 21cm Lampshade (LSDO210BG) (285 combos)"
WSCH135BT,"Combined with Blue Vintage Ceiling Rose (CRSF100BL) and Dome Blue 21cm Lampshade (LSDO210BL) (4 combos)"
WSCH135BU,"Combined with Burgundy Vintage Ceiling Rose (CRSF100BU) and Easy Fit E27 15cm Light Shade (LSHQ150BU) (6 combos)"
WSCH135GR,"Combined with Green Vintage Ceiling Rose (CRSF100GR) and Easy Fit E27 15cm Light Shade (LSHQ150GR) (7 combos)"
WSCH135GY,"Combined with Grey Vintage Ceiling Rose (CRSF100GY) and Dome Grey 21cm Lampshade (LSDO210GY) (2 combos)"
WSCH135NB,"Combined with Navy Blue Vintage Ceiling Rose (CRSF100NB) and Cone shade Navy blue (LSFT220NB) (4 combos)"
WSCH135OR,"Combined with Orange Vintage Ceiling Rose (CRSF100OR) and Easy Fit E27 15cm Light Shade (LSHQ150OR) (7 combos)"
WSCH135PI,"Combined with Vintage Ceiling Rose With Cord Grip (CRSF100PI) and Easy Fit E27 15cm Light Shade (LSHQ150PI) (3 combos)"
WSCH135RE,"Combined with Red Vintage Ceiling Rose (CRSF100RE) and Easy Fit E27 15cm Light Shade (LSHQ150RE) (7 combos)"
WSCH135WH,"Combined with White Vintage Ceiling Rose (CRSF100WH) and Easy Fit E27 15cm Light Shade (LSHQ150WH) (7 combos)"
WSCH135YE,"Combined with Yellow Vintage Ceiling Rose (CRSF100YE) and Dome Yellow 21cm Lampshade (LSDO210YE) (8 combos)"
WSCH155YB,"Combined with Black Vintage Ceiling Rose (CRSF100BM) and LSHH240BB (20 combos)"
WSCN295BM,"Not listed on Shopify"
WSCN295WH,"Not listed on Shopify"
WSCYMUBG,"Combined with Multi-outlet ceiling rose 3-way Black (CRSF2003BM) and 125mm Tea Brown Waveball glass shade (LSGLWB125TN3PK)"
WSCYMUBM,"Not listed on Shopify"
WSDM240BC,"Standalone — no extra item"
WSDM240BM,"Standalone — no extra item"
WSDM240RR,"Sold as 2 Pack, combined with Industrial Retro barrel lampshade (WCB1RR2PK)"
WSFH120BBM,"Not listed on Shopify"
WSFH120BYB,"Not listed on Shopify"
WSFS120BBM,"Not listed on Shopify"
WSFS120BYB,"Not listed on Shopify"
WSFS1BMBM,"Standalone — no extra item"
WSFS1BMYB,"Combined with Dome Green 21cm Lampshade (LSDO210GR)"
WSFS1YBYB,"Standalone — no extra item"
WSFSBA,"Standalone — no extra item"
WSFSCH,"Standalone — no extra item"
WSFSCO,"Standalone — no extra item — not on LEDSone, Electricalsone listing"
WSFSFG,"Standalone — no extra item"
WSFSGB,"Standalone — no extra item — not on LEDSone, Electricalsone listing"
WSFSRO,"Standalone — no extra item — not on LEDSone, Electricalsone listing"
WSFSS120BBM,"Standalone — no extra item — not on LEDSone, LEDSone US listing (not in pounds)"
WSFSS120BYB,"Standalone — no extra item — not on LEDSone, LEDSone US listing (not in pounds)"
WSFSS120YYB,"Standalone — no extra item — not on LEDSone, LEDSone US listing (not in pounds)"
WSFSSN,"Standalone — no extra item"
WSFSWH,"Standalone — no extra item"
WSFTWH,"Standalone — no extra item"
WSHC100BM,"Standalone — no extra item"
WSHC100TBM,"Standalone — no extra item"
WSHC50BM,"Standalone — no extra item"
WSHFBC,"Standalone — no extra item"
WSHFBM,"Standalone — no extra item"
WSHFBS,"Standalone — no extra item"
WSHLBM,"Standalone — no extra item"
WSHR135BM,"Combined with Black Front fitting Ceiling Rose (CRFF100BM) and Black Industrial Metal Lampshade (WCBNBM) (147 combos)"
WSIW70CH,"Standalone — no extra item — not on LEDSone, LEDSone DE listing (not in pounds)"
WSIW70FG,"Standalone — no extra item — not on LEDSone, LEDSone DE listing (not in pounds)"
WSIW70RO,"Standalone — no extra item — not on LEDSone, LEDSone DE listing (not in pounds)"
WSIW70SN,"Standalone — no extra item — not on LEDSone, LEDSone DE listing (not in pounds)"
WSIWCRBC,"Standalone — no extra item — not on LEDSone, LEDSone DE listing (not in pounds)"
WSIWCRBL,"Standalone — no extra item — not on LEDSone, LEDSone DE listing (not in pounds)"
WSIWCRBM,"Standalone — no extra item — not on LEDSone, LEDSone DE listing (not in pounds)"
WSIWCRBS,"Standalone — no extra item — not on LEDSone, LEDSone DE listing (not in pounds)"
WSIWCRGR,"Standalone — no extra item — not on LEDSone, LEDSone DE listing (not in pounds)"
WSIWCRPI,"Standalone — no extra item — not on LEDSone, LEDSone DE listing (not in pounds)"
WSIWCRRE,"Standalone — no extra item — not on LEDSone, LEDSone DE listing (not in pounds)"
WSIWCRWH,"Standalone — no extra item — not on LEDSone, LEDSone DE listing (not in pounds)"
WSIWH70BM,"Not listed on Shopify"
WSIWH70YB,"Not listed on Shopify"
WSLH200BM,"Standalone — no extra item"
WSLH90BM,"Combined with Black Side Fitting 100mm Ceiling Rose (CRSF100HBM), Pull chain cord switch Gold (SWPLGD) and Easy Fit Light Shade 13cm Metal E27 (LSCP150BA) (6 combos)"
WSLH90CO,"Not listed on Shopify"
WSLH90RO,"Not listed on Shopify"
WSLH90SN,"Not listed on Shopify"
WSLH90WH,"Not listed on Shopify"
WSLM150CO,"Combined with Vintage Ceiling Rose With Cord Grip (CRSF125CO)"
WSLM150SN,"Combined with Satin Nickel Vintage Ceiling Rose (CRSF100SN) and Metal Ceiling Light Satin Nickel Shade (LSDM220SN) (3 combos)"
WSLM150YB,"Combined with Vintage Ceiling Rose With Cord Grip (CRSF125YB)"
WSLR200BM,"Standalone — no extra item"
WSLS155BM,"Standalone — no extra item"
WSLS155CH,"Standalone — no extra item"
WSLS155CO,"Standalone — no extra item"
WSLS155FG,"Standalone — no extra item"
WSLS155GB,"Standalone — no extra item"
WSLS155RO,"Standalone — no extra item"
WSLS155SN,"Standalone — no extra item"
WSLS155WH,"Standalone — no extra item"
WSLS155YB,"Standalone — no extra item"
WSLS170CO,"Combined with Copper Vintage Ceiling Rose (CRSF100CO) and Ceiling Pendant Light Shade Copper (LSFT220CO) (2 combos)"
WSLS170GB,"Combined with Green Brass Vintage Ceiling Rose (CRSF100GB) and Green Brass Easy Fit Cone Lampshade (LSFT220GB) (2 combos)"
WSLS170RO,"Combined with Rose Gold Vintage Ceiling Rose (CRSF100RO) and Brushed Copper Industrial Metal Lampshade (WCBNBC) (4 combos)"
WSLS170SN,"Combined with Satin Nickel Vintage Ceiling Rose (CRSF100SN) and Chrome Industrial Metal Lampshade (WCBNCH) (3 combos)"
WSLU100BM,"Not listed on Shopify"
WSMLYB,"Standalone — no extra item"
WSNW170BM,"Standalone — no extra item"
WSNW170CH,"Standalone — no extra item"
WSNW170CO,"Standalone — no extra item"
WSNW170FG,"Standalone — no extra item"
WSNW170RO,"Standalone — no extra item"
WSNW170SN,"Standalone — no extra item"
WSNW170YB,"Standalone — no extra item"
WSNWBC,"Standalone — no extra item"
WSNWBM,"Standalone — no extra item"
WSNWBS,"Standalone — no extra item"
WSOSBDBM,"Standalone — no extra item"
WSRH230CO,"Combined with CRSF120CO and Glass Bowl Lampshade (LSGD280AR) (5 combos)"
WSRH230YB,"Combined with 1 Way Yellow Brass Easy Fit Ceiling Rose (CRSF120YB) and Easy Fit Curvy Metal Lampshade (LSCY290GR) (88 combos)"
WSROBM,"Not listed on Shopify"
WSSCGS,"Combined with Black Gold Line Single Outlet Ceiling Rose (CRFF140GL) and Black Golden Edge Cone Lamp Shade (LSFT220GS) (2 combos)"
WSSFBM,"Standalone — no extra item"
WSSM40BC,"Standalone — no extra item"
WSSM40BM,"Standalone — no extra item"
WSSM40BS,"Standalone — no extra item"
WSSM40CO,"Standalone — no extra item"
WSSM40RR,"Standalone — no extra item"
WSSS70BM,"Standalone — no extra item"
WSSS70BY,"Standalone — no extra item"
WSSS70CH,"Standalone — no extra item"
WSSS70CO,"Standalone — no extra item"
WSSS70GB,"Standalone — no extra item"
WSSS70RO,"Standalone — no extra item"
WSSS70SN,"Standalone — no extra item"
WSSS70YB,"Standalone — no extra item"
WSST70BM,"Standalone — no extra item"
WSST70CH,"Standalone — no extra item"
WSST70CO,"Standalone — no extra item"
WSST70FG,"Standalone — no extra item"
WSST70GB,"Standalone — no extra item"
WSST70RO,"Standalone — no extra item"
WSST70SN,"Standalone — no extra item"
WSST70WH,"Standalone — no extra item"
WSST70YB,"Standalone — no extra item"
WSTA150BM,"Combined with Black Vintage Ceiling Rose (CRSF100BM)"
WSTR135BM,"Combined with Black Vintage Ceiling Rose (CRSF100BM) and Small Black 40mm Hole Diamond cage (WCSLBM) (62 combos)"
WSUH135FG,"Not listed on Shopify"
WSUH135OR,"Combined with Vintage Plain industrial Ceiling Rose (CRFF115CO) and Ceiling Pendant Light Shade Copper (LSFT220CO) (9 combos)"
WSUQ135CO,"Not listed on Shopify"
WSUQ135YB,"Not listed on Shopify"
WSUSHE27SN,"Not listed on Shopify"
WSUSHE27YB,"Combined with 1 Way Yellow Brass Easy Fit Ceiling Rose (CRSF120YB) and Amber glass shade (LSGL14013AR) (4 combos)"
WSUT135BM,"Combined with Black Ceiling Rose 108mm Vintage Front screw (CRFF108BM)"
WSWH135BM,"Combined with Black Gold Line Single Outlet Ceiling Rose (CRFF140GL) and LSDO210RE (95 combos)"
WSWMBM,"Standalone — no extra item"
WSWMWH,"Standalone — no extra item"
WSWMYE,"Standalone — no extra item"
WSWR1PFTBM,"Combined with Black Side Fitting 100mm Ceiling Rose (CRSF100HBM), M10 threaded aluminium rod nipple (RD30), 10mm Fine pitch nuts retaining washers (WR) and 3 Core Plug in Pendant Set with Dimmer (PSDS4RBM) (3 combos)"
WSWR2HTBLBM,"Combined with Black Gold Line Single Outlet Ceiling Rose (CRFF140GL)"
WSWS1PBLBM,"Not listed on Shopify"
WSWS1PFTBM,"Combined with Ceiling rose wood only (CRSF195WD) and 60mm Light Fixture Mounting Bracket (CBSF60) (2 combos)"
WSWS1PHTBM,"Combined with Black Side Fitting 100mm Ceiling Rose (CRSF100HBM) and 2m Rapper cable with dimmer switch (PSDS2BPB) (3 combos)"
WSWTBC,"Standalone — no extra item"
WSWTBL,"Standalone — no extra item"
WSWTBM,"Standalone — no extra item"
WSWTBS,"Standalone — no extra item"
WSWTGR,"Standalone — no extra item"
WSWTPI,"Standalone — no extra item"
WSWTRE,"Standalone — no extra item"
WSWTWH,"Standalone — no extra item — not on LEDSone, LED Sone FR listing (not in pounds)"
LHAHE27AM,"Standalone — no extra item"
LHAHE27BM,"Standalone — no extra item"
LHAHE27CH,"Standalone — no extra item"
LHAHE27CO,"Standalone — no extra item"
LHAHE27GB,"Standalone — no extra item"
LHAHE27GD,"Standalone — no extra item"
LHAHE27RO,"Standalone — no extra item"
LHBBE27BA,"Standalone — no extra item"
LHBBE27BN,"Standalone — no extra item"
LHBBE27BY,"Standalone — no extra item"
LHBBE27CH,"Standalone — no extra item"
LHBBE27CO,"Standalone — no extra item"
LHBBE27FG,"Standalone — no extra item"
LHBBE27GB,"Standalone — no extra item"
LHBBE27RO,"Standalone — no extra item"
LHBBE27SN,"Standalone — no extra item"
LHBBE27YB,"Standalone — no extra item"
LHBGE27BM,"Standalone — no extra item"
LHBHE27BA,"Standalone — no extra item"
LHBHE27BY,"Standalone — no extra item"
LHBHE27CH,"Standalone — no extra item"
LHBHE27CO,"Standalone — no extra item"
LHBHE27GB,"Standalone — no extra item"
LHBHE27RO,"Standalone — no extra item"
LHBHE27SN,"Standalone — no extra item"
LHBHE27YB,"Standalone — no extra item"
LHBLE27BN,"Standalone — no extra item"
LHBLE27CH,"Standalone — no extra item"
LHBLE27CO,"Standalone — no extra item"
LHBLE27GB,"Standalone — no extra item"
LHBLE27RO,"Standalone — no extra item"
LHBLE27SN,"Standalone — no extra item"
LHBLE27YB,"Standalone — no extra item"
LHBPE27BM,"Standalone — no extra item"
LHBRE14BM,"Standalone — no extra item"
LHBRE27BM,"Standalone — no extra item"
LHC1E27WH,"Standalone — no extra item"
LHC2E27WH,"Standalone — no extra item"
LHC3E27WH,"Standalone — no extra item"
LHC4E27WH,"Standalone — no extra item"
LHC5E27WH,"Standalone — no extra item"
LHC6E27WH,"Standalone — no extra item"
LHCBE27BY,"Standalone — no extra item"
LHCCE27BL,"Standalone — no extra item"
LHCCE27BM,"Standalone — no extra item"
LHCCE27GR,"Standalone — no extra item"
LHCCE27RE,"Standalone — no extra item"
LHCCE27WH,"Standalone — no extra item"
LHCCE27YE,"Combined with Vintage Pendant cable Cord Grip Lock 10mm male Thread (CGMLBM)"
LHCHE27BY,"Standalone — no extra item"
LHCHE27CH,"Standalone — no extra item"
LHCHE27CO,"Standalone — no extra item"
LHCHE27RO,"Standalone — no extra item"
LHCHE27SN,"Standalone — no extra item"
LHCHE27YB,"Standalone — no extra item"
LHCNE27BY,"Standalone — no extra item"
LHCNE27CH,"Standalone — no extra item"
LHCNE27CO,"Standalone — no extra item"
LHCNE27GB,"Standalone — no extra item"
LHCNE27RO,"Standalone — no extra item"
LHCNE27SN,"Standalone — no extra item"
LHCTOCO,"Standalone — no extra item"
LHCTOFG,"Standalone — no extra item"
LHCTOYB,"Standalone — no extra item"
LHDHE27BN,"Standalone — no extra item"
LHDHE27CO,"Standalone — no extra item"
LHDHE27RO,"Standalone — no extra item"
LHEDE27GD,"Standalone — no extra item"
LHHTE27BM,"Standalone — no extra item"
LHLFE275BM,"Standalone — no extra item"
LHLFE27BM,"Standalone — no extra item"
LHLTE27BL,"Standalone — no extra item"
LHLTE27BM,"Standalone — no extra item"
LHLTE27GG,"Standalone — no extra item"
LHLTE27GR,"Standalone — no extra item"
LHLTE27WH,"Standalone — no extra item"
LHLTE27YE,"Standalone — no extra item"
LHLWB22WH,"Standalone — no extra item"
LHMTE27FG,"Standalone — no extra item"
LHNHE27BY,"Standalone — no extra item"
LHNHE27CH,"Standalone — no extra item"
LHNHE27CO,"Standalone — no extra item"
LHNHE27GB,"Standalone — no extra item"
LHNHE27YB,"Standalone — no extra item"
LHNSE27BM,"Standalone — no extra item"
LHNSE27BY,"Standalone — no extra item"
LHNSE27CH,"Standalone — no extra item"
LHNSE27CO,"Standalone — no extra item"
LHNSE27FG,"Standalone — no extra item"
LHNSE27GB,"Standalone — no extra item"
LHNSE27RO,"Standalone — no extra item"
LHNSE27SN,"Standalone — no extra item"
LHNSE27WH,"Standalone — no extra item"
LHNSE27YB,"Standalone — no extra item"
LHPHE27GB,"Standalone — no extra item"
LHPHE27RO,"Standalone — no extra item"
LHPHE27YB,"Standalone — no extra item"
LHPOE27BM,"Standalone — no extra item"
LHPOE27CH,"Standalone — no extra item"
LHPOE27CO,"Standalone — no extra item"
LHPOE27FG,"Standalone — no extra item"
LHPOE27SN,"Standalone — no extra item"
LHPOE27WH,"Standalone — no extra item"
LHPOE27YB,"Standalone — no extra item"
LHPVE27BM,"Standalone — no extra item"
LHPVE27WH,"Standalone — no extra item"
LHRBE27BM,"Standalone — no extra item"
LHRBE27WH,"Standalone — no extra item"
LHRGE27BN,"Standalone — no extra item"
LHRHE27BY,"Standalone — no extra item"
LHRHE27CO,"Standalone — no extra item"
LHRHE27GB,"Standalone — no extra item"
LHRHE27YB,"Standalone — no extra item"
LHRIE14WH,"Standalone — no extra item"
LHRIE27BM,"Combined with Vintage Pendant cable Cord Grip Lock 10mm male Thread (CGMLBM)"
LHRIE27WH,"Combined with Vintage Pendant cable Cord Grip Lock 10mm male Thread (CGMLWH)"
LHRRE27WH,"Standalone — no extra item"
LHRTE27BM,"Standalone — no extra item"
LHRTE27WH,"Standalone — no extra item"
LHRUE27WH,"Standalone — no extra item"
LHS3E27CH,"Standalone — no extra item"
LHS3E27CO,"Standalone — no extra item"
LHS3E27RO,"Standalone — no extra item"
LHS3E27YB,"Standalone — no extra item"
LHS5E27BY,"Standalone — no extra item"
LHS5E27CH,"Standalone — no extra item"
LHS5E27CO,"Standalone — no extra item"
LHS5E27RO,"Standalone — no extra item"
LHS5E27SN,"Standalone — no extra item"
LHS5E27YB,"Standalone — no extra item"
LHS6E27BY,"Standalone — no extra item"
LHS6E27CH,"Standalone — no extra item"
LHS6E27CO,"Standalone — no extra item"
LHS6E27RO,"Standalone — no extra item"
LHS6E27YB,"Standalone — no extra item"
LHS9E27BY,"Standalone — no extra item"
LHS9E27CH,"Standalone — no extra item"
LHS9E27CO,"Standalone — no extra item"
LHS9E27RO,"Standalone — no extra item"
LHS9E27SN,"Standalone — no extra item"
LHS9E27YB,"Standalone — no extra item"
LHSBE27BM,"Standalone — no extra item"
LHSHE27BA,"Standalone — no extra item"
LHSHE27BC,"Standalone — no extra item"
LHSHE27BN,"Standalone — no extra item"
LHSHE27BS,"Standalone — no extra item"
LHSHE27BY,"Standalone — no extra item"
LHSHE27CH,"Standalone — no extra item"
LHSHE27CO,"Standalone — no extra item"
LHSHE27FG,"Standalone — no extra item"
LHSHE27GB,"Standalone — no extra item"
LHSHE27MB,"Standalone — no extra item"
LHSHE27RO,"Standalone — no extra item"
LHSHE27RR,"Standalone — no extra item"
LHSHE27SN,"Standalone — no extra item"
LHSHE27WH,"Standalone — no extra item"
LHSHE27YB,"Standalone — no extra item"
LHSIE27CO,"Standalone — no extra item — not on LEDSone, Electricalsone listing"
LHSIE27FG,"Not listed on Shopify"
LHSIE27GB,"Standalone — no extra item"
LHSIE27RO,"Sold as 2 Pack — not on LEDSone, Relicelectrical listing (not in pounds)"
LHSPE27BY,"Standalone — no extra item"
LHSPE27CH,"Standalone — no extra item"
LHSPE27CO,"Standalone — no extra item"
LHSPE27RO,"Standalone — no extra item"
LHSPE27SN,"Standalone — no extra item"
LHSPE27YB,"Standalone — no extra item"
LHSQE27BY,"Standalone — no extra item"
LHSQE27CO,"Standalone — no extra item"
LHSQE27GB,"Standalone — no extra item"
LHSQE27YB,"Standalone — no extra item"
LHSSE27BY,"Standalone — no extra item"
LHSSE27CH,"Standalone — no extra item"
LHSSE27RO,"Standalone — no extra item"
LHSUE27CH,"Standalone — no extra item"
LHSUE27CO,"Standalone — no extra item"
LHSUE27GB,"Standalone — no extra item"
LHSUE27RO,"Standalone — no extra item"
LHSUE27SN,"Standalone — no extra item"
LHSUE27YB,"Standalone — no extra item"
LHSWE27BA,"Standalone — no extra item"
LHSWE27CH,"Standalone — no extra item"
LHSWE27FG,"Standalone — no extra item"
LHSWE27GB,"Standalone — no extra item"
LHSWE27SN,"Standalone — no extra item"
LHSWE27YB,"Standalone — no extra item"
LHTBE27BN,"Standalone — no extra item"
LHTBE27GB,"Standalone — no extra item"
LHTBE27RO,"Standalone — no extra item"
LHTEE27RO,"Standalone — no extra item"
LHTEE27YB,"Standalone — no extra item"
LHTHE27BN,"Standalone — no extra item"
LHTHE27CO,"Standalone — no extra item"
LHTHE27GB,"Standalone — no extra item — not on LEDSone, Electricalsone listing"
LHTHE27RO,"Standalone — no extra item"
LHTHE27SN,"Standalone — no extra item"
LHTHE27YB,"Standalone — no extra item"
LHTKE27WH,"Standalone — no extra item"
LHTOE27CO,"Standalone — no extra item"
LHTOE27FG,"Standalone — no extra item"
LHTOE27RO,"Standalone — no extra item"
LHTOE27SN,"Standalone — no extra item"
LHTOE27WH,"Standalone — no extra item"
LHTOE27YB,"Standalone — no extra item"
LHTRE27BN,"Standalone — no extra item"
LHTRE27CO,"Standalone — no extra item"
LHTRE27GB,"Standalone — no extra item"
LHTRE27RO,"Standalone — no extra item"
LHTRE27SN,"Standalone — no extra item"
LHTRE27YB,"Standalone — no extra item"
LHTTE27BL,"Standalone — no extra item"
LHTTE27BM,"Standalone — no extra item"
LHTTE27GG,"Standalone — no extra item"
LHTTE27GR,"Standalone — no extra item"
LHTTE27GY,"Standalone — no extra item"
LHTTE27OR,"Standalone — no extra item"
LHTTE27WH,"Standalone — no extra item"
LHTTE27YE,"Standalone — no extra item"
LHWME27BM,"Standalone — no extra item"
LHXCCE27BM,"Standalone — no extra item"
LHXCCE27RR,"Standalone — no extra item"
LHXCCE27WH,"Standalone — no extra item"
LHXDE27WH,"Not listed on Shopify"
LHXSHE27BM,"Standalone — no extra item"
LHXSHE27WH,"Standalone — no extra item"
LHXWPE27PPWH,"Standalone — no extra item"
LH2HTE27YB,"Not listed on Shopify"
LHC6E27SWH,"Not listed on Shopify"
LHCNE27YB,"Standalone — no extra item"
LHCTOBM,"Standalone — no extra item"
LHCTOCH,"Standalone — no extra item"
LHCTORO,"Standalone — no extra item"
LHCTOSN,"Standalone — no extra item"
LHCTOWH,"Standalone — no extra item"
LHDHE27GB,"Standalone — no extra item"
LHDHE27SN,"Standalone — no extra item"
LHDHE27YB,"Standalone — no extra item"
LHELB22GD,"Standalone — no extra item"
LHETB22GD,"Standalone — no extra item"
LHETBM,"Not listed on Shopify"
LHETCH,"Not listed on Shopify"
LHETCO,"Not listed on Shopify"
LHETSN,"Not listed on Shopify"
LHETSN2,"Not listed on Shopify"
LHETWH,"Not listed on Shopify"
LHETYB,"Not listed on Shopify"
LHF3HT40BM,"Not listed on Shopify"
LHF3HT40WH,"Not listed on Shopify"
LHFHE2720WH,"Standalone — no extra item"
LHGU10CN,"Standalone — no extra item"
LHGU10CY,"Standalone — no extra item"
LHGU10SK,"Standalone — no extra item"
LHGU10SKCR,"Not listed on Shopify"
LHHGE27BM,"Standalone — no extra item"
LHHGE27WH,"Standalone — no extra item"
LHIFTE27BM,"Not listed on Shopify"
LHIFTE27CH,"Not listed on Shopify"
LHIFTE27YB,"Not listed on Shopify"
LHLAE2710BBM,"Standalone — no extra item — not on LEDSone, Electricalsone listing"
LHLAE2710DBM,"Standalone — no extra item — not on LEDSone, Vintagelite listing"
LHLAE2715BBM,"Standalone — no extra item — not on LEDSone, Electricalsone listing"
LHLAE2715DBM,"Standalone — no extra item — not on LEDSone, Vintagelite listing"
LHLAE275BBM,"Standalone — no extra item — not on LEDSone, Electricalsone listing"
LHLAE275DBM,"Standalone — no extra item — not on LEDSone, Vintagelite listing"
LHLBB22BM,"Standalone — no extra item"
LHLEE27BM,"Standalone — no extra item"
LHLF220E27BM,"Combined with Black Vintage Ceiling Rose (CRSF100BM)"
LHLF220E27WH,"Combined with White Vintage Ceiling Rose (CRSF100WH)"
LHLF270E27BM,"Combined with Black Vintage Ceiling Rose (CRSF100BM)"
LHLF270E27WH,"Combined with White Vintage Ceiling Rose (CRSF100WH)"
LHLFE27ACO,"Sold as 2 Pack, combined with 2 Outlet Copper Easy Fit Ceiling Rose (CRSF1202CO)"
LHLFE27ASN,"Sold as 2 Pack, combined with 2 Outlet Satin Nickel Easy Fit Ceiling Rose (CRSF1202SN)"
LHLFE27AYB,"Sold as 2 Pack, combined with 2 Way Yellow Brass Easy Fit Ceiling Rose (CRSF1202YB)"
LHLHTE27YB,"Not listed on Shopify"
LHLTE27RE,"Standalone — no extra item"
LHMHTE27YB,"Not listed on Shopify"
LHMR16SK,"Standalone — no extra item"
LHMTE27BM,"Standalone — no extra item"
LHMTE27CH,"Standalone — no extra item"
LHMTE27CO,"Standalone — no extra item"
LHMTE27GB,"Standalone — no extra item"
LHNDE27BM,"Combined with Black Metal Ceiling Rose Square 500mm (CRFF500BM), Metal Bulb Socket Lamp Holder (LHNSE27BM) and Brushed Brass Corn Lampshade (LSFT220BB3PK) (19 combos)"
LHNDE27BY,"Not listed on Shopify"
LHNDE27CO,"Not listed on Shopify"
LHNDE27SN,"Not listed on Shopify"
LHNDE27YB,"Not listed on Shopify"
LHNS75E27BM,"Not listed on Shopify"
LHNS75E27YB,"Not listed on Shopify"
LHPHE27BN,"Standalone — no extra item"
LHPHE27CO,"Standalone — no extra item"
LHPHE27SN,"Standalone — no extra item"
LHPLBM,"Not listed on Shopify"
LHPLCH,"Not listed on Shopify"
LHPLFTE14BM,"Standalone — no extra item"
LHPLFTE14WH,"Standalone — no extra item"
LHPLFTE27BM,"Standalone — no extra item"
LHPLFTE27WH,"Not listed on Shopify"
LHPLHTE14BM,"Standalone — no extra item"
LHPLHTE14WH,"Standalone — no extra item"
LHPLHTE27BM,"Standalone — no extra item"
LHPLHTE27WH,"Standalone — no extra item"
LHPLPLE14BM,"Not listed on Shopify"
LHPLPLE14WH,"Not listed on Shopify"
LHPLPLE27BM,"Not listed on Shopify"
LHPLPLE27WH,"Not listed on Shopify"
LHPLSN,"Not listed on Shopify"
LHPVC1E27WH,"Standalone — no extra item"
LHPVC2E27WH,"Standalone — no extra item"
LHPVCEE27WH,"Not listed on Shopify"
LHPVGBWH,"Standalone — no extra item"
LHPVHRE27WH,"Standalone — no extra item"
LHPVSCE27WH,"Standalone — no extra item"
LHPVWBE27WB,"Not listed on Shopify"
LHRFE27BM,"Standalone — no extra item"
LHRFE27WH,"Standalone — no extra item"
LHRGE27CO,"Standalone — no extra item"
LHRGE27GB,"Standalone — no extra item"
LHRGE27SN,"Standalone — no extra item"
LHRIE14BM,"Standalone — no extra item"
LHRIVE14BM,"Not listed on Shopify"
LHS3E27BY,"Standalone — no extra item"
LHS3E27SN,"Standalone — no extra item"
LHS6E27SN,"Standalone — no extra item"
LHSIE27BA,"Standalone — no extra item"
LHSIE27BY,"Standalone — no extra item"
LHSIE27CH,"Sold as 2 Pack — not on LEDSone, Relicelectrical listing (not in pounds)"
LHSIE27SN,"Standalone — no extra item"
LHSIE27YB,"Standalone — no extra item"
LHSPE27GB,"Standalone — no extra item"
LHSRE27CO,"Not listed on Shopify"
LHSSB22GD,"Not listed on Shopify"
LHSSE27CO,"Standalone — no extra item"
LHSSE27SN,"Standalone — no extra item"
LHSSE27YB,"Standalone — no extra item"
LHSUE27BY,"Standalone — no extra item"
LHSWE27BY,"Standalone — no extra item"
LHSWE27CO,"Standalone — no extra item"
LHSWE27RO,"Standalone — no extra item"
LHSWPBB22CH,"Standalone — no extra item"
LHSWPBB22GD,"Standalone — no extra item"
LHSWPBB22SN,"Standalone — no extra item"
LHTBE27CO,"Standalone — no extra item"
LHTBE27SN,"Standalone — no extra item"
LHTHT15CF,"Not listed on Shopify"
LHTHT15GD,"Not listed on Shopify"
LHTHT30CF,"Not listed on Shopify"
LHTHT30GD,"Not listed on Shopify"
LHTHT50CF,"Not listed on Shopify"
LHTHT50GD,"Not listed on Shopify"
LHTKE27BA,"Standalone — no extra item"
LHTKE27CH,"Standalone — no extra item"
LHTKE27CO,"Standalone — no extra item"
LHTKE27FG,"Standalone — no extra item"
LHTKE27GB,"Standalone — no extra item"
LHTKE27RO,"Standalone — no extra item"
LHTKE27SN,"Standalone — no extra item"
LHTKE27YB,"Standalone — no extra item"
LHTMCE27BM,"Not listed on Shopify"
LHTMGU10BM,"Combined with Multi-outlet ceiling rose 3-way Black (CRSF2003BM) and GU10 Cool white 5W (LDGU10CW53PK)"
LHTMGU10CH,"Combined with Industrial 3 Hole 8 Inch Ceiling Rose (CRSF2003CH) and GU10 Cool white 5W (LDGU10CW53PK)"
LHTMGU10FG,"Standalone — no extra item — not on LEDSone, LEDSone DE listing (not in pounds)"
LHTMGU10SN,"Combined with Multi-outlet ceiling rose 3-way Satin Nickel (CRSF2003SN) and GU10 Cool white 5W (LDGU10CW53PK)"
LHTMGU10YB,"Combined with Multi-outlet ceiling rose 3-way Yellow Brass (CRSF2003YB) and GU10 Cool white 5W (LDGU10CW53PK)"
LHTMPSE27BM,"Not listed on Shopify"
LHTOE27CH,"Standalone — no extra item"
LHTPE27JBM,"Standalone — no extra item — not on LEDSone, Vintagelite listing"
LHTPE27JCH,"Standalone — no extra item — not on LEDSone, Vintagelite listing"
LHTPE27JFG,"Standalone — no extra item — not on LEDSone, Vintagelite listing"
LHTPE27JGB,"Standalone — no extra item — not on LEDSone, Vintagelite listing"
LHTPE27JRO,"Standalone — no extra item — not on LEDSone, Vintagelite listing"
LHTPE27JSN,"Standalone — no extra item — not on LEDSone, Vintagelite listing"
LHTPE27JWH,"Standalone — no extra item — not on LEDSone, Vintagelite listing"
LHTPE27JYB,"Standalone — no extra item — not on LEDSone, Vintagelite listing"
LHTPE27KBM,"Standalone — no extra item"
LHTPE27KCH,"Standalone — no extra item"
LHTPE27KFG,"Standalone — no extra item"
LHTPE27KGB,"Standalone — no extra item"
LHTPE27KRO,"Standalone — no extra item"
LHTPE27KSN,"Standalone — no extra item"
LHTPE27KWH,"Standalone — no extra item"
LHTPE27KYB,"Standalone — no extra item"
LHTRE27BY,"Not listed on Shopify"
LHTT10150BG,"Not listed on Shopify"
LHTT10200BG,"Not listed on Shopify"
LHTT10250BG,"Not listed on Shopify"
LHTT15E27CF,"Not listed on Shopify"
LHTT15E27GD,"Not listed on Shopify"
LHTT20E27YB,"Not listed on Shopify"
LHTT30E27CF,"Not listed on Shopify"
LHTT30E27GD,"Not listed on Shopify"
LHTT50E27CF,"Not listed on Shopify"
LHTT50E27GD,"Not listed on Shopify"
LHTTAGU10BM,"Standalone — no extra item"
LHTTAGU10CH,"Standalone — no extra item — not on LEDSone, LEDSone DE listing (not in pounds)"
LHTTAGU10CO,"Standalone — no extra item — not on LEDSone, LEDSone DE listing (not in pounds)"
LHTTAGU10EBM,"Not listed on Shopify"
LHTTAGU10EYB,"Not listed on Shopify"
LHTTAGU10FG,"Not listed on Shopify"
LHTTAGU10RO,"Standalone — no extra item — not on LEDSone, LEDSone DE listing (not in pounds)"
LHTTAGU10SN,"Standalone — no extra item"
LHTTAGU10WH,"Standalone — no extra item"
LHTTAGU10YB,"Standalone — no extra item"
LHTTE2730BM,"Standalone — no extra item"
LHTTE2740BM,"Standalone — no extra item"
LHTTGU10BM,"Standalone — no extra item"
LHTTGU10CO,"Standalone — no extra item"
LHTTGU10SN,"Standalone — no extra item"
LHTTGU10WH,"Standalone — no extra item"
LHTTGU10YB,"Standalone — no extra item"
LHWHE27100WO,"Standalone — no extra item"
LHWHE2780WO,"Standalone — no extra item"
LHXBTF40E27BM,"Standalone — no extra item"
LHXBTF40E27WH,"Standalone — no extra item"
LHXBTH50E27BM,"Standalone — no extra item"
LHXBTH50E27WH,"Standalone — no extra item"
LHXDE27BM,"Not listed on Shopify"
LHXIM30B22WH,"Standalone — no extra item"
LDA60B224CW,"Standalone — no extra item — not on LEDSone, Electricalsone listing"
LDA60B224WW,"Standalone — no extra item"
LDA60B226CW,"Standalone — no extra item — not on LEDSone, Electricalsone listing"
LDA60B226WW,"Standalone — no extra item — not on LEDSone, Electricalsone listing"
LDA60B228CW,"Standalone — no extra item — not on LEDSone, Electricalsone listing"
LDA60B228WW,"Standalone — no extra item"
LDA60E274,"Standalone — no extra item — not on LEDSone, Vintagelite listing"
LDA60E274WW,"Standalone — no extra item — not on LEDSone, Electricalsone listing"
LDA60E275,"Sold as 2 Pack — not on LEDSone, LEDSone DE listing (not in pounds)"
LDA60E276WW,"Combined with Umbrella mosaic table lamp with switch (TPOSULMC)"
LDA60E278,"Combined with Multi-outlet ceiling rose 3-way Black (CRSF2003BM) and 75mm Black turning holder (LHTPE27JBM3PK)"
LDA60E278WW,"Standalone — no extra item — not on LEDSone, Electricalsone listing"
LDC35E142,"Standalone — no extra item — not on LEDSone, Electricalsone listing"
LDC35E144,"Standalone — no extra item"
LDCAC35E143,"Not listed on Shopify"
LDCCB2210,"Standalone — no extra item"
LDCCB2215,"Standalone — no extra item"
LDCCB2220,"Standalone — no extra item"
LDCCB225,"Standalone — no extra item"
LDCCE2710,"Standalone — no extra item"
LDCCE2715,"Standalone — no extra item"
LDCCE2720,"Standalone — no extra item"
LDCCE275,"Standalone — no extra item"
LDCRE144,"Combined with 200mm Black baton Light (BL1S0200BM)"
LDCRLE145,"Combined with 200mm Black baton Light (BL1S0200BM)"
LDCWA55B225,"Standalone — no extra item"
LDCWA60HB227,"Standalone — no extra item"
LDCWA60HB229,"Standalone — no extra item"
LDCWA60HE2712,"Standalone — no extra item"
LDCWA60HE279,"Standalone — no extra item"
LDCWA65HB2215,"Standalone — no extra item"
LDCWA95B2222,"Standalone — no extra item"
LDCWB2212,"Standalone — no extra item"
LDCWB2215,"Standalone — no extra item"
LDCWB2218,"Standalone — no extra item"
LDCWB2225,"Standalone — no extra item"
LDCWB223,"Standalone — no extra item"
LDCWB225,"Standalone — no extra item"
LDCWB227,"Standalone — no extra item"
LDCWB229,"Standalone — no extra item"
LDCWE2712,"Standalone — no extra item"
LDCWE2715,"Standalone — no extra item"
LDCWE2718,"Standalone — no extra item"
LDCWE2725,"Standalone — no extra item"
LDCWE273,"Standalone — no extra item"
LDCWE275,"Standalone — no extra item"
LDCWE277,"Standalone — no extra item"
LDCWE279,"Standalone — no extra item"
LDCWGU103,"Sold as 6 Pack"
LDCWGU105,"Combined with 400mm Oblique base gold black baton light (BLOB1GU400)"
LDCWGU107,"Sold as 6 Pack"
LDCWT75B2212,"Standalone — no extra item"
LDDCDRE145,"Not listed on Shopify"
LDDCFLE145,"Standalone — no extra item"
LDDCWE143,"Standalone — no extra item"
LDDCWE145,"Standalone — no extra item"
LDDCWE2724,"Standalone — no extra item"
LDDMST64E274,"Combined with Yellow Brass Single Point Easy Fit Ceiling Rose (CRSF108YB) and Metal Bulb Socket Lamp Holder (LHTKE27YB) (2 combos)"
LDDMST64E276,"Standalone — no extra item"
LDDMST64E278,"Not listed on Shopify"
LDDRC35E144,"Combined with Swan Neck Pearl Black 4 Chandelier (WLCASN4PB)"
LDDRCB224,"Standalone — no extra item"
LDDRWB224,"Standalone — no extra item"
LDDTCB2212,"Standalone — no extra item"
LDDTCB2214,"Standalone — no extra item — not on LEDSone, Vintagelite listing"
LDDTCE1412,"Standalone — no extra item"
LDDTCE1414,"Standalone — no extra item — not on LEDSone, Vintagelite listing"
LDDTCE1430,"Standalone — no extra item"
LDDTCE2712,"Standalone — no extra item"
LDDTCE2714,"Standalone — no extra item"
LDDTCE2716,"Standalone — no extra item"
LDDTCE2730,"Standalone — no extra item"
LDDTCROE275,"Standalone — no extra item"
LDDTDRE1412,"Standalone — no extra item"
LDDTFLB2212,"Standalone — no extra item"
LDDTFLE1412,"Standalone — no extra item"
LDDTFLE145,"Standalone — no extra item"
LDDTFLE147,"Standalone — no extra item"
LDEA70E273,"Standalone — no extra item"
LDED105E273,"Standalone — no extra item"
LDED110E273,"Standalone — no extra item"
LDED64E273,"Standalone — no extra item"
LDED75E273,"Standalone — no extra item"
LDED95E273,"Standalone — no extra item"
LDEDG125E273,"Standalone — no extra item"
LDEG125E273,"Standalone — no extra item"
LDEG80E273,"Standalone — no extra item"
LDEG95E273,"Standalone — no extra item"
LDEH68E273,"Standalone — no extra item"
LDEH70E273,"Standalone — no extra item"
LDEST64E273,"Standalone — no extra item"
LDET45E273,"Standalone — no extra item"
LDEXBE274BL,"Standalone — no extra item"
LDEXBE274GR,"Standalone — no extra item"
LDEXBE274PU,"Standalone — no extra item"
LDEXBE274RE,"Standalone — no extra item"
LDEXBE274YE,"Standalone — no extra item"
LDEXDB22CW6,"Standalone — no extra item"
LDEXHSFL30,"Not listed on Shopify"
LDEXHSFL50,"Not listed on Shopify"
LDEXS40E273,"Standalone — no extra item"
LDEXWB22WW6,"Not listed on Shopify"
LDFLC35E144,"Standalone — no extra item — not on LEDSone, Electricalsone listing"
LDG125B228,"Standalone — no extra item — not on LEDSone, Vintagelite listing"
LDG125E278,"Standalone — no extra item — not on LEDSone, Vintagelite listing"
LDG4COBC3,"Standalone — no extra item"
LDG4COBW3,"Standalone — no extra item"
LDG4D10C2,"Standalone — no extra item"
LDG4D24W3,"Standalone — no extra item"
LDG4D28C3,"Standalone — no extra item"
LDG4D51C5,"Standalone — no extra item"
LDG80B224,"Standalone — no extra item"
LDG80E274,"Standalone — no extra item — not on LEDSone, Electricalsone listing"
LDG95B224,"Standalone — no extra item — not on LEDSone, Electricalsone listing"
LDG95B228,"Standalone — no extra item — not on LEDSone, LEDSone DE listing (not in pounds)"
LDG95E274,"Standalone — no extra item — not on LEDSone, Vintagelite listing"
LDG95E278,"Standalone — no extra item — not on LEDSone, Electricalsone listing"
LDG9D33C3,"Standalone — no extra item"
LDG9D51C5,"Standalone — no extra item"
LDGU10CD5,"Standalone — no extra item"
LDGU10CW5,"Standalone — no extra item"
LDGU10WD5,"Standalone — no extra item"
LDGU10WW5,"Standalone — no extra item"
LDLIE14FL4,"Standalone — no extra item"
LDLIE14LE4,"Standalone — no extra item"
LDLIE27BO8,"Standalone — no extra item"
LDLIE27FW4,"Standalone — no extra item"
LDLIE27HE4,"Standalone — no extra item"
LDLIE27RD4,"Standalone — no extra item"
LDLIE27RS4,"Standalone — no extra item"
LDLIE27SQ4,"Standalone — no extra item"
LDLIE27SR4,"Standalone — no extra item"
LDLIE27SR8,"Standalone — no extra item"
LDLIE27ST4,"Standalone — no extra item"
LDLIE27TF4,"Standalone — no extra item"
LDLIE27TR4,"Standalone — no extra item"
LDLIE27XM8,"Standalone — no extra item"
LDMA60B224,"Standalone — no extra item"
LDMA60B224CW,"Standalone — no extra item"
LDMA60B224WW,"Not listed on Shopify"
LDMA60B228CW,"Standalone — no extra item"
LDMA60E274,"Standalone — no extra item"
LDMA60E274WW,"Standalone — no extra item"
LDMA60E276,"Standalone — no extra item"
LDMA60E278WW,"Standalone — no extra item"
LDMC35E142,"Standalone — no extra item"
LDMC35E144,"Standalone — no extra item"
LDMG125B228,"Standalone — no extra item"
LDMG125E278,"Standalone — no extra item"
LDMG80B224,"Standalone — no extra item"
LDMG80E274,"Standalone — no extra item"
LDMG95B224,"Standalone — no extra item"
LDMG95B228,"Standalone — no extra item"
LDMG95E274,"Standalone — no extra item"
LDMG95E278,"Standalone — no extra item"
LDMS14E271W,"Standalone — no extra item"
LDMST64B224,"Standalone — no extra item"
LDMST64B228,"Standalone — no extra item"
LDMST64E274,"Standalone — no extra item"
LDMST64E276,"Standalone — no extra item"
LDMST64E278,"Standalone — no extra item"
LDMT130E274,"Combined with Industrial Wall Light Adjustable Joint (WSBWBS)"
LDMT185B224,"Standalone — no extra item"
LDMT185E273,"Standalone — no extra item"
LDMT185E274,"Standalone — no extra item"
LDMT45B224,"Standalone — no extra item"
LDMT45E274,"Standalone — no extra item"
LDSG1001E27,"Standalone — no extra item"
LDSG1007E27,"Standalone — no extra item"
LDSG125E274,"Standalone — no extra item"
LDSG125LOE274,"Standalone — no extra item"
LDSG125MUE274,"Standalone — no extra item"
LDSG125XMSE274,"Standalone — no extra item"
LDSG95DIE274,"Standalone — no extra item"
LDSG95E274,"Standalone — no extra item"
LDSHEAE274,"Standalone — no extra item"
LDSST64E274,"Standalone — no extra item"
LDSSTRE274,"Standalone — no extra item"
LDST185B224,"Standalone — no extra item"
LDST185E274,"Standalone — no extra item"
LDST45E274,"Standalone — no extra item"
LDST64B224,"Standalone — no extra item — not on LEDSone, Electricalsone listing"
LDST64B226,"Not listed on Shopify"
LDST64B228,"Standalone — no extra item"
LDST64E274GR,"Standalone — no extra item — not on LEDSone, Electricalsone listing"
LDST64E274RE,"Standalone — no extra item — not on LEDSone, Electricalsone listing"
LDST64E278,"Standalone — no extra item — not on LEDSone, Electricalsone listing"
LDT185E274,"Standalone — no extra item"
LDUSB5OABM,"Not listed on Shopify"
LDUSB5OAWH,"Not listed on Shopify"
LDUSB5SABM,"Not listed on Shopify"
LDWA0E274,"Not listed on Shopify"
LDWA60E278,"Not listed on Shopify"
LDWC35E272,"Not listed on Shopify"
LDWC35E274,"Not listed on Shopify"
LDWG125E278,"Not listed on Shopify"
LDWG95E274,"Not listed on Shopify"
LDWG95E278,"Not listed on Shopify"
LDWST64E274,"Not listed on Shopify"
LDWST64E278,"Not listed on Shopify"
LDWT185E273,"Not listed on Shopify"
LDWWB2212,"Standalone — no extra item"
LDWWB2215,"Standalone — no extra item — not on LEDSone, Electricalsone listing"
LDWWB2218,"Standalone — no extra item"
LDWWB2225,"Standalone — no extra item"
LDWWB223,"Standalone — no extra item"
LDWWB225,"Standalone — no extra item"
LDWWB227,"Standalone — no extra item"
LDWWB229,"Standalone — no extra item"
LDWWCOE144,"Not listed on Shopify"
LDWWE2712,"Standalone — no extra item"
LDWWE2715,"Standalone — no extra item"
LDWWE2718,"Standalone — no extra item"
LDWWE2725,"Standalone — no extra item"
LDWWE273,"Standalone — no extra item"
LDWWE275,"Standalone — no extra item"
LDWWE277,"Standalone — no extra item"
LDWWE279,"Standalone — no extra item"
ICC35E1460,"Standalone — no extra item"
ICG125B2240,"Standalone — no extra item"
ICG125B2260,"Standalone — no extra item"
ICG125E2740,"Standalone — no extra item"
ICG125E2760,"Standalone — no extra item — not on LEDSone, Vintagelite listing"
ICG80B2260,"Standalone — no extra item"
ICG80E2760,"Standalone — no extra item"
ICG95B2240,"Standalone — no extra item"
ICG95B2260,"Standalone — no extra item"
ICG95E2740,"Standalone — no extra item"
ICG95E2760,"Standalone — no extra item — not on LEDSone, Electricalsone listing"
ICMUSHB2240,"Not listed on Shopify"
ICMUSHB2260,"Standalone — no extra item"
ICMUSHE2760,"Standalone — no extra item — not on LEDSone, Electricalsone listing"
ICSC35E1460,"Standalone — no extra item"
ICSD80E2760,"Standalone — no extra item — not on LEDSone, Vintagelite listing"
ICSG125E2760,"Standalone — no extra item — not on LEDSone, Vintagelite listing"
ICSG95E2760,"Standalone — no extra item — not on LEDSone, Vintagelite listing"
ICSST64E2760,"Not listed on Shopify"
ICST185E2760,"Standalone — no extra item"
ICST64B2240,"Not listed on Shopify"
ICST64B2260,"Standalone — no extra item"
ICST64E27,"Combined with 1m Black Ceiling Pendant Light (PHHR1BMTBM)"
ICST64E2740,"Standalone — no extra item — not on LEDSone, Electricalsone listing"
ICST64E2760,"Standalone — no extra item — not on LEDSone, Electricalsone listing"
ICT130B2260,"Standalone — no extra item"
ICT130E2760,"Standalone — no extra item"
ICT185B2260,"Standalone — no extra item"
ICT185E2760,"Standalone — no extra item"
ICT300B2260,"Not listed on Shopify"
ICT45B2260,"Standalone — no extra item"
ICT45E2760,"Standalone — no extra item"
LDCWA60HE277,"Standalone — no extra item"
LDMT1852E274,"Standalone — no extra item — not on LEDSone, Electricalsone listing"
LLBHO85CW9W,"Standalone — no extra item — not on LEDSone, Electricalsone listing"
LLBHO95CW12W,"Standalone — no extra item — not on LEDSone, Electricalsone listing"
LLBHR115CW15W,"Not listed on Shopify"
LLBHR115CW9W,"Standalone — no extra item"
LLBHR150CW15W,"Not listed on Shopify"
LLBHR195CW24W,"Not listed on Shopify"
LLRO10W,"Standalone — no extra item"
LLRO165CW8W,"Not listed on Shopify"
LLRO168CW8W,"Standalone — no extra item"
LLRO18W,"Standalone — no extra item"
LLRO220CW18W,"Sold as 5 Pack — not on LEDSone, Electricalsone listing"
LLRO220CW8W,"Not listed on Shopify"
LLRO223CW18W,"Not listed on Shopify"
LLRO24W,"Standalone — no extra item"
LLRO295CW24W,"Not listed on Shopify"
LLRO300CW24W,"Not listed on Shopify"
LLRO36W,"Standalone — no extra item"
LLRO5W,"Standalone — no extra item"
LLRO90CW3W,"Not listed on Shopify"
LLROCW12,"Standalone — no extra item"
LLROCW18,"Standalone — no extra item"
LLROCW24,"Standalone — no extra item"
LLROCW5,"Standalone — no extra item"
LLROCW9,"Standalone — no extra item"
LLROWB15W,"Standalone — no extra item"
LLROWB22W,"Standalone — no extra item"
LLROWB5W,"Standalone — no extra item"
LLROWB9W,"Standalone — no extra item"
LLSQ10W,"Standalone — no extra item"
LLSQ18W,"Standalone — no extra item"
LLSQ24W,"Standalone — no extra item"
LLSQ36W,"Standalone — no extra item"
LLSQWB15W,"Standalone — no extra item"
LLSQWB22W,"Standalone — no extra item"
LLSQWB5W,"Standalone — no extra item"
LLSQWB9W,"Standalone — no extra item"
LP3DRC12,"Standalone — no extra item"
LP3DRC18,"Standalone — no extra item"
LP3DRC5,"Standalone — no extra item"
LP3DRC7,"Standalone — no extra item"
LP3DRW12,"Standalone — no extra item"
LP3DRW18,"Standalone — no extra item"
LP3DRW5,"Standalone — no extra item"
LP3DRW7,"Standalone — no extra item"
LPBZCW5W,"Standalone — no extra item"
LPBZWW5W,"Standalone — no extra item"
LPCZCW6W,"Standalone — no extra item"
LPCZWW6W,"Standalone — no extra item"
LPM50CW9W,"Not listed on Shopify"
LPMC50CW7W,"Sold as 5 Pack"
LPMC50CW9W,"Sold as 5 Pack"
LPMP50CW7W,"Not listed on Shopify"
LPMP50CW9W,"Standalone — no extra item"
LPRO12W,"Standalone — no extra item"
LPRO223CW18W,"Not listed on Shopify"
LPRO3W,"Standalone — no extra item"
LPRO5W,"Not listed on Shopify"
LPRO7W,"Not listed on Shopify"
LPRO90CW7WWH,"Not listed on Shopify"
LPRO92CW7WWH,"Not listed on Shopify"
LPRO9W,"Standalone — no extra item"
LPROCL10W,"Standalone — no extra item"
LPROCL15W,"Standalone — no extra item"
LPROCL30W,"Standalone — no extra item"
LPROMO15W,"Standalone — no extra item — not on LEDSone, Electricalsone listing"
LPROMO20W,"Standalone — no extra item — not on LEDSone, Electricalsone listing"
LPSQ12W,"Standalone — no extra item"
LPSQ3W,"Standalone — no extra item"
LPSQ5W,"Standalone — no extra item"
LPSQ7W,"Standalone — no extra item"
LPSQ9W,"Standalone — no extra item"
LPWZCW5W,"Standalone — no extra item"
LQAP,"Standalone — no extra item"
LQDO,"Standalone — no extra item"
LQDR,"Standalone — no extra item"
LQDR1,"Standalone — no extra item"
LQDR3,"Standalone — no extra item"
LQH,"Standalone — no extra item"
LQK,"Standalone — no extra item"
LQP,"Standalone — no extra item"
LQSR,"Standalone — no extra item"
LQT,"Standalone — no extra item"
12ASIP20100,"Standalone — no extra item"
12ASIP20150,"Standalone — no extra item"
12ASIP20200,"Standalone — no extra item"
12ASIP20300,"Standalone — no extra item"
12ASIP2060,"Standalone — no extra item"
12AT36,"Standalone — no extra item"
12AT60,"Standalone — no extra item"
12BO100,"Standalone — no extra item"
12BO18,"Standalone — no extra item"
12BO28,"Standalone — no extra item"
12BO48,"Standalone — no extra item"
12BO72,"Standalone — no extra item"
12CAT12,"Not listed on Shopify"
12CAT3,"Not listed on Shopify"
12DE2P10A,"Standalone — no extra item — not on LEDSone, LED Sone FR listing (not in pounds)"
12DE2P2A,"Standalone — no extra item — not on LEDSone, LED Sone FR listing (not in pounds)"
12DE2P5A,"Standalone — no extra item — not on LEDSone, LED Sone FR listing (not in pounds)"
12IP20100,"Standalone — no extra item"
12IP2012,"Standalone — no extra item"
12IP20120,"Standalone — no extra item"
12IP20130,"Not listed on Shopify"
12IP2015,"Standalone — no extra item"
12IP20150,"Standalone — no extra item"
12IP20160,"Not listed on Shopify"
12IP20180,"Standalone — no extra item"
12IP2020,"Not listed on Shopify"
12IP20200,"Standalone — no extra item"
12IP2024,"Standalone — no extra item"
12IP20240,"Standalone — no extra item"
12IP20250,"Standalone — no extra item — not on LEDSone, Dcvoltage listing"
12IP2030,"Standalone — no extra item"
12IP20300,"Standalone — no extra item"
12IP2036,"Standalone — no extra item"
12IP20360,"Standalone — no extra item"
12IP2040,"Standalone — no extra item"
12IP20400,"Standalone — no extra item"
12IP20450,"Not listed on Shopify"
12IP20480,"Standalone — no extra item"
12IP2050,"Standalone — no extra item — not on LEDSone, Relicelectrical listing (not in pounds)"
12IP20500,"Standalone — no extra item"
12IP2060,"Standalone — no extra item"
12IP20600,"Standalone — no extra item"
12IP2072,"Not listed on Shopify"
12IP20720,"Standalone — no extra item"
12IP2080,"Standalone — no extra item"
12IP2096,"Not listed on Shopify"
12IP6710,"Standalone — no extra item"
12IP67100,"Standalone — no extra item"
12IP67120,"Standalone — no extra item"
12IP67120OL2,"Standalone — no extra item"
12IP6715,"Standalone — no extra item"
12IP67150,"Standalone — no extra item"
12IP6720,"Standalone — no extra item"
12IP67200,"Standalone — no extra item"
12IP67200OL3,"Standalone — no extra item"
12IP6724,"Standalone — no extra item"
12IP67250,"Standalone — no extra item"
12IP6730,"Standalone — no extra item"
12IP67300,"Standalone — no extra item"
12IP67350,"Standalone — no extra item — not on LEDSone, LEDSone DE listing (not in pounds)"
12IP67350OL3,"Standalone — no extra item"
12IP6736,"Standalone — no extra item"
12IP6740,"Standalone — no extra item"
12IP6745,"Standalone — no extra item"
12IP6750,"Standalone — no extra item"
12IP67500,"Not listed on Shopify"
12IP6760,"Standalone — no extra item"
12IP6760OL2,"Standalone — no extra item"
12IP6780,"Standalone — no extra item"
12MIP20100,"Standalone — no extra item"
12MIP20120,"Standalone — no extra item"
12MIP2015,"Standalone — no extra item"
12MIP20150,"Standalone — no extra item"
12MIP20180,"Standalone — no extra item"
12MIP20200,"Standalone — no extra item"
12MIP2024,"Standalone — no extra item"
12MIP20240,"Standalone — no extra item"
12MIP2025,"Standalone — no extra item"
12MIP20250,"Standalone — no extra item"
12MIP2030,"Not listed on Shopify"
12MIP20360,"Standalone — no extra item"
12MIP2040,"Not listed on Shopify"
12MIP2060,"Standalone — no extra item"
12MIP2080,"Standalone — no extra item"
12OENWE12,"Standalone — no extra item"
12RNPF240,"Not listed on Shopify"
12RNPF400,"Not listed on Shopify"
12RPIP245400,"Standalone — no extra item"
12RPIP45100,"Standalone — no extra item"
12RPIP45150,"Standalone — no extra item"
12RPIP45200,"Standalone — no extra item"
12RPIP45250,"Standalone — no extra item"
12RPIP45300,"Standalone — no extra item"
12RPIP45400,"Standalone — no extra item"
12RPIP454002,"Not listed on Shopify"
12RPIP4560,"Standalone — no extra item"
12SAN15,"Standalone — no extra item"
12SAN35,"Standalone — no extra item"
12SAN60,"Standalone — no extra item"
12SAN7,"Standalone — no extra item"
12SIP67100,"Standalone — no extra item"
12SIP67150,"Standalone — no extra item"
12SIP67200,"Standalone — no extra item"
12SIP6760,"Standalone — no extra item"
12UK3P10A,"Standalone — no extra item"
12UK3P1A,"Standalone — no extra item"
12UK3P2A,"Standalone — no extra item"
12UK3P5A,"Standalone — no extra item"
12UK3P6A,"Standalone — no extra item"
12UK3P8A,"Standalone — no extra item"
12UK3PON,"Standalone — no extra item"
12VBW12W,"Not listed on Shopify"
12VW15W,"Not listed on Shopify"
12VW6W,"Not listed on Shopify"
12VWMR166W,"Not listed on Shopify"
12WC12,"Standalone — no extra item"
12WC24,"Standalone — no extra item"
12WC36,"Standalone — no extra item"
12WE9,"Not listed on Shopify"
24IP20120,"Standalone — no extra item"
24IP2015,"Not listed on Shopify"
24IP20180,"Standalone — no extra item"
24IP20200,"Standalone — no extra item"
24IP2024,"Standalone — no extra item"
24IP20240,"Standalone — no extra item"
24IP20300,"Standalone — no extra item"
24IP2036,"Not listed on Shopify"
24IP20360,"Standalone — no extra item"
24IP20400,"Standalone — no extra item"
24IP20430,"Not listed on Shopify"
24IP2048,"Standalone — no extra item"
24IP20480,"Standalone — no extra item"
24IP2060,"Not listed on Shopify"
24IP2072,"Standalone — no extra item"
24IP2096,"Not listed on Shopify"
24IP6710,"Standalone — no extra item"
24IP67100,"Standalone — no extra item"
24IP67120,"Standalone — no extra item"
24IP6715,"Standalone — no extra item"
24IP67150,"Standalone — no extra item"
24IP6720,"Standalone — no extra item"
24IP67200,"Standalone — no extra item"
24IP6724,"Standalone — no extra item"
24IP6730,"Standalone — no extra item"
24IP6736,"Standalone — no extra item"
24IP6745,"Standalone — no extra item"
24IP6750,"Standalone — no extra item"
24IP6760,"Standalone — no extra item"
24IP6780,"Standalone — no extra item"
5IP2010,"Standalone — no extra item"
5IP20100,"Standalone — no extra item"
5IP20140,"Not listed on Shopify"
5IP20150,"Standalone — no extra item"
5IP20190,"Not listed on Shopify"
5IP2020,"Standalone — no extra item"
5IP20200,"Standalone — no extra item"
5IP2025,"Standalone — no extra item"
5IP2028,"Standalone — no extra item"
5IP2030,"Standalone — no extra item"
5IP20300,"Standalone — no extra item"
5IP2036,"Not listed on Shopify"
5IP2040,"Not listed on Shopify"
5IP2050,"Standalone — no extra item"
5IP208,"Not listed on Shopify"
BC2W100,"Standalone — no extra item"
BC2W120,"Standalone — no extra item"
BC2W160,"Standalone — no extra item"
BC3W50,"Standalone — no extra item"
BC3W60,"Standalone — no extra item"
BC3W80,"Standalone — no extra item"
CBFA200BM,"Sold as 2 Pack"
CBFA200WH,"Sold as 2 Pack"
CBFF109,"Standalone — no extra item — not on LEDSone, Electricalsone listing"
CBFF119,"Standalone — no extra item"
CBFF140,"Not listed on Shopify"
CBFF140BM,"Standalone — no extra item"
CBFF140WH,"Standalone — no extra item"
CBFF168,"Standalone — no extra item"
CBFF170,"Standalone — no extra item"
CBFF200BM,"Standalone — no extra item"
CBFF200WH,"Standalone — no extra item"
CBFF230,"Standalone — no extra item"
CBFF240BM,"Not listed on Shopify"
CBFF330,"Not listed on Shopify"
CBFF90,"Standalone — no extra item"
CBFF95,"Standalone — no extra item — not on LEDSone, Electricalsone listing"
CBFFBM,"Not listed on Shopify"
CBFFWH,"Not listed on Shopify"
CBFMC,"Not listed on Shopify"
CBMP140BM,"Standalone — no extra item"
CBMP140WH,"Standalone — no extra item"
CBMPBD,"Standalone — no extra item"
CBMPBL,"Standalone — no extra item"
CBMPBM,"Standalone — no extra item"
CBMPGR,"Standalone — no extra item"
CBMPGY,"Standalone — no extra item"
CBMPOR,"Standalone — no extra item"
CBMPRE,"Standalone — no extra item"
CBMPWH,"Standalone — no extra item"
CBMPYE,"Standalone — no extra item"
CBSF-BRACKET - CA,"Not listed on Shopify"
CBSF100,"Standalone — no extra item"
CBSF105,"Standalone — no extra item"
CBSF110,"Standalone — no extra item"
CBSF115,"Standalone — no extra item"
CBSF120,"Standalone — no extra item"
CBSF125,"Standalone — no extra item"
CBSF135,"Standalone — no extra item"
CBSF140,"Standalone — no extra item"
CBSF145,"Standalone — no extra item"
CBSF155,"Standalone — no extra item"
CBSF165,"Standalone — no extra item"
CBSF170,"Standalone — no extra item"
CBSF175,"Standalone — no extra item"
CBSF185,"Standalone — no extra item"
CBSF190,"Standalone — no extra item"
CBSF195,"Standalone — no extra item"
CBSF205,"Standalone — no extra item"
CBSF235,"Standalone — no extra item"
CBSF295,"Standalone — no extra item"
CBSF40,"Standalone — no extra item"
CBSF45,"Standalone — no extra item"
CBSF50,"Standalone — no extra item"
CBSF55,"Standalone — no extra item"
CBSF60,"Standalone — no extra item"
CBSF65,"Standalone — no extra item"
CBSF70,"Standalone — no extra item"
CBSF75,"Standalone — no extra item"
CBSF80,"Standalone — no extra item"
CBSF85,"Standalone — no extra item"
CBSF90,"Standalone — no extra item"
CBSF95,"Standalone — no extra item"
CBSF95CL,"Not listed on Shopify"
CBSF95NA,"Not listed on Shopify"
CBSF95WH,"Not listed on Shopify"
CBSFBM,"Standalone — no extra item"
CBSFCL,"Standalone — no extra item"
CBSFEARTH,"Combined with Black 8 Way Ceiling Rose (CRFF2008BM), 5 Way Spring Lever Terminal Cable Connector (CO532AGY3PK), M4 x 12mm Pan Head Thread Screw (RWWD2PK), Screw wall plug (RWWP2PK), E27 Black Bakelite Holder PVC 2 Core (PHBL2PBRBM8PK) and Retro Industrial Ceiling Hook (SPUPBM8PK)"
CBSFNH95,"Standalone — no extra item"
CBSFRO115,"Standalone — no extra item — not on LEDSone, Electricalsone listing"
CBSFWH,"Standalone — no extra item"
CCBC12,"Standalone — no extra item"
CCBC18,"Standalone — no extra item — not on LEDSone, Electricalsone listing"
CCBC24,"Standalone — no extra item"
CCBC3,"Standalone — no extra item"
CCBC36,"Standalone — no extra item"
CCBC5,"Standalone — no extra item"
CCBC7,"Standalone — no extra item"
CCBC9,"Standalone — no extra item"
CCBKNWE12,"Standalone — no extra item"
CCBKNWE18,"Standalone — no extra item"
CCBKNWE25,"Standalone — no extra item"
CCBKNWE3,"Standalone — no extra item"
CCBKNWE36,"Standalone — no extra item"
CCBKNWE40,"Standalone — no extra item"
CCBKNWE48,"Standalone — no extra item"
CCBKNWE5,"Standalone — no extra item"
CCBKNWE50,"Standalone — no extra item"
CCBKNWE7,"Standalone — no extra item"
CCGNNSWE24,"Standalone — no extra item"
CCGNNSWE48,"Standalone — no extra item"
CCGNNWE24,"Standalone — no extra item"
CCGNNWE36,"Standalone — no extra item"
CCGNNWE48,"Standalone — no extra item"
CCGNNWE60,"Standalone — no extra item"
CCGRNWH50,"Standalone — no extra item"
CCIP6712,"Standalone — no extra item"
CCIP6724,"Standalone — no extra item"
CCIP673,"Not listed on Shopify"
CCIP6736,"Standalone — no extra item"
CCIP6745,"Standalone — no extra item"
CCIP675,"Not listed on Shopify"
CCIP677,"Standalone — no extra item — not on LEDSone, Electricalsone listing"
CCORNWH24,"Standalone — no extra item"
CCORNWH50,"Standalone — no extra item"
CCRDNWE50,"Standalone — no extra item"
CENU1001200WH,"Standalone — no extra item"
CENU19150BM,"Standalone — no extra item"
CENU19150WH,"Standalone — no extra item"
CENU25200BM,"Standalone — no extra item"
CENU25200WH,"Standalone — no extra item"
CENU36300BM,"Standalone — no extra item"
CENU36300WH,"Standalone — no extra item"
CENU4010WH,"Not listed on Shopify"
CENU4020WH,"Not listed on Shopify"
CENU46450BM,"Standalone — no extra item"
CENU46450WH,"Standalone — no extra item"
CENU50300BM,"Standalone — no extra item"
CENU50300WH,"Standalone — no extra item"
CENU70450BM,"Standalone — no extra item"
CENU70450WH,"Standalone — no extra item"
CENU88700BM,"Standalone — no extra item"
CENU88700WH,"Standalone — no extra item"
CGCEBM,"Sold as 5 Pack"
CGCECO,"Sold as 5 Pack"
CGCEGB,"Sold as 5 Pack"
CGCERO,"Sold as 5 Pack"
CGCEWH,"Sold as 5 Pack"
CGCEYB,"Sold as 5 Pack"
CGCYBM,"Sold as 5 Pack"
CGCYCH,"Sold as 5 Pack"
CGCYCO,"Sold as 5 Pack"
CGCYGB,"Sold as 5 Pack"
CGCYRO,"Sold as 5 Pack"
CGCYSN,"Sold as 5 Pack"
CGCYYB,"Sold as 5 Pack"
CGFLBM,"Standalone — no extra item"
CGFLGR,"Standalone — no extra item"
CGFLWH,"Standalone — no extra item"
CGMLAG,"Standalone — no extra item"
CGMLBM,"Standalone — no extra item"
CGMLGR,"Standalone — no extra item"
CGMLWH,"Standalone — no extra item"
CGOVBM,"Sold as 5 Pack"
CGOVCL,"Standalone — no extra item — not on LEDSone, Electricalsone listing"
CGOVWH,"Sold as 5 Pack"
CGROBM,"Standalone — no extra item"
CGROCO,"Standalone — no extra item"
CGROGB,"Standalone — no extra item"
CGROWH,"Standalone — no extra item"
CGROYB,"Standalone — no extra item"
CGSPCL,"Sold as 5 Pack"
CGSPWH ,"Not listed on Shopify"
CGSRBM,"Sold as 5 Pack"
CGSRCH,"Sold as 5 Pack"
CGSRCO,"Sold as 5 Pack"
CGSRFG,"Sold as 5 Pack"
CGSRGB,"Sold as 5 Pack"
CGSRSN,"Sold as 5 Pack"
CGSRWH,"Sold as 5 Pack"
CGSRYB,"Sold as 5 Pack"
CGWDWO,"Combined with Full set for Beat Style Lampshade (PHSF1PWR40WH)"
CH18HW30,"Not listed on Shopify"
CH18SO15,"Not listed on Shopify"
CH18SO30,"Not listed on Shopify"
CH4HW5,"Standalone — no extra item"
CH4SO5,"Not listed on Shopify"
CH9SO10,"Not listed on Shopify"
CL2BAG,"Standalone — no extra item — not on LEDSone, Electricalsone listing"
CL2BBL,"Standalone — no extra item"
CL2BBM,"Not listed on Shopify"
CL2BBT,"Standalone — no extra item"
CL2BGR,"Not listed on Shopify"
CL2BGY,"Standalone — no extra item"
CL2BLG,"Not listed on Shopify"
CL2BPI,"Standalone — no extra item — not on LEDSone, Electricalsone listing"
CL2BRE,"Standalone — no extra item"
CL2BYE,"Standalone — no extra item"
CL2RAG,"Standalone — no extra item"
CL2RBD,"Standalone — no extra item"
CL2RBK,"Standalone — no extra item"
CL2RBL,"Standalone — no extra item"
CL2RBM,"Standalone — no extra item"
CL2RBP,"Standalone — no extra item"
CL2RBR,"Standalone — no extra item"
CL2RBT,"Standalone — no extra item"
CL2RBU,"Standalone — no extra item"
CL2RBW,"Standalone — no extra item — not on LEDSone, Electricalsone listing"
CL2RCR,"Standalone — no extra item"
CL2RGD,"Standalone — no extra item"
CL2RGL,"Standalone — no extra item"
CL2RGR,"Standalone — no extra item"
CL2RGY,"Standalone — no extra item"
CL2RHE,"Standalone — no extra item"
CL2RIV,"Standalone — no extra item"
CL2RLB,"Standalone — no extra item"
CL2RLG,"Standalone — no extra item"
CL2RMD,"Standalone — no extra item"
CL2RMU,"Standalone — no extra item"
CL2ROR,"Standalone — no extra item"
CL2RPE,"Standalone — no extra item"
CL2RPU,"Standalone — no extra item"
CL2RRE,"Standalone — no extra item"
CL2RRH,"Standalone — no extra item"
CL2RRO,"Standalone — no extra item"
CL2RRS,"Standalone — no extra item"
CL2RRW,"Standalone — no extra item"
CL2RSI,"Standalone — no extra item"
CL2RTB,"Standalone — no extra item"
CL2RWH,"Standalone — no extra item"
CL2RWX,"Standalone — no extra item"
CL2RYE,"Standalone — no extra item"
CL2RYT,"Standalone — no extra item"
CL2TAG,"Standalone — no extra item"
CL2TBD,"Standalone — no extra item"
CL2TBK,"Standalone — no extra item"
CL2TBL,"Standalone — no extra item"
CL2TBM,"Standalone — no extra item"
CL2TBP,"Standalone — no extra item"
CL2TBR,"Standalone — no extra item"
CL2TBT,"Standalone — no extra item"
CL2TBU,"Standalone — no extra item"
CL2TBW,"Standalone — no extra item"
CL2TCR,"Standalone — no extra item"
CL2TGD,"Standalone — no extra item"
CL2TGL,"Standalone — no extra item"
CL2TGR,"Standalone — no extra item"
CL2TGY,"Standalone — no extra item"
CL2THE,"Standalone — no extra item"
CL2TIV,"Standalone — no extra item"
CL2TLB,"Standalone — no extra item"
CL2TLG,"Standalone — no extra item"
CL2TMD,"Not listed on Shopify"
CL2TMS,"Sold as 5 Pack"
CL2TMU,"Not listed on Shopify"
CL2TOR,"Standalone — no extra item"
CL2TPE,"Standalone — no extra item"
CL2TPU,"Standalone — no extra item"
CL2TRE,"Standalone — no extra item"
CL2TRO,"Standalone — no extra item"
CL2TRS,"Standalone — no extra item"
CL2TRW,"Standalone — no extra item"
CL2TSI,"Standalone — no extra item"
CL2TTB,"Sold as 5 Pack"
CL2TWH,"Standalone — no extra item"
CL2TWM,"Not listed on Shopify"
CL2TYE,"Standalone — no extra item"
CL2TYH,"Sold as 5 Pack"
CL2TYT,"Not listed on Shopify"
CL3B120BM,"Not listed on Shopify"
CL3B30BM,"Combined with Black Metal Ceiling Rose Square 500mm (CRFF500BM), E27 Wall Sconce Black Bulb Holder (WSST70BM3PK) and Black Industrial Metal Lampshade (WCBNBM3PK) (3 combos)"
CL3B40BM,"Combined with 50cm Length Ceiling Rose (CRFF4002BM), 12 Way Connector With ceiling rose Switch (CO122PCL2PK), GU10 lamp holder Black (LHTTAGU10BM2PK) and GU10 Cool white Dimming 5W (LDGU10WD52PK)"
CL3RAG,"Standalone — no extra item"
CL3RBD,"Standalone — no extra item"
CL3RBK,"Standalone — no extra item — not on LEDSone, Electricalsone listing"
CL3RBL,"Standalone — no extra item"
CL3RBM,"Standalone — no extra item"
CL3RBP,"Standalone — no extra item — not on LEDSone, Electricalsone listing"
CL3RBR,"Standalone — no extra item"
CL3RBT,"Standalone — no extra item"
CL3RBU,"Standalone — no extra item"
CL3RBW,"Standalone — no extra item"
CL3RCR,"Standalone — no extra item"
CL3RGCR,"Standalone — no extra item — not on LEDSone, LEDSone DE listing (not in pounds)"
CL3RGD,"Standalone — no extra item"
CL3RGL,"Standalone — no extra item"
CL3RGM,"Standalone — no extra item"
CL3RGR,"Standalone — no extra item"
CL3RGY,"Standalone — no extra item"
CL3RHE,"Standalone — no extra item"
CL3RIV,"Standalone — no extra item"
CL3RLB,"Standalone — no extra item"
CL3RLG,"Standalone — no extra item"
CL3RMD,"Standalone — no extra item"
CL3RMU,"Standalone — no extra item — not on LEDSone, Electricalsone listing"
CL3ROR,"Standalone — no extra item"
CL3RPE,"Standalone — no extra item"
CL3RPI,"Standalone — no extra item"
CL3RPU,"Standalone — no extra item"
CL3RRE,"Standalone — no extra item"
CL3RRH,"Standalone — no extra item — not on LEDSone, Electricalsone listing"
CL3RRO,"Standalone — no extra item — not on LEDSone, Electricalsone listing"
CL3RRS,"Standalone — no extra item"
CL3RRW,"Standalone — no extra item — not on LEDSone, Electricalsone listing"
CL3RSI,"Standalone — no extra item"
CL3RTB,"Standalone — no extra item"
CL3RWH,"Standalone — no extra item"
CL3RWM,"Standalone — no extra item — not on LEDSone, Electricalsone listing"
CL3RWX,"Standalone — no extra item"
CL3RYE,"Standalone — no extra item"
CL3RYT,"Standalone — no extra item"
CL3TAG,"Standalone — no extra item"
CL3TBD,"Standalone — no extra item"
CL3TBK,"Standalone — no extra item"
CL3TBL,"Standalone — no extra item"
CL3TBM,"Standalone — no extra item"
CL3TBP,"Standalone — no extra item"
CL3TBR,"Standalone — no extra item"
CL3TBT,"Standalone — no extra item"
CL3TBU,"Standalone — no extra item"
CL3TBW,"Standalone — no extra item"
CL3TCR,"Standalone — no extra item"
CL3TGD,"Standalone — no extra item"
CL3TGL,"Standalone — no extra item"
CL3TGR,"Standalone — no extra item"
CL3TGY,"Standalone — no extra item"
CL3THE,"Standalone — no extra item"
CL3TIV,"Standalone — no extra item"
CL3TLB,"Standalone — no extra item"
CL3TLG,"Standalone — no extra item"
CL3TLP,"Standalone — no extra item — not on LEDSone, Electricalsone listing"
CL3TMD,"Standalone — no extra item"
CL3TMS,"Standalone — no extra item"
CL3TMU,"Standalone — no extra item"
CL3TOR,"Standalone — no extra item"
CL3TPE,"Standalone — no extra item"
CL3TPU,"Standalone — no extra item"
CL3TRE,"Standalone — no extra item"
CL3TRH,"Standalone — no extra item — not on LEDSone, Electricalsone listing"
CL3TRO,"Standalone — no extra item — not on LEDSone, Electricalsone listing"
CL3TRS,"Standalone — no extra item"
CL3TRW,"Standalone — no extra item"
CL3TSI,"Standalone — no extra item"
CL3TTB,"Standalone — no extra item"
CL3TWH,"Standalone — no extra item"
CL3TWM,"Standalone — no extra item"
CL3TWX,"Not listed on Shopify"
CL3TYE,"Standalone — no extra item"
CL3TYH,"Standalone — no extra item"
CL3TYT,"Standalone — no extra item"
CMWH,"Standalone — no extra item — not on LEDSone, Electricalsone listing"
CNP1000BM,"Standalone — no extra item"
CNP1000CH,"Standalone — no extra item"
CNP1000CO,"Standalone — no extra item"
CNP1000FG,"Standalone — no extra item"
CNP1000GB,"Standalone — no extra item"
CNP1000RO,"Standalone — no extra item"
CNP1000WH,"Standalone — no extra item"
CNP1000YB,"Standalone — no extra item"
CNS500BB,"Standalone — no extra item"
CNS500BC,"Standalone — no extra item"
CNS500BM,"Standalone — no extra item"
CNS500BS,"Standalone — no extra item"
CNS500RR,"Standalone — no extra item"
CNS600BB,"Combined with Industrial 3 Hole 8 Inch Ceiling Rose (CRSF2003BB), Vintage Industrial Retro Pendant (PHCH1PBRBB3PK) and Industrial Retro barrel lampshade (WCB6BB3PK)"
CNS600BC,"Standalone — no extra item"
CNS600BM,"Standalone — no extra item"
CNS600BS,"Standalone — no extra item"
CNS600RR,"Standalone — no extra item"
CNT900BM,"Standalone — no extra item"
CNT900CH,"Standalone — no extra item"
CNT900CO,"Standalone — no extra item"
CNT900FG,"Standalone — no extra item"
CNT900GB,"Standalone — no extra item"
CNT900RO,"Standalone — no extra item"
CNT900WH,"Standalone — no extra item"
CNT900YB,"Standalone — no extra item"
CO1210ACL,"Standalone — no extra item"
CO1215ACL,"Standalone — no extra item"
CO122PCL,"Combined with Galvanized flange (PCGZFF), 3/4 Fitting Nipple Threaded Galvanized (PCGZ105TP2PK), Galvanized 90 elbow (PCGZ90EL) and 170mm Green conduit pipe cage Lantern (WCPC170GR) (4 combos)"
CO1230ACL,"Standalone — no extra item"
CO123ACL,"Standalone — no extra item"
CO123PA10CL,"Not listed on Shopify"
CO123PA9CL,"Not listed on Shopify"
CO123PCL,"Not listed on Shopify"
CO125ACL,"Standalone — no extra item"
CO1260ACL,"Standalone — no extra item"
CO126ACL,"Standalone — no extra item"
CO224ACL,"Standalone — no extra item"
CO232AGY,"Standalone — no extra item"
CO232AOR,"Standalone — no extra item — not on LEDSone, Electricalsone listing"
CO332AGY,"Standalone — no extra item"
CO332AOR,"Standalone — no extra item"
CO33PWH,"Sold as 5 Pack"
CO424ACL,"Standalone — no extra item"
CO432AGY,"Standalone — no extra item"
CO432AOR,"Standalone — no extra item"
CO532AGY,"Standalone — no extra item"
CO532AOR,"Standalone — no extra item — not on LEDSone, Electricalsone listing"
CO624ACL,"Standalone — no extra item"
CO832AGY,"Standalone — no extra item"
CODCCR,"Standalone — no extra item"
CODCFR,"Sold as 3 Pack"
CODH232AGY,"Standalone — no extra item"
CODH2422GY,"Standalone — no extra item"
CODH3223GY,"Standalone — no extra item"
CODH4223GY,"Standalone — no extra item"
CODH622AGY,"Standalone — no extra item"
CODH632AGY,"Standalone — no extra item"
CODH933AGY,"Standalone — no extra item"
CODL232AGY,"Standalone — no extra item"
CODL332AGY,"Standalone — no extra item"
CODL632AGY,"Standalone — no extra item"
CODL932AGY,"Standalone — no extra item"
COI9ABM,"Standalone — no extra item"
COI9ASBM,"Standalone — no extra item — not on LEDSone, LEDSone DE listing (not in pounds)"
COI9BBL,"Standalone — no extra item"
COI9BBM,"Standalone — no extra item"
COI9CBM,"Sold as 2 Pack"
COI9DBM,"Standalone — no extra item"
COI9RBM,"Standalone — no extra item"
COM16BM,"Standalone — no extra item"
COM20BM,"Standalone — no extra item"
COPA10TWH,"Not listed on Shopify"
COPA9TWH,"Not listed on Shopify"
COPG135WH,"Standalone — no extra item"
COPG19WH,"Standalone — no extra item"
COS92BM,"Standalone — no extra item — not on LEDSone, Vintagelite listing"
COS93BM,"Standalone — no extra item"
COT85IP683RE,"Standalone — no extra item"
COT85IP683YE,"Standalone — no extra item"
COT9ABM,"Standalone — no extra item"
COTL6622GY,"Standalone — no extra item"
COTL6623GY,"Standalone — no extra item"
COTL6624GY,"Standalone — no extra item"
COWP4W2CBM,"Standalone — no extra item"
COWP4W3CBM,"Standalone — no extra item"
COY9ABM,"Standalone — no extra item"
COY9BBM,"Standalone — no extra item"
HK10BM,"Standalone — no extra item"
HK10CH,"Standalone — no extra item"
HK10CO,"Standalone — no extra item"
HK10FG,"Standalone — no extra item"
HK10GB,"Standalone — no extra item"
HK10GD,"Standalone — no extra item — not on LEDSone, Electricalsone listing"
HK10RO,"Standalone — no extra item"
HK10SN,"Standalone — no extra item"
HK10WH,"Standalone — no extra item"
HK10YB,"Standalone — no extra item"
HKR10BM,"Standalone — no extra item"
HKR10CH,"Standalone — no extra item"
HKR10CO,"Standalone — no extra item"
HKR10FG,"Standalone — no extra item"
HKR10GB,"Standalone — no extra item"
HKR10GD,"Standalone — no extra item"
HKR10RO,"Standalone — no extra item"
HKR10WH,"Standalone — no extra item"
HKR10YB,"Standalone — no extra item"
HKRMBM,"Not listed on Shopify"
HKRMCH,"Not listed on Shopify"
HKRMCO,"Not listed on Shopify"
HKRMFG,"Not listed on Shopify"
HKRMGB,"Not listed on Shopify"
HKRMRO,"Not listed on Shopify"
HKRMWH,"Not listed on Shopify"
HKRMYB,"Not listed on Shopify"
HRE1428BM,"Sold as 2 Pack"
HRE1428WH,"Sold as 2 Pack"
HRE2738BM,"Standalone — no extra item"
HRE2738WH,"Standalone — no extra item"
IMAC7714CW,"Not listed on Shopify"
IMAC7714GR,"Not listed on Shopify"
IMAC7714YE,"Not listed on Shopify"
IMAC9820CW,"Not listed on Shopify"
IMAC9820WCW,"Not listed on Shopify"
IMAC9820WW,"Not listed on Shopify"
IMACCW,"Not listed on Shopify"
IMACGR,"Standalone — no extra item"
IMACRG,"Not listed on Shopify"
IMACWW,"Not listed on Shopify"
IMACYE,"Not listed on Shopify"
IMBL,"Standalone — no extra item"
IMCW,"Standalone — no extra item"
IMDC6915RG,"Not listed on Shopify"
IMDC7714BCW,"Not listed on Shopify"
IMDC7714BGR,"Not listed on Shopify"
IMDC7714BYE,"Not listed on Shopify"
IMGR,"Standalone — no extra item"
IMRE,"Standalone — no extra item"
IMRG,"Standalone — no extra item"
IMWW ,"Not listed on Shopify"
IMYE,"Not listed on Shopify"
LCCA2C,"Standalone — no extra item"
LCCA4C,"Standalone — no extra item"
LCCADF,"Standalone — no extra item"
LCCADM,"Standalone — no extra item"
LCCN11,"Sold as 3 Pack"
LCCN12,"Sold as 3 Pack"
LCCN13,"Sold as 3 Pack"
LCCN14,"Sold as 3 Pack"
LCDM2C,"Sold as 3 Pack"
LCEC11SL,"Not listed on Shopify"
LCEC127SL,"Not listed on Shopify"
LCEC135SL,"Not listed on Shopify"
LCFM4C,"Sold as 3 Pack"
LCMA4C,"Sold as 3 Pack"
LCPC2C,"Standalone — no extra item"
LCPC4C,"Standalone — no extra item"
LCRG5A44,"Standalone — no extra item"
NF5050GR,"Not listed on Shopify"
NFCP7,"Standalone — no extra item"
NFCP9,"Standalone — no extra item"
NFDP8,"Standalone — no extra item"
NFEC14,"Standalone — no extra item"
NFEC15,"Standalone — no extra item"
NFEC8,"Standalone — no extra item"
NFER17,"Standalone — no extra item"
NFFL14BL,"Standalone — no extra item — not on LEDSone, Electricalsone listing"
NFFL14GR,"Standalone — no extra item — not on LEDSone, Electricalsone listing"
NFFL14RE,"Standalone — no extra item — not on LEDSone, Electricalsone listing"
NFFL14YE,"Standalone — no extra item — not on LEDSone, Electricalsone listing"
NFFL15BL,"Sold as 3 Pack — not on LEDSone, LEDSone DE listing (not in pounds)"
NFFL15RE,"Sold as 3 Pack"
NFFL15WH,"Standalone — no extra item"
NFFL15YE,"Sold as 3 Pack — not on LEDSone, LEDSone DE listing (not in pounds)"
NFFL17BL,"Not listed on Shopify"
NFFL17GR,"Sold as 3 Pack"
NFFL17RE,"Not listed on Shopify"
NFFL17WH,"Not listed on Shopify"
NFFL17YE,"Not listed on Shopify"
NFFL8BL,"Not listed on Shopify"
NFFL8GR,"Not listed on Shopify"
NFFL8PU,"Not listed on Shopify"
NFFL8YE,"Not listed on Shopify"
NFHS,"Standalone — no extra item"
NFLF8GR,"Not listed on Shopify"
NFLF8WH,"Not listed on Shopify"
NFLF8YE,"Not listed on Shopify"
NFMC15,"Standalone — no extra item"
NFMC8,"Standalone — no extra item"
NFMR17,"Standalone — no extra item"
NFNC14,"Standalone — no extra item"
NFNC15,"Standalone — no extra item"
NFNC17,"Standalone — no extra item"
NFNC8,"Standalone — no extra item"
NFRC24,"Standalone — no extra item"
NFRC44,"Standalone — no extra item"
NT5,"Sold as 5 Pack"
PC16FT200BA,"Standalone — no extra item"
PC16FT250BA,"Not listed on Shopify"
PC16FT250CH,"Not listed on Shopify"
PC16FT250WH,"Not listed on Shopify"
PC16FT250YB,"Not listed on Shopify"
PC16FT300BA,"Standalone — no extra item"
PC16FT500BA,"Standalone — no extra item"
PC16FTNLBM,"Standalone — no extra item"
PC16FTNLCH,"Not listed on Shopify"
PC16FTNLWH,"Not listed on Shopify"
PC16FTNLYB,"Not listed on Shopify"
PC22500BM,"Not listed on Shopify"
PC5020BM,"Not listed on Shopify"
PC5020CH,"Not listed on Shopify"
PC5020CO,"Not listed on Shopify"
PC5020RO,"Not listed on Shopify"
PC5020SN,"Not listed on Shopify"
PC5020WH,"Not listed on Shopify"
PC5020YB,"Not listed on Shopify"
PCAM22MJBM,"Not listed on Shopify"
PCAM22MJSN,"Not listed on Shopify"
PCAM22MJYB,"Not listed on Shopify"
PCBI100TP,"Standalone — no extra item"
PCBI200TP,"Standalone — no extra item"
PCBI20GMBM,"Not listed on Shopify"
PCBI20MF,"Not listed on Shopify"
PCBI20MX,"Standalone — no extra item"
PCBI25TP,"Standalone — no extra item"
PCBI300TP,"Standalone — no extra item"
PCBI3WC,"Standalone — no extra item"
PCBI400TP,"Standalone — no extra item"
PCBI45EL,"Standalone — no extra item — not on LEDSone, Electricalsone listing"
PCBI4WC,"Standalone — no extra item"
PCBI500TP,"Standalone — no extra item"
PCBI50TP,"Standalone — no extra item"
PCBI5WC,"Standalone — no extra item"
PCBI600TP,"Standalone — no extra item"
PCBI6WC,"Standalone — no extra item"
PCBI75TP,"Standalone — no extra item"
PCBI78TP,"Not listed on Shopify"
PCBI90EL,"Standalone — no extra item"
PCBICP,"Standalone — no extra item"
PCBIFF,"Standalone — no extra item"
PCBIHN,"Standalone — no extra item"
PCBISC,"Standalone — no extra item"
PCBISR,"Standalone — no extra item"
PCBITB,"Standalone — no extra item"
PCBITC,"Standalone — no extra item — not on LEDSone, Electricalsone listing"
PCBITR,"Standalone — no extra item"
PCBM200TP,"Not listed on Shopify"
PCBM20DS,"Standalone — no extra item"
PCBM20DSBM,"Not listed on Shopify"
PCBM20MX,"Standalone — no extra item"
PCBM20PCBM,"Standalone — no extra item"
PCBM25DSBM,"Standalone — no extra item"
PCBM30NT,"Not listed on Shopify"
PCBS16T10BM,"Standalone — no extra item"
PCBS16T10CH,"Not listed on Shopify"
PCBS16T10WH,"Not listed on Shopify"
PCBS16T10YB,"Not listed on Shopify"
PCBS2FEBM,"Standalone — no extra item"
PCBSF2MCH,"Standalone — no extra item"
PCBSF2MSN,"Not listed on Shopify"
PCBSGLYB,"Standalone — no extra item"
PCBSM2FBM,"Standalone — no extra item"
PCBSM2FCH,"Standalone — no extra item"
PCBSM2FCO,"Standalone — no extra item"
PCBSM2FFG,"Standalone — no extra item"
PCBSM2FRO,"Standalone — no extra item"
PCBSM2FSN,"Standalone — no extra item"
PCBSM2FWH,"Standalone — no extra item"
PCBSM2FYB,"Standalone — no extra item"
PCBSWPYB,"Standalone — no extra item"
PCCO20WH,"Sold as 5 Pack"
PCCO25WH,"Sold as 5 Pack"
PCCPL20WH,"Sold as 5 Pack"
PCCPL25WH,"Sold as 5 Pack"
PCCR6030CH,"Not listed on Shopify"
PCCR6030CO,"Not listed on Shopify"
PCCR6030SN,"Not listed on Shopify"
PCCR6030YB,"Not listed on Shopify"
PCD20WH,"Sold as 5 Pack"
PCDC1510WH,"Sold as 10 Pack"
PCDC2516WH,"Sold as 10 Pack"
PCDC4025WH,"Sold as 10 Pack"
PCDO20BM,"Standalone — no extra item"
PCDO20CH,"Standalone — no extra item"
PCDO20CO,"Standalone — no extra item"
PCDO20FG,"Standalone — no extra item"
PCDO20RO,"Standalone — no extra item"
PCDO20SN,"Standalone — no extra item"
PCDO20WH,"Standalone — no extra item"
PCDO20YB,"Standalone — no extra item"
PCDS20BM,"Standalone — no extra item"
PCDS20SL,"Standalone — no extra item"
PCEL9020WH,"Not listed on Shopify"
PCEL9025WH,"Not listed on Shopify"
PCELC9020WH,"Sold as 5 Pack"
PCELC9025WH,"Sold as 5 Pack"
PCFC1510WH,"Sold as 10 Pack"
PCFC2516WH,"Sold as 10 Pack"
PCFC4025WH,"Sold as 10 Pack"
PCFL20BM,"Standalone — no extra item"
PCFL20CO,"Standalone — no extra item"
PCFL20SN,"Standalone — no extra item"
PCFL20YB,"Standalone — no extra item"
PCFT100BA,"Not listed on Shopify"
PCFT1E27BM,"Not listed on Shopify"
PCFT1E27BS,"Not listed on Shopify"
PCFT200BA,"Standalone — no extra item"
PCFT300BA,"Standalone — no extra item"
PCFT45E27BM,"Not listed on Shopify"
PCFT45E27BS,"Not listed on Shopify"
PCFT500BA,"Standalone — no extra item"
PCFT50BA,"Not listed on Shopify"
PCFT800BA,"Standalone — no extra item"
PCFT90LBM,"Standalone — no extra item"
PCFT90TBM,"Standalone — no extra item"
PCFTLBM,"Not listed on Shopify"
PCFTLCF,"Not listed on Shopify"
PCFTLYB,"Not listed on Shopify"
PCGZ100EL,"Not listed on Shopify"
PCGZ105TP,"Standalone — no extra item"
PCGZ10HK,"Standalone — no extra item"
PCGZ140EL,"Not listed on Shopify"
PCGZ200TP,"Standalone — no extra item"
PCGZ204MO,"Not listed on Shopify"
PCGZ20DS,"Standalone — no extra item"
PCGZ20MB,"Standalone — no extra item"
PCGZ20MF,"Standalone — no extra item"
PCGZ20MI,"Standalone — no extra item"
PCGZ20ML,"Standalone — no extra item"
PCGZ20MO,"Standalone — no extra item"
PCGZ20MT,"Standalone — no extra item"
PCGZ20MX,"Standalone — no extra item"
PCGZ20MY,"Standalone — no extra item"
PCGZ20NL,"Standalone — no extra item"
PCGZ20SE,"Standalone — no extra item"
PCGZ20ST,"Standalone — no extra item"
PCGZ20TP,"Standalone — no extra item — not on LEDSone, LED Sone FR listing (not in pounds)"
PCGZ250TP,"Standalone — no extra item"
PCGZ300TP,"Standalone — no extra item"
PCGZ30NT,"Standalone — no extra item"
PCGZ30TP,"Standalone — no extra item — not on LEDSone, LED Sone FR listing (not in pounds)"
PCGZ3WC,"Standalone — no extra item"
PCGZ400TP,"Standalone — no extra item"
PCGZ400TP-DELETED,"Not listed on Shopify"
PCGZ4018TP,"Not listed on Shopify"
PCGZ40TP,"Standalone — no extra item"
PCGZ450TP,"Standalone — no extra item"
PCGZ45EL,"Standalone — no extra item"
PCGZ4WC,"Standalone — no extra item"
PCGZ500TP,"Standalone — no extra item"
PCGZ50TP,"Standalone — no extra item — not on LEDSone, Electricalsone listing"
PCGZ5WC,"Standalone — no extra item"
PCGZ600TP,"Standalone — no extra item"
PCGZ65TP,"Standalone — no extra item"
PCGZ6WC,"Standalone — no extra item"
PCGZ75TP,"Standalone — no extra item"
PCGZ90EL,"Standalone — no extra item"
PCGZBS,"Standalone — no extra item — not on LEDSone, Vintagelite listing"
PCGZCP,"Standalone — no extra item"
PCGZFF,"Standalone — no extra item"
PCGZHN,"Standalone — no extra item"
PCGZSC,"Standalone — no extra item"
PCGZTB,"Standalone — no extra item"
PCGZTC,"Standalone — no extra item"
PCGZTR,"Standalone — no extra item"
PCIC1510WH,"Not listed on Shopify"
PCIC2516WH,"Not listed on Shopify"
PCIC4025WH,"Not listed on Shopify"
PCLDCW,"Combined with 20mm conduit dome cover Black (PCDO20BM) and 230mm White Gooseneck Wall Light (PCSN230WH) (2 combos)"
PCLDWW,"Not listed on Shopify"
PCM412WH,"Sold as 5 Pack"
PCMP60RP,"Standalone — no extra item"
PCMT20BM,"Standalone — no extra item"
PCMT20CH,"Standalone — no extra item"
PCMT20CO,"Standalone — no extra item"
PCMT20FG,"Standalone — no extra item"
PCMT20MX-PUVII,"Not listed on Shopify"
PCMT20RO,"Standalone — no extra item"
PCMT20SN,"Standalone — no extra item"
PCMT20WH,"Standalone — no extra item"
PCMT20YB,"Standalone — no extra item"
PCPTPH,"Combined with Black iron 45mm Elbow (PCBI45EL)"
PCRN100TP,"Standalone — no extra item"
PCRN200TP,"Standalone — no extra item"
PCRN300TP,"Standalone — no extra item"
PCRN3WC,"Standalone — no extra item"
PCRN400TP,"Standalone — no extra item"
PCRN40TP,"Standalone — no extra item"
PCRN45EL,"Standalone — no extra item"
PCRN4WC,"Standalone — no extra item"
PCRN500TP,"Standalone — no extra item"
PCRN50TP,"Standalone — no extra item"
PCRN5WC,"Standalone — no extra item"
PCRN600TP,"Standalone — no extra item"
PCRN65TP,"Standalone — no extra item"
PCRN6WC,"Standalone — no extra item"
PCRN75TP,"Standalone — no extra item"
PCRN78TP,"Standalone — no extra item — not on LEDSone, Electricalsone listing"
PCRN90EL,"Standalone — no extra item"
PCRNB25TP,"Standalone — no extra item"
PCRNCP,"Standalone — no extra item"
PCRNFF,"Standalone — no extra item"
PCRNHN,"Standalone — no extra item"
PCRNS25TP,"Standalone — no extra item"
PCRNSR,"Standalone — no extra item"
PCRNTB,"Standalone — no extra item"
PCRNTC,"Standalone — no extra item"
PCRNTR,"Standalone — no extra item"
PCSN220BM,"Standalone — no extra item"
PCSN220CH,"Standalone — no extra item"
PCSN220CO,"Standalone — no extra item"
PCSN220FG,"Standalone — no extra item"
PCSN220RO,"Standalone — no extra item"
PCSN220SN,"Standalone — no extra item"
PCSN220WH,"Standalone — no extra item"
PCSN220YB,"Standalone — no extra item"
PCSN230BM,"Standalone — no extra item — not on LEDSone, LED Sone FR listing (not in pounds)"
PCSN230CH,"Standalone — no extra item — not on LEDSone, LED Sone FR listing (not in pounds)"
PCSN230FG,"Standalone — no extra item — not on LEDSone, LED Sone FR listing (not in pounds)"
PCSN230SN,"Standalone — no extra item — not on LEDSone, LED Sone FR listing (not in pounds)"
PCSN230WH,"Standalone — no extra item — not on LEDSone, LED Sone FR listing (not in pounds)"
PCSN295BM,"Not listed on Shopify"
PCSN295CH,"Not listed on Shopify"
PCSN295CO,"Standalone — no extra item — not on LEDSone, LED Sone FR listing (not in pounds)"
PCSN295FG,"Not listed on Shopify"
PCSN295RO,"Standalone — no extra item — not on LEDSone, LED Sone FR listing (not in pounds)"
PCSN295SN,"Not listed on Shopify"
PCSN295WH,"Not listed on Shopify"
PCSN295YB,"Standalone — no extra item — not on LEDSone, LED Sone FR listing (not in pounds)"
PCSWRG10BM,"Not listed on Shopify"
PCSWRG10CO,"Combined with Ceiling rose Front fitting Switch (SWFF1GCH)"
PCSWRG10RO,"Not listed on Shopify"
PCSWRG10SN,"Combined with Ceiling rose Front fitting Switch (SWFF1GCH)"
PCSWRG10YB,"Not listed on Shopify"
PCTE1510WH,"Standalone — no extra item"
PCTE2516WH,"Standalone — no extra item"
PCTE4025WH,"Standalone — no extra item"
PCTEL25WH,"Sold as 5 Pack"
PCTELC20WH,"Sold as 5 Pack"
PCTELC25WH,"Sold as 5 Pack"
PCTJ1510WH,"Sold as 10 Pack"
PCTJ2516WH,"Sold as 10 Pack"
PCTJ4025WH,"Sold as 10 Pack"
PCTL1201WH,"Sold as 3 Pack"
PCTL2202WH,"Sold as 3 Pack"
PCTL2A20VWH,"Sold as 3 Pack"
PCTL3203WH,"Sold as 3 Pack"
PCTL4204WH,"Sold as 3 Pack"
PCUPVC1015WH,"Standalone — no extra item"
PCUPVC1625WH,"Standalone — no extra item"
PCUPVC2540WH,"Standalone — no extra item"
PCUPVCD202WH,"Standalone — no extra item"
PCWH20BX,"Not listed on Shopify"
PCWPLH1BM,"Not listed on Shopify"
PCWPLH35BM,"Not listed on Shopify"
RD10,"Combined with Black Vintage Ceiling Rose (CRSF100BM), 2m twisted hemp black bakelite holder rotary switch (WSWR2HTBLBM), Woven black diamond wire cage (WCWODSBM), 10mm Fine pitch nuts retaining washers (NT3) and 10mm Fine pitch nuts retaining washers (WR)"
RD20,"Standalone — no extra item — not on LEDSone, Electricalsone listing"
RD25,"Standalone — no extra item — not on LEDSone, Electricalsone listing"
RD30,"Standalone — no extra item — not on LEDSone, Electricalsone listing"
RD35,"Standalone — no extra item — not on LEDSone, Electricalsone listing"
RD40,"Standalone — no extra item — not on LEDSone, Electricalsone listing"
RD42,"Not listed on Shopify"
RD50,"Sold as 5 Pack"
RD60,"Sold as 5 Pack"
RD70,"Sold as 5 Pack"
RD80,"Sold as 5 Pack"
RD90,"Sold as 5 Pack"
RPM40BM,"Sold as 2 Pack"
RPM40WH,"Standalone — no extra item — not on LEDSone, Electricalsone listing"
RW12CH,"Combined with PCFL20SN and 16.5mm round on/off switch button (SWCRD16BM) (2 combos)"
RW12CO,"Combined with Copper 20mm Conduit Lid Switch Fitting (PCFL20CO) and 16.5mm round on/off switch button (SWCRD16BM) (2 combos)"
RW1BC,"Sold as 10 Pack"
RW1BM,"Sold as 10 Pack"
RW1FG,"Sold as 10 Pack"
RW1RO,"Sold as 10 Pack"
RW1SN,"Sold as 10 Pack"
RWBM,"Standalone — no extra item"
RWET,"Not listed on Shopify"
RWETM4GD,"Combined with 20mm conduit dome cover Copper (PCDO20CO), M20 Male to M10 Female Thread Bush (PCBSM2FCO) and Metal Bulb Socket Lamp Holder (LHNSE27CO) (2 combos)"
RWFC30SL,"Not listed on Shopify"
RWFG,"Standalone — no extra item"
RWGS1342WH,"Standalone — no extra item"
RWGS1533WH,"Standalone — no extra item"
RWHX08BGGY,"Standalone — no extra item"
RWHX08BTOR,"Standalone — no extra item"
RWHX08BXGY,"Standalone — no extra item"
RWHX10BGGY,"Standalone — no extra item"
RWHX10BTBL,"Standalone — no extra item"
RWHX10BXGY,"Standalone — no extra item"
RWRO,"Standalone — no extra item"
RWSN,"Standalone — no extra item"
RWT3550YE,"Standalone — no extra item"
RWT460YE,"Standalone — no extra item"
RWT480YE,"Standalone — no extra item"
RWT5100YE,"Standalone — no extra item"
RWT5120YE,"Standalone — no extra item"
RWT560YE,"Standalone — no extra item"
RWT570YE,"Standalone — no extra item"
RWT580YE,"Standalone — no extra item"
RWT590YE,"Standalone — no extra item"
RWT6100YE,"Standalone — no extra item"
RWT6120YE,"Standalone — no extra item"
RWT6150YE,"Standalone — no extra item"
RWT6200YE,"Standalone — no extra item"
RWT680YE,"Standalone — no extra item"
RWTBM,"Not listed on Shopify"
RWWD,"Combined with Black 8 Way Ceiling Rose (CRFF2008BM), 5 Way Spring Lever Terminal Cable Connector (CO532AGY3PK), Screw wall plug (RWWP2PK), Earth (CBSFEARTH), E27 Black Bakelite Holder PVC 2 Core (PHBL2PBRBM8PK) and Retro Industrial Ceiling Hook (SPUPBM8PK)"
RWWP,"Combined with Black 8 Way Ceiling Rose (CRFF2008BM), 5 Way Spring Lever Terminal Cable Connector (CO532AGY3PK), M4 x 12mm Pan Head Thread Screw (RWWD2PK), Earth (CBSFEARTH), E27 Black Bakelite Holder PVC 2 Core (PHBL2PBRBM8PK) and Retro Industrial Ceiling Hook (SPUPBM8PK)"
RWWPSN08GY,"Standalone — no extra item"
RWWPSN100YE,"Standalone — no extra item — not on LEDSone, BesBet listing"
RWWPSN10GY,"Standalone — no extra item"
RWWPSN12GY,"Standalone — no extra item — not on LEDSone, BesBet listing"
RWWPSN40YE,"Not listed on Shopify"
RWWPSN60YE,"Standalone — no extra item"
RWWPSN80YE,"Standalone — no extra item"
RWWPSY0630YE,"Standalone — no extra item — not on LEDSone, BesBet listing"
RWWPSY0640YE,"Standalone — no extra item"
RWWPSY0660YE,"Standalone — no extra item"
RWWPSY0680YE,"Standalone — no extra item"
RWWPSY08100YE,"Standalone — no extra item"
RWWPSY08120YE,"Standalone — no extra item"
RWWPSY08150YE,"Standalone — no extra item"
RWWPSY0840YE,"Standalone — no extra item"
RWWPSY0860YE,"Standalone — no extra item"
RWWPSY0880YE,"Standalone — no extra item"
RWWPSY08GY,"Standalone — no extra item"
RWWPSY10100YE,"Standalone — no extra item"
RWWPSY10120YE,"Standalone — no extra item"
RWWPSY10160YE,"Standalone — no extra item"
RWWPSY1050YE,"Standalone — no extra item"
RWWPSY1060YE,"Standalone — no extra item — not on LEDSone, BesBet listing"
RWWPSY1080YE,"Standalone — no extra item — not on LEDSone, BesBet listing"
RWWPSY10GY,"Standalone — no extra item"
RWWPSY12GY,"Standalone — no extra item"
RWWPSYAE25WH,"Standalone — no extra item"
RWWPSYAE50WH,"Standalone — no extra item"
RWWPSYBF25GY,"Standalone — no extra item"
RWWPSYBF50GY,"Standalone — no extra item"
SCRN70BA,"Sold as 2 Pack — not on LEDSone, LEDSone DE listing (not in pounds)"
SCRN70BB,"Standalone — no extra item"
SCRN70BC,"Standalone — no extra item"
SCRN70BM,"Standalone — no extra item"
SCRN70BS,"Standalone — no extra item"
SCRN70BW,"Standalone — no extra item"
SCRN70CH,"Standalone — no extra item"
SCRN70CO,"Standalone — no extra item"
SCRN70FG,"Standalone — no extra item"
SCRN70GB,"Standalone — no extra item"
SCRN70RO,"Standalone — no extra item"
SCRN70RR,"Standalone — no extra item"
SCRN70SN,"Standalone — no extra item"
SCRN70WH,"Standalone — no extra item"
SCRN70YB,"Standalone — no extra item"
SCRNF70BG,"Not listed on Shopify"
SCRNPLBM,"Not listed on Shopify"
SCRNSN,"Combined with Rustic Red 3 Way Cone Shade (PLADRR) and Rustic Red Balloon Lampshade (WCVCRR3PK)"
SDP100DC,"Sold as 5 Pack"
SDP100RL,"Sold as 3 Pack"
SDP120DC,"Sold as 5 Pack"
SDP120RL,"Sold as 5 Pack — not on LEDSone, Vintagelite listing"
SDP150DC,"Sold as 5 Pack"
SDP180DC,"Sold as 5 Pack"
SDP180RL,"Sold as 5 Pack — not on LEDSone, Vintagelite listing"
SDP220DC,"Not listed on Shopify"
SDP240DC,"Sold as 5 Pack"
SDP240RL,"Sold as 5 Pack — not on LEDSone, Vintagelite listing"
SDP320DC,"Sold as 5 Pack"
SDP320RL,"Sold as 5 Pack — not on LEDSone, Vintagelite listing"
SDP400DC,"Standalone — no extra item — not on LEDSone, Electricalsone listing"
SDP60DC,"Sold as 5 Pack"
SDP80DC,"Sold as 5 Pack"
SDP80RL,"Sold as 3 Pack"
SLW2,"Standalone — no extra item"
SLW4,"Standalone — no extra item"
SLW6,"Standalone — no extra item"
SLW8,"Standalone — no extra item"
SLW8WH,"Standalone — no extra item"
SOAG1GAD,"Not listed on Shopify"
SOAG1GUBAD,"Not listed on Shopify"
SOAG2GAD,"Not listed on Shopify"
SOAG2GUBAD,"Not listed on Shopify"
SOCL1GBM,"Not listed on Shopify"
SOCL1GUBBM,"Standalone — no extra item"
SOCL2GBM,"Not listed on Shopify"
SOCL2GUBBM,"Standalone — no extra item"
SOCO1GBE,"Standalone — no extra item"
SOCO1GCR,"Not listed on Shopify"
SOCO1GGD,"Not listed on Shopify"
SOCO1GWH,"Not listed on Shopify"
SOGS1GGE,"Standalone — no extra item"
SOGS1GGK,"Standalone — no extra item"
SOGS1GGO,"Standalone — no extra item"
SOGS2GGE,"Standalone — no extra item"
SOGS2GGK,"Standalone — no extra item"
SOGS2GGO,"Standalone — no extra item"
SORS1GBM,"Standalone — no extra item"
SORS2GBM,"Standalone — no extra item"
SOSQ1GTK,"Not listed on Shopify"
SOSQ2GTK,"Not listed on Shopify"
SOTB1GTK,"Standalone — no extra item"
SOTB1GUBTK,"Standalone — no extra item"
SOTB2GTK,"Standalone — no extra item"
SOTB2GUBTK,"Standalone — no extra item"
SOV101GBE,"Standalone — no extra item — not on LEDSone, Vintagelite listing"
SOV101GGD,"Not listed on Shopify"
SOV101GGL,"Not listed on Shopify"
SOV101GTD,"Standalone — no extra item"
SOV101GTG,"Standalone — no extra item"
SOV101GUBGD,"Not listed on Shopify"
SOV101GUBTD,"Standalone — no extra item"
SOV101GUBTG,"Standalone — no extra item"
SOV101GUBWH,"Not listed on Shopify"
SOV101GWH,"Standalone — no extra item"
SOV102GBE,"Standalone — no extra item — not on LEDSone, Vintagelite listing"
SOV102GGD,"Not listed on Shopify"
SOV102GGL,"Not listed on Shopify"
SOV102GTD,"Standalone — no extra item"
SOV102GTG,"Standalone — no extra item"
SOV102GUBGD,"Not listed on Shopify"
SOV102GUBTD,"Standalone — no extra item"
SOV102GUBTG,"Standalone — no extra item"
SOV102GUBWG,"Not listed on Shopify"
SOV102GUBWH,"Not listed on Shopify"
SOV102GWH,"Standalone — no extra item"
SOV51GBE,"Standalone — no extra item"
SOV51GTC,"Not listed on Shopify"
SOV51GUBBE,"Standalone — no extra item"
SOV51GUBTC,"Not listed on Shopify"
SOV52GBE,"Standalone — no extra item"
SOV52GTC,"Not listed on Shopify"
SOV52GUBBE,"Standalone — no extra item"
SOV52GUBWH,"Not listed on Shopify"
SOV5BLTC,"Not listed on Shopify"
SOV5TETC,"Not listed on Shopify"
SOV5TVTC,"Not listed on Shopify"
SPCA70BM,"Not listed on Shopify"
SPCC320BM,"Not listed on Shopify"
SPCC360BM,"Combined with White Industrial Ceiling Rose (CRSF10025WH), E27 Yellow Holder 1m White Rubber Cable (PHHS1PWRYE) and 360mm Big Top Yellow Lampshade (LSLT360YE) (9 combos)"
SPCCFS7WH,"Standalone — no extra item"
SPCD10080BM,"Not listed on Shopify"
SPCD10080WH,"Not listed on Shopify"
SPCR60601BM,"Not listed on Shopify"
SPCR60603BM,"Not listed on Shopify"
SPCR60603CH,"Not listed on Shopify"
SPCR60603CO,"Not listed on Shopify"
SPCR60603SN,"Not listed on Shopify"
SPCR60603WH,"Not listed on Shopify"
SPCR60603YB,"Not listed on Shopify"
SPCR60605BM,"Not listed on Shopify"
SPCR60605CH,"Not listed on Shopify"
SPCR60605CO,"Not listed on Shopify"
SPCR60605SN,"Not listed on Shopify"
SPCR60605WH,"Not listed on Shopify"
SPCR60605YB,"Not listed on Shopify"
SPCR6060BM,"Not listed on Shopify"
SPCR6060WH,"Not listed on Shopify"
SPCR60803BM,"Not listed on Shopify"
SPCR60803CO,"Not listed on Shopify"
SPCR60803YB,"Not listed on Shopify"
SPCR60805BM,"Not listed on Shopify"
SPCR60805CO,"Not listed on Shopify"
SPCR60805YB,"Not listed on Shopify"
SPCR80303BM,"Not listed on Shopify"
SPCR80303CH,"Not listed on Shopify"
SPCR80303CO,"Not listed on Shopify"
SPCR80303SN,"Not listed on Shopify"
SPCR80303WH,"Not listed on Shopify"
SPCR80303YB,"Not listed on Shopify"
SPCR80304BM,"Not listed on Shopify"
SPCR80305BM,"Not listed on Shopify"
SPCR80305CH,"Not listed on Shopify"
SPCR80305CO,"Not listed on Shopify"
SPCR80305SN,"Not listed on Shopify"
SPCR80305WH,"Not listed on Shopify"
SPCR80305YB,"Not listed on Shopify"
SPCR8030BC,"Not listed on Shopify"
SPCR8030BM,"Not listed on Shopify"
SPCR8030CH,"Not listed on Shopify"
SPCR8030CO,"Not listed on Shopify"
SPCR8030SN,"Not listed on Shopify"
SPCR8030WH,"Not listed on Shopify"
SPCR8030YB,"Not listed on Shopify"
SPHEBM,"Standalone — no extra item"
SPJABM,"Not listed on Shopify"
SPPGUK3PBM,"Standalone — no extra item"
SPPGUK3PBR,"Standalone — no extra item"
SPPGUK3PGD,"Not listed on Shopify"
SPPGUK3PTR,"Standalone — no extra item"
SPPGUK3PWH,"Standalone — no extra item"
SPSD68SN,"Standalone — no extra item"
SPSD78GD,"Sold as 2 Pack"
SPSD78SN,"Standalone — no extra item"
SPSD88SN,"Standalone — no extra item"
SPSD95SN,"Standalone — no extra item"
SPSDBM,"Standalone — no extra item"
SPSDCSBM,"Combined with Black Vintage Ceiling Rose (CRSF100BM) and 2m E27 Edison Hemp Rope Pendant (PHHR2HETHE) (27 combos)"
SPSDP1BM,"Standalone — no extra item"
SPSDP1SN,"Standalone — no extra item"
SPSDP1WH,"Standalone — no extra item"
SPSDP1YB,"Standalone — no extra item"
SPSDP2BM,"Standalone — no extra item"
SPSDP2BMY,"Sold as 2 Pack — not on LEDSone, LEDSone DE listing (not in pounds)"
SPSDP2SN,"Standalone — no extra item"
SPSDP2WH,"Standalone — no extra item"
SPSDP2YB,"Standalone — no extra item"
SPSDP3BM,"Standalone — no extra item"
SPSDP3SN,"Standalone — no extra item"
SPSDP3WH,"Standalone — no extra item"
SPSDP3YB,"Standalone — no extra item"
SPSPGY,"Standalone — no extra item"
SPSPLB,"Standalone — no extra item"
SPSPLBM,"Standalone — no extra item"
SPSPLG,"Standalone — no extra item"
SPSPOR,"Standalone — no extra item"
SPSPPI,"Standalone — no extra item"
SPSPRE,"Standalone — no extra item"
SPSPWH,"Standalone — no extra item"
SPSPYE,"Standalone — no extra item"
SPSSDBM,"Sold as 10 Pack"
SPUPBM,"Standalone — no extra item"
SPUPWH,"Standalone — no extra item"
SPUSBM,"Standalone — no extra item"
SPUSWH,"Standalone — no extra item"
SPUWBM,"Standalone — no extra item"
SPWL43BM,"Standalone — no extra item"
SPWL50BM,"Standalone — no extra item"
SPWRBM,"Standalone — no extra item — not on LEDSone, Electricalsone listing"
STAL4845AM,"Standalone — no extra item — not on LEDSone, Vintagelite listing"
STAL7545AM,"Standalone — no extra item"
STAS505BM,"Standalone — no extra item"
STAS505YE,"Standalone — no extra item"
STBFT50M48EWH,"Standalone — no extra item"
STBP45M48EYE,"Standalone — no extra item"
STBP45M50YE,"Not listed on Shopify"
STCD4845SL,"Standalone — no extra item — not on LEDSone, Vintagelite listing"
STFG4845WH,"Standalone — no extra item"
STFT20M40OBM,"Standalone — no extra item"
STFT20M40OTR,"Standalone — no extra item"
STFT23M50NBM,"Standalone — no extra item"
STFT23M50NTR,"Standalone — no extra item"
STIX245GR,"Standalone — no extra item"
STKP48EBR,"Standalone — no extra item"
STMT18FWH,"Standalone — no extra item — not on LEDSone, Vintagelite listing"
STMT4845WH,"Standalone — no extra item"
STND182RE,"Standalone — no extra item"
STND182WH,"Standalone — no extra item — not on LEDSone, BesBet listing"
STND242RE,"Standalone — no extra item — not on LEDSone, BesBet listing"
STND302WH,"Standalone — no extra item"
STNT303WH,"Standalone — no extra item — not on LEDSone, BesBet listing"
STPVC17ABL,"Standalone — no extra item — not on LEDSone, Vintagelite listing"
STPVC17ARE,"Standalone — no extra item — not on LEDSone, Vintagelite listing"
STPVC17AWH,"Standalone — no extra item — not on LEDSone, Vintagelite listing"
STRF50IRE,"Standalone — no extra item"
STRF50IRY,"Standalone — no extra item"
STRF50ISR,"Standalone — no extra item"
STRF50IYE,"Standalone — no extra item"
STRF50IYK,"Standalone — no extra item"
STTA137CL,"Not listed on Shopify"
STTA500CL,"Not listed on Shopify"
STWP505SL,"Standalone — no extra item — not on LEDSone, Vintagelite listing"
STWT75FYE,"Standalone — no extra item"
SW10AX1G2WWH,"Not listed on Shopify"
SW10AX2G2WWH,"Not listed on Shopify"
SW10AX3G2WWH,"Not listed on Shopify"
SW131GDPSWH,"Not listed on Shopify"
SW13A1GSPSWH,"Not listed on Shopify"
SW13A2GDPSWH,"Not listed on Shopify"
SW13A2GUSBWH,"Not listed on Shopify"
SW13ASFCUWH,"Not listed on Shopify"
SW13ASFNEWH,"Not listed on Shopify"
SW13AUFCUWH,"Not listed on Shopify"
SW16MSPBWH,"Not listed on Shopify"
SW1GBPWH,"Not listed on Shopify"
SW1GLD5100WH,"Not listed on Shopify"
SW20ADPNEWH,"Not listed on Shopify"
SW25MSPBWH,"Not listed on Shopify"
SW2GBPWH,"Not listed on Shopify"
SW35MDPBWH,"Not listed on Shopify"
SW45A1GDPWH,"Not listed on Shopify"
SW45ADP13AWH,"Not listed on Shopify"
SW45ADPVTWH,"Not listed on Shopify"
SWAG1GAD,"Standalone — no extra item"
SWAG2GAD,"Standalone — no extra item"
SWAG3GAD,"Standalone — no extra item"
SWBS1GBM,"Not listed on Shopify"
SWBS2GBM,"Not listed on Shopify"
SWBS3GBM,"Not listed on Shopify"
SWCPB15BM,"Not listed on Shopify"
SWCPB15WH,"Not listed on Shopify"
SWCRD16BM,"Standalone — no extra item"
SWCRD16WH,"Not listed on Shopify"
SWCRD20WH,"Not listed on Shopify"
SWCRETOGD,"Combined with 120mm Black Metal Ceiling Rose (CRSF1202H30BM)"
SWCRPTOCH,"Not listed on Shopify"
SWFF1GCH,"Standalone — no extra item"
SWFI10A3PWH,"Not listed on Shopify"
SWGS1GBL,"Standalone — no extra item"
SWGS1GBM,"Standalone — no extra item"
SWGS1GGD,"Standalone — no extra item"
SWGS2GBL,"Standalone — no extra item"
SWGS2GBM,"Standalone — no extra item"
SWGS2GGD,"Standalone — no extra item"
SWGS3GBL,"Standalone — no extra item"
SWGS3GBM,"Standalone — no extra item"
SWGS3GGD,"Standalone — no extra item"
SWHBPB1OSWB,"Standalone — no extra item"
SWHBSP1OSWH,"Standalone — no extra item"
SWONOFFRBM,"Not listed on Shopify"
SWONOFFRWH,"Not listed on Shopify"
SWPC1GWHBR,"Standalone — no extra item"
SWPLGD,"Standalone — no extra item"
SWPLSL,"Standalone — no extra item"
SWRO3BM,"Standalone — no extra item"
SWRO3GD,"Standalone — no extra item"
SWRO3SL,"Standalone — no extra item"
SWRS1GBM,"Standalone — no extra item"
SWRS2GBM,"Standalone — no extra item"
SWRS3GBM,"Standalone — no extra item"
SWSF1GCH,"Not listed on Shopify"
SWST1GGD,"Not listed on Shopify"
SWTB1GBM,"Standalone — no extra item"
SWTB2GBM,"Standalone — no extra item"
SWTB3GBM,"Standalone — no extra item"
SWTS1GBM,"Standalone — no extra item"
SWTS1SL,"Not listed on Shopify"
SWTS2GBM,"Standalone — no extra item"
SWTS2GWH,"Standalone — no extra item — not on LEDSone, Electricalsone listing"
SWTS3GBM,"Standalone — no extra item"
SWTS3GWH,"Standalone — no extra item — not on LEDSone, Electricalsone listing"
SWTSV1WH,"Standalone — no extra item — not on LEDSone, Electricalsone listing"
SWV101GBH,"Not listed on Shopify"
SWV101GCH,"Standalone — no extra item"
SWV101GGD,"Not listed on Shopify"
SWV101GTD,"Standalone — no extra item"
SWV101GTG,"Standalone — no extra item"
SWV101GWH,"Standalone — no extra item"
SWV102GBH,"Not listed on Shopify"
SWV102GCH,"Standalone — no extra item"
SWV102GGD,"Not listed on Shopify"
SWV102GTD,"Standalone — no extra item"
SWV102GTG,"Standalone — no extra item"
SWV102GWH,"Standalone — no extra item"
SWV103GBH,"Not listed on Shopify"
SWV103GCH,"Standalone — no extra item"
SWV103GGD,"Standalone — no extra item"
SWV103GTD,"Standalone — no extra item"
SWV103GTG,"Standalone — no extra item"
SWV103GWH,"Standalone — no extra item"
SWV51GTC,"Standalone — no extra item"
SWV52GTC,"Standalone — no extra item"
SWV53GTC,"Standalone — no extra item"
TSKCBL,"Not listed on Shopify"
TSKCBM,"Standalone — no extra item — not on LEDSone, Vintagelite listing"
TSLCQA10WH,"Standalone — no extra item"
TSLCQA15WH,"Standalone — no extra item"
TSLCQA20WH,"Standalone — no extra item"
TSLCQA25WH,"Standalone — no extra item"
TSLCQB10WH,"Standalone — no extra item — not on LEDSone, BesBet listing"
TSLCQB15WH,"Standalone — no extra item — not on LEDSone, BesBet listing"
TSLCQB20WH,"Standalone — no extra item — not on LEDSone, BesBet listing"
TSLCQB25WH,"Standalone — no extra item — not on LEDSone, BesBet listing"
TSLTRE,"Standalone — no extra item"
TSST349131GR,"Sold as 6 Pack"
TSST349132BM,"Sold as 6 Pack"
TSST349133WO,"Sold as 6 Pack"
TSST349134GY,"Sold as 6 Pack"
TSST349135WO,"Sold as 4 Pack"
TSSTYF8012GY,"Standalone — no extra item"
TSSTYF8022BK,"Standalone — no extra item"
TSSTYF8025LB,"Standalone — no extra item"
TSSTYM01GY,"Standalone — no extra item"
TSTLRULRB,"Standalone — no extra item"
TSTLRUMRB,"Standalone — no extra item"
TSTLRUSRB,"Standalone — no extra item"
TSTS10WH,"Standalone — no extra item"
TSTS15WH,"Standalone — no extra item"
TSTS20WH,"Standalone — no extra item"
TSTS25WH,"Standalone — no extra item"
TSTS30WH,"Standalone — no extra item"
TSTS40WH,"Standalone — no extra item"
TSTS50WH,"Standalone — no extra item"
TSWGQBAOR,"Standalone — no extra item"
TSWGQBAYE,"Standalone — no extra item"
TSWGQBRE,"Standalone — no extra item"
WJ018PC3PBM,"Standalone — no extra item"
WJ018RB3PBM,"Standalone — no extra item — not on LEDSone, LEDSone DE listing (not in pounds)"
WJ1GMP1BM,"Standalone — no extra item"
WJ2GMP2BM,"Standalone — no extra item"
WJB2,"Standalone — no extra item"
WJB3,"Standalone — no extra item"
WJB3BW,"Not listed on Shopify"
WJB603BM,"Standalone — no extra item"
WJBIP683BM,"Standalone — no extra item"
WJBIP684BM,"Standalone — no extra item"
WJBIP685BM,"Standalone — no extra item"
WJBIP686BM,"Standalone — no extra item"
WJBIP68T12BM,"Standalone — no extra item"
WJBIP68T13BM,"Standalone — no extra item"
WJBIP68T14BM,"Standalone — no extra item"
WJBSQIP683BM,"Standalone — no extra item"
WJCUFFJWH,"Standalone — no extra item"
WJCUKFJWH,"Standalone — no extra item"
WJCUKKJWH,"Standalone — no extra item"
WJCUMMEWH,"Standalone — no extra item"
WJCUNFJWH,"Standalone — no extra item"
WJCUNKMWH,"Standalone — no extra item"
WJCUNNMWH,"Standalone — no extra item"
WJCUONMWH,"Standalone — no extra item"
WJCUPOFWH,"Standalone — no extra item"
WJCYEEWH,"Standalone — no extra item"
WJHY6443PWH,"Not listed on Shopify"
WJIR35338GZ,"Standalone — no extra item"
WJIR35368GZ,"Standalone — no extra item"
WJIR47338GZ,"Standalone — no extra item"
WJLGLBR,"Standalone — no extra item"
WJM6332BM,"Standalone — no extra item"
WJUPVC146WH,"Standalone — no extra item"
WJUPVC860WH,"Standalone — no extra item"
WR,"Standalone — no extra item — not on LEDSone, Electricalsone listing"
PL4HBC,"Standalone — no extra item"
PL4HBM,"Standalone — no extra item"
PL4HRR,"Standalone — no extra item"
PLADBC,"Standalone — no extra item"
PLADBM,"Standalone — no extra item"
PLADBS,"Standalone — no extra item"
PLADRR,"Standalone — no extra item"
PLBXBC,"Standalone — no extra item"
PLBXBM,"Standalone — no extra item"
PLBXBS,"Standalone — no extra item"
PLBXRR,"Standalone — no extra item"
PLDABC,"Standalone — no extra item"
PLDABM,"Standalone — no extra item"
PLDMBC,"Standalone — no extra item"
PLDMBM,"Standalone — no extra item"
PLDMRR,"Standalone — no extra item"
PLHABC,"Standalone — no extra item"
PLHABM,"Standalone — no extra item"
PLHABS,"Standalone — no extra item"
PLHARR,"Standalone — no extra item"
PLHCBC,"Standalone — no extra item"
PLHCBM,"Standalone — no extra item"
PLHCBS,"Standalone — no extra item"
PLHCRR,"Standalone — no extra item"
PLHIBC,"Standalone — no extra item"
PLHIBM,"Standalone — no extra item"
PLHIBS,"Standalone — no extra item"
PLHIRR,"Standalone — no extra item"
PLHLBC,"Standalone — no extra item"
PLHLBM,"Standalone — no extra item"
PLHLBS,"Standalone — no extra item"
PLHLRR,"Standalone — no extra item"
PLHNBC,"Standalone — no extra item"
PLHNBM,"Standalone — no extra item"
PLHNBS,"Standalone — no extra item"
PLHSBC,"Standalone — no extra item"
PLHSBM,"Standalone — no extra item"
PLHTBC,"Standalone — no extra item"
PLHTBM,"Standalone — no extra item"
PLHTBS,"Standalone — no extra item"
PLHTRR,"Standalone — no extra item"
PLHWBC,"Standalone — no extra item"
PLHWBM,"Standalone — no extra item"
PLHWBS,"Standalone — no extra item"
PLHWRR,"Standalone — no extra item"
PLMJBC,"Standalone — no extra item"
PLMJBM,"Standalone — no extra item"
PLOTBB,"Standalone — no extra item"
PLOTBC,"Standalone — no extra item"
PLOTBM,"Standalone — no extra item"
PLOTBS,"Standalone — no extra item"
PLOTRR,"Standalone — no extra item"
PLPTBC,"Combined with 12cm Easy Fit Brushed Copper Shade (LSOL180BC) — not on LEDSone, Vintagelite listing"
PLPTBM,"Combined with 12cm Easy Fit Black Shade (LSOL180BM) — not on LEDSone, Vintagelite listing"
PLPTRR,"Combined with Cone small Rustic Red Lampshade (LSOL180RR) — not on LEDSone, Vintagelite listing"
PLPYBC,"Standalone — no extra item — not on LEDSone, Vintagelite listing"
PLPYBM,"Standalone — no extra item — not on LEDSone, Vintagelite listing"
PLPYBS,"Standalone — no extra item — not on LEDSone, Vintagelite listing"
PLPYRR,"Standalone — no extra item — not on LEDSone, Vintagelite listing"
PLTABB,"Standalone — no extra item — not on LEDSone, Electricalsone listing"
PLTABC,"Standalone — no extra item — not on LEDSone, Electricalsone listing"
PLTABM,"Standalone — no extra item — not on LEDSone, Electricalsone listing"
PLTABS,"Standalone — no extra item — not on LEDSone, Electricalsone listing"
PLTARR,"Standalone — no extra item — not on LEDSone, Electricalsone listing"
PLTDBB,"Combined with Brushed Brass Vintage Ceiling Rose (CRSF100BB) — not on LEDSone, Vintagelite listing"
PLTDBC,"Combined with Brushed Copper Vintage Ceiling Rose (CRSF100BC) — not on LEDSone, LEDSone DE listing (not in pounds)"
PLTDRR,"Not listed on Shopify"
PLTEBC,"Standalone — no extra item"
PLTEBM,"Standalone — no extra item"
PLTEBS,"Standalone — no extra item"
PLTERR,"Standalone — no extra item"
PLTFBC,"Standalone — no extra item"
PLTFRR,"Standalone — no extra item"
PLTRBC,"Standalone — no extra item"
PLTRBM,"Standalone — no extra item"
PLTRULBC,"Standalone — no extra item"
PLTRULBM,"Standalone — no extra item"
PLTSBC,"Standalone — no extra item"
PLTSBM,"Standalone — no extra item"
PLTTBC,"Combined with Brushed Copper Industrial Metal Lampshade (WCBNBC)"
PLTTBM,"Combined with Easy Fit Black Gold Lampshade (LSTF40BM)"
PLTTBS,"Combined with Brushed Silver Flat Lampshade 22cm (LSTF40BS)"
PLTTDEBC,"Standalone — no extra item — not on LEDSone, LEDSone DE listing (not in pounds)"
PLTTDERR,"Standalone — no extra item — not on LEDSone, LEDSone DE listing (not in pounds)"
PLTTRR,"Combined with Easy Fit Rustic Red Lampshade (LSTF40RR)"
PLTYBC,"Combined with Brushed Copper Industrial Metal Lampshade (WCBNBC)"
PLTYBM,"Standalone — no extra item"
PLTYBS,"Combined with Brushed Silver Industrial Metal Lampshade (WCBNBS)"
PLTYRR,"Combined with Rustic Red Industrial Metal Lampshade (WCBNRR)"
PLWCBC,"Standalone — no extra item — not on LEDSone, Vintagelite listing"
PLWCBM,"Standalone — no extra item"
PLWCBS,"Standalone — no extra item — not on LEDSone, Vintagelite listing"
PLWCRR,"Standalone — no extra item"
PLWEBC,"Combined with 1m Pendant Holder Nest Cage Brushed Copper (PHNW1RBC)"
PLWEBM,"Combined with 1m Pendant Holder Nest Cage Black (PHNW1RBM)"
PLWEBS,"Combined with 1m Pendant Holder Nest Cage Brushed Silver (PHNW1RBS)"
PLWEFBC,"Standalone — no extra item — not on LEDSone, LEDSone DE listing (not in pounds)"
PLWEFBM,"Combined with E27 ST64 Dimmable LED Bulb 4W (LDMST64E274) — not on LEDSone, Dcvoltage listing"
PLWEFBS,"Standalone — no extra item — not on LEDSone, LEDSone DE listing (not in pounds)"
PLWEFRR,"Not listed on Shopify"
PLWERR,"Combined with 1m Pendant Holder Nest Cage Rustic Red (PHNW1RRR)"
PLWFBO,"Standalone — no extra item"
PLWLBB,"Standalone — no extra item"
PLWLBC,"Standalone — no extra item"
PLWLBM,"Standalone — no extra item"
PLWLBS,"Standalone — no extra item"
PLWLRR,"Standalone — no extra item"
PLWP120BC,"Combined with Brushed Copper Metal Shade (LSUL220BC)"
PLWP120BM,"Combined with Black Metal Shade (LSUL220BM)"
PLWP120BS,"Combined with Brushed Silver Metal Pendant Shade (LSUL220BS)"
PLWP120RR,"Combined with Rustic Red Metal Pendant Shade (LSUL220RR)"
PLWPBC,"Standalone — no extra item"
PLWPBM,"Standalone — no extra item"
PLWPBS,"Standalone — no extra item"
PLWPHEBM,"Standalone — no extra item"
PLWPRR,"Standalone — no extra item"
PLWSBC,"Standalone — no extra item"
PLWSBM,"Standalone — no extra item"
PLWTBC,"Standalone — no extra item"
PLWTBM,"Standalone — no extra item"
PLWWBC,"Standalone — no extra item"
PLWWBM,"Standalone — no extra item"
PLWWBS,"Standalone — no extra item"
PLWWRR,"Not listed on Shopify"
PS2BMTBR,"Not listed on Shopify"
PSCLDE20WH,"Not listed on Shopify"
PSDS2BMB14BM,"Standalone — no extra item"
PSDS2BMBBM,"Standalone — no extra item"
PSDS2BMRBL,"Standalone — no extra item — not on LEDSone, Electricalsone listing"
PSDS2BMRBM,"Standalone — no extra item — not on LEDSone, Electricalsone listing"
PSDS2BMRBR,"Standalone — no extra item — not on LEDSone, Electricalsone listing"
PSDS2BMRBU,"Standalone — no extra item — not on LEDSone, Electricalsone listing"
PSDS2BMRBW,"Standalone — no extra item — not on LEDSone, Electricalsone listing"
PSDS2BMRGD,"Standalone — no extra item — not on LEDSone, Electricalsone listing"
PSDS2BMRGR,"Standalone — no extra item — not on LEDSone, Electricalsone listing"
PSDS2BMRGY,"Standalone — no extra item — not on LEDSone, Electricalsone listing"
PSDS2BMRRE,"Standalone — no extra item — not on LEDSone, Electricalsone listing"
PSDS2BMRRO,"Standalone — no extra item — not on LEDSone, Electricalsone listing"
PSDS2BPB,"Combined with Chrome Side Fitting 100mm Ceiling Rose (CRSF100HCH)"
PSDS2RBL,"Standalone — no extra item"
PSDS2RBM,"Standalone — no extra item"
PSDS2RBR,"Standalone — no extra item"
PSDS2RBU,"Standalone — no extra item"
PSDS2RBW,"Standalone — no extra item"
PSDS2RGD,"Standalone — no extra item"
PSDS2RGR,"Standalone — no extra item"
PSDS2RGY,"Standalone — no extra item"
PSDS2RPU,"Standalone — no extra item"
PSDS2RRE,"Standalone — no extra item"
PSDS2RRO,"Standalone — no extra item — not on LEDSone, Electricalsone listing"
PSDS2WHBWH,"Standalone — no extra item"
PSDS4.5BMRBL,"Standalone — no extra item"
PSDS4.5BMRBR,"Standalone — no extra item"
PSDS4.5BMRBU,"Standalone — no extra item"
PSDS4.5BMRBW,"Standalone — no extra item"
PSDS4.5BMRGD,"Standalone — no extra item"
PSDS4.5BMRGR,"Standalone — no extra item"
PSDS4.5BMRGY,"Standalone — no extra item"
PSDS4.5BMRRE,"Standalone — no extra item"
PSDS4.5BMRRO,"Standalone — no extra item"
PSDS4.5RBL,"Standalone — no extra item"
PSDS4.5RBM,"Standalone — no extra item"
PSDS4.5RBR,"Not listed on Shopify"
PSDS4.5RBU,"Not listed on Shopify"
PSDS4.5RBW,"Not listed on Shopify"
PSDS4.5RGD,"Combined with Table lamp White Plugin Pendant switch (TPWXWO), Metal Bulb Socket Lamp Holder (LHNSE27RO) and Easy Fit Metal Light Shade Cage (WCDCRO) (2 combos)"
PSDS4.5RGR,"Combined with Green Brass Side Fitting 100mm Ceiling Rose (CRSF100HGB), E27 Wall Light Sconce Green Brass Adjustable (WSLS155GB), Metal Lamp Shade Cap Green Brass (SCRN70GB) and Green Brass Easy Fit Cone Lampshade (LSFT220GB) (2 combos) — not on LEDSone, Vintagelite listing"
PSDS4.5RGY,"Standalone — no extra item"
PSDS4.5RPU,"Not listed on Shopify"
PSDS4.5RRE,"Standalone — no extra item"
PSDS4.5RRO,"Not listed on Shopify"
PSDS4BMBBM,"Standalone — no extra item"
PSDS4BMRBL,"Standalone — no extra item — not on LEDSone, Electricalsone listing"
PSDS4BMRBM,"Standalone — no extra item — not on LEDSone, Electricalsone listing"
PSDS4BMRBR,"Standalone — no extra item — not on LEDSone, Electricalsone listing"
PSDS4BMRBU,"Standalone — no extra item — not on LEDSone, Electricalsone listing"
PSDS4BMRBW,"Standalone — no extra item — not on LEDSone, Electricalsone listing"
PSDS4BMRGD,"Standalone — no extra item — not on LEDSone, Electricalsone listing"
PSDS4BMRGR,"Standalone — no extra item — not on LEDSone, Electricalsone listing"
PSDS4BMRGY,"Standalone — no extra item — not on LEDSone, Electricalsone listing"
PSDS4BMRRE,"Standalone — no extra item — not on LEDSone, Electricalsone listing"
PSDS4BMRRO,"Standalone — no extra item — not on LEDSone, Electricalsone listing"
PSDS4BPB,"Combined with Black Side Fitting 100mm Ceiling Rose (CRSF100HBM), E27 Wall Light Sconce Black Adjustable (WSLS155BM) and Black Industrial Metal Lampshade (WCBNBM) (10 combos)"
PSDS4PBRYB,"Standalone — no extra item"
PSDS4RBL,"Standalone — no extra item — not on LEDSone, Vintagelite listing"
PSDS4RBM,"Standalone — no extra item"
PSDS4RBR,"Standalone — no extra item — not on LEDSone, Vintagelite listing"
PSDS4RBU,"Standalone — no extra item — not on LEDSone, Vintagelite listing"
PSDS4RGD,"Not listed on Shopify"
PSDS4RGR,"Standalone — no extra item — not on LEDSone, Vintagelite listing"
PSDS4RGY,"Standalone — no extra item — not on LEDSone, Vintagelite listing"
PSDS4RPU,"Standalone — no extra item — not on LEDSone, Vintagelite listing"
PSDS4RRE,"Standalone — no extra item — not on LEDSone, Vintagelite listing"
PSDS4RRO,"Standalone — no extra item — not on LEDSone, Vintagelite listing"
PSDS4WHBWH,"Standalone — no extra item"
PSFW4RBM,"Not listed on Shopify"
PSFW4RBR,"Standalone — no extra item"
PSFW4RBW,"Standalone — no extra item"
PSFW4RGD,"Standalone — no extra item"
PSHNDEOS2PBBM,"Standalone — no extra item — not on LEDSone, LEDSone DE listing (not in pounds)"
PSHNOA2BRBM,"Standalone — no extra item"
PSHNOA2WRWH,"Standalone — no extra item"
PSHNOS2BRBM,"Standalone — no extra item"
PSHNOS2WRWH,"Standalone — no extra item"
PSHNOS4BRBM,"Standalone — no extra item"
PSHNOS4WRWH,"Standalone — no extra item"
PSHNUSOS4BRBM,"Not listed on Shopify"
PSHNUSOS4BRWH,"Not listed on Shopify"
PSHUSOS4BRBM,"Standalone — no extra item — not on LEDSone, LEDSone US listing (not in pounds)"
PSHUSOS4BRWH,"Standalone — no extra item — not on LEDSone, LEDSone US listing (not in pounds)"
PSHYOS2BRBM,"Standalone — no extra item"
PSHYOS2WBM,"Standalone — no extra item"
PSHYOS2WRWH,"Standalone — no extra item"
PSHYOS2WWH,"Standalone — no extra item"
PSHYOS4BRBM,"Standalone — no extra item"
PSHYOS4WBM,"Standalone — no extra item"
PSHYOS4WRWH,"Standalone — no extra item"
PSHYOS4WWH,"Standalone — no extra item"
PSL2P15OS2HNBM,"Not listed on Shopify"
PSL45P05OS2HYBM,"Not listed on Shopify"
PSL45P05OS2HYWH,"Not listed on Shopify"
PSL45P05OS3HYBM,"Not listed on Shopify"
PSL45P05OSHYBM,"Not listed on Shopify"
PSL4P25OS2HNBM,"Not listed on Shopify"
PSL4P25OS3HNBM,"Not listed on Shopify"
PSL4P25OSHNBM,"Not listed on Shopify"
PSOS2BBM,"Combined with Black Modern Industrial wall mounting L Shape Metal (CBMPBM) and Metal Bulb Socket Lamp Holder (LHCCE27BM) (13 combos)"
PSOS2BMB14BM,"Standalone — no extra item"
PSOS2BMBBM,"Standalone — no extra item"
PSOS2BMRBK,"Standalone — no extra item"
PSOS2BMRBL,"Standalone — no extra item"
PSOS2BMRBM,"Standalone — no extra item"
PSOS2BMRBR,"Standalone — no extra item"
PSOS2BMRBU,"Standalone — no extra item"
PSOS2BMRBW,"Standalone — no extra item"
PSOS2BMRCR,"Standalone — no extra item"
PSOS2BMRGD,"Standalone — no extra item"
PSOS2BMRGR,"Standalone — no extra item"
PSOS2BMRGY,"Standalone — no extra item"
PSOS2BMRPU,"Standalone — no extra item"
PSOS2BMRRE,"Standalone — no extra item"
PSOS2BMRRO,"Standalone — no extra item"
PSOS2BMTHE,"Standalone — no extra item"
PSOS2BPB,"Not listed on Shopify"
PSOS2BWH,"Combined with Table lamp White Plugin Pendant switch (TPWXWO) and Metal Lamp Holder with Switch (LHMTE27GB) (3 combos)"
PSOS2HERBM,"Standalone — no extra item"
PSOS2HETBM,"Standalone — no extra item"
PSOS2RBL,"Standalone — no extra item"
PSOS2RBM,"Standalone — no extra item"
PSOS2RBMBY,"Not listed on Shopify"
PSOS2RBR,"Standalone — no extra item"
PSOS2RBU,"Standalone — no extra item"
PSOS2RBUCO,"Standalone — no extra item"
PSOS2RBW,"Not listed on Shopify"
PSOS2RBWCH,"Standalone — no extra item"
PSOS2RCR,"Standalone — no extra item"
PSOS2RGD,"Standalone — no extra item"
PSOS2RGR,"Standalone — no extra item"
PSOS2RGY,"Standalone — no extra item"
PSOS2RGYCH,"Standalone — no extra item — not on LEDSone, Electricalsone listing"
PSOS2RPU,"Standalone — no extra item"
PSOS2RRE,"Standalone — no extra item"
PSOS2RRO,"Combined with Metal Bulb Socket Lamp Holder (LHSHE27CO)"
PSOS2WHBWH,"Standalone — no extra item"
PSOS2YBRPB,"Standalone — no extra item"
PSOS4BMBBM,"Standalone — no extra item"
PSOS4BMRBK,"Standalone — no extra item"
PSOS4BMRBL,"Standalone — no extra item"
PSOS4BMRBM,"Standalone — no extra item"
PSOS4BMRBR,"Standalone — no extra item"
PSOS4BMRBU,"Standalone — no extra item"
PSOS4BMRBW,"Standalone — no extra item"
PSOS4BMRCR,"Standalone — no extra item"
PSOS4BMRGD,"Standalone — no extra item"
PSOS4BMRGR,"Standalone — no extra item"
PSOS4BMRGY,"Standalone — no extra item"
PSOS4BMRPU,"Standalone — no extra item"
PSOS4BMRRE,"Standalone — no extra item"
PSOS4BMRRO,"Standalone — no extra item"
PSOS4BMTHE,"Standalone — no extra item"
PSOS4RBL,"Not listed on Shopify"
PSOS4RBM,"Not listed on Shopify"
PSOS4RBR,"Not listed on Shopify"
PSOS4RBU,"Not listed on Shopify"
PSOS4RBW,"Not listed on Shopify"
PSOS4RCR,"Not listed on Shopify"
PSOS4RGD,"Not listed on Shopify"
PSOS4RGR,"Not listed on Shopify"
PSOS4RGY,"Not listed on Shopify"
PSOS4RPU,"Not listed on Shopify"
PSOS4RRE,"Not listed on Shopify"
PSOS4RRO,"Not listed on Shopify"
PSOS4WHBWH,"Not listed on Shopify"
PSOS4WHPWH,"Standalone — no extra item"
PSOS4YBRPB,"Combined with Easy Fit Curvy Metal Lampshade (LSCY290BU)"
PSOS5TBRGB,"Standalone — no extra item"
PSOSUS4BMTHE,"Standalone — no extra item — not on LEDSone, LEDSone US listing (not in pounds)"
PSWCG505BM,"Not listed on Shopify"
PSWDE27ABM,"Not listed on Shopify"
PSWPE27ABM,"Standalone — no extra item"
TPBCH180BM,"Not listed on Shopify"
TPBCH180WH,"Not listed on Shopify"
TPBCH280BM,"Not listed on Shopify"
TPBCH280WH,"Not listed on Shopify"
TPBP1CHRWN,"Not listed on Shopify"
TPBP1CHRWO,"Not listed on Shopify"
TPBP1SHLWN,"Not listed on Shopify"
TPBP1SHRWO,"Standalone — no extra item"
TPBP2SHLWN,"Not listed on Shopify"
TPBSH180BM,"Not listed on Shopify"
TPBSH180WH,"Not listed on Shopify"
TPBSH280BM,"Not listed on Shopify"
TPBSH280WH,"Not listed on Shopify"
TPCL19007GD,"Standalone — no extra item"
TPCL19007GY,"Standalone — no extra item"
TPCL19007WH,"Standalone — no extra item"
TPCL20820AG,"Standalone — no extra item"
TPCL20820GY,"Standalone — no extra item"
TPCL20820WH,"Standalone — no extra item"
TPCL2662GD,"Standalone — no extra item"
TPCL2662GY,"Standalone — no extra item"
TPCL2662WH,"Standalone — no extra item"
TPCLSV306BM,"Standalone — no extra item"
TPCLSV306GY,"Standalone — no extra item"
TPCLSV306WH,"Standalone — no extra item"
TPCLSV318BM,"Standalone — no extra item"
TPCLSV318CR,"Standalone — no extra item"
TPCLSV318GY,"Standalone — no extra item"
TPCLXX103GD,"Standalone — no extra item"
TPCLXX103GY,"Standalone — no extra item"
TPCLXX201BM,"Standalone — no extra item"
TPCLXX201GY,"Standalone — no extra item"
TPCLYH9035BR,"Standalone — no extra item"
TPCLYH9035WH,"Standalone — no extra item"
TPFC160BT,"Combined with Universal Reducer Plate E27 to B22 (RPR44WH)"
TPFC160BU,"Standalone — no extra item"
TPFC160WH,"Combined with Universal Reducer Plate E27 to B22 (RPR44WH)"
TPFC220GD,"Standalone — no extra item — not on LEDSone, Dcvoltage listing"
TPFC280AS,"Standalone — no extra item"
TPFC280BT,"Standalone — no extra item"
TPFC280GT,"Standalone — no extra item"
TPFC280SL,"Standalone — no extra item"
TPFC280WH,"Standalone — no extra item"
TPFC300BG,"Standalone — no extra item"
TPFC300OW,"Standalone — no extra item"
TPFC300TP,"Standalone — no extra item"
TPFC300YP,"Combined with Universal Reducer Plate E27 to B22 (RPR44WH) — not on LEDSone, Vintagelite listing"
TPFHTWB12BM,"Not listed on Shopify"
TPFHTWB12CH,"Not listed on Shopify"
TPFHTWB12CO,"Not listed on Shopify"
TPFHTWB12SN,"Not listed on Shopify"
TPFHTWB12WH,"Not listed on Shopify"
TPFHTWB12YB,"Not listed on Shopify"
TPHTTF2PBRBM,"Standalone — no extra item"
TPHTTN2PBRBM,"Standalone — no extra item"
TPOS1PRBOT,"Standalone — no extra item"
TPOS1PRBRO,"Standalone — no extra item"
TPOS1PRBSQ,"Standalone — no extra item"
TPOSBDBM,"Standalone — no extra item"
TPOSSPMC,"Standalone — no extra item"
TPOSULMC,"Standalone — no extra item"
TPWDWO,"Combined with Vintage Ceiling Rose With Cord Grip (CRSF125BM) and E27 Blue Tin Holder PVC 2 Core (PHTT1PWRBL) (49 combos)"
TPWHWO,"Not listed on Shopify"
TPWPWO,"Standalone — no extra item — not on LEDSone, Vintagelite listing"
TPWRWO,"Not listed on Shopify"
TPWXWO,"Combined with 16.5mm round on/off switch button (SWCRD16BM)"
WLBB225,"Standalone — no extra item"
WLCO3001BM,"Combined with GU10 Cool white Dimming 5W (LDGU10CD5)"
WLEXCW18BW,"Standalone — no extra item"
WLEXGU10BM,"Standalone — no extra item"
WLEXGU10SN,"Standalone — no extra item"
WLEXHSE27BM,"Standalone — no extra item"
WLFCH730E27BM,"Not listed on Shopify"
WLFCH73E27BM,"Not listed on Shopify"
WLFCH850E27BM,"Not listed on Shopify"
WLFCH85E27BM,"Not listed on Shopify"
WLFS2202BM,"Standalone — no extra item"
WLFS2202YBG,"Not listed on Shopify"
WLFS2202YBM,"Standalone — no extra item"
WLFS220BC,"Standalone — no extra item"
WLFS220BM,"Standalone — no extra item"
WLFS220BS,"Standalone — no extra item"
WLFS220RR,"Standalone — no extra item"
WLFS220YBG,"Not listed on Shopify"
WLFS220YBM,"Standalone — no extra item"
WLFSWDBM,"Standalone — no extra item"
WLFSWRHE,"Standalone — no extra item"
WLFSWWHE,"Standalone — no extra item"
WLG400A60E27BM,"Not listed on Shopify"
WLGA110E27BM,"Standalone — no extra item — not on LEDSone, LEDSone DE listing (not in pounds)"
WLGA400E27BM,"Standalone — no extra item — not on LEDSone, LEDSone DE listing (not in pounds)"
WLGA800E27BM,"Standalone — no extra item — not on LEDSone, LEDSone DE listing (not in pounds)"
WLGB500E27BM,"Standalone — no extra item — not on LEDSone, LEDSone DE listing (not in pounds)"
WLGBI500E27BM,"Not listed on Shopify"
WLGC480A60E27BM,"Not listed on Shopify"
WLGC480E27BM,"Not listed on Shopify"
WLGC800A60E27BM,"Not listed on Shopify"
WLGC800E27BM,"Not listed on Shopify"
WLGCH73E27BM,"Standalone — no extra item — not on LEDSone, LEDSone DE listing (not in pounds)"
WLGCH85E27BM,"Standalone — no extra item — not on LEDSone, LEDSone DE listing (not in pounds)"
WLGG105E27BM,"Standalone — no extra item — not on LEDSone, LEDSone DE listing (not in pounds)"
WLGG375E27BM,"Standalone — no extra item — not on LEDSone, LEDSone DE listing (not in pounds)"
WLGG975E27BM,"Standalone — no extra item — not on LEDSone, LEDSone DE listing (not in pounds)"
WLGGI375E27BM,"Not listed on Shopify"
WLGGID975E27BM,"Not listed on Shopify"
WLGGIS1050E27BM,"Not listed on Shopify"
WLGI350E27BM,"Standalone — no extra item — not on LEDSone, LEDSone DE listing (not in pounds)"
WLGIE350E27BM,"Not listed on Shopify"
WLGM108E27BM,"Standalone — no extra item — not on LEDSone, LEDSone DE listing (not in pounds)"
WLGM110E27BM,"Standalone — no extra item — not on LEDSone, LEDSone DE listing (not in pounds)"
WLGM115E27BM,"Standalone — no extra item — not on LEDSone, LEDSone DE listing (not in pounds)"
WLGM47E27BM,"Standalone — no extra item — not on LEDSone, LEDSone DE listing (not in pounds)"
WLGM53E27BM,"Standalone — no extra item — not on LEDSone, LEDSone DE listing (not in pounds)"
WLGMI1150E27BM,"Not listed on Shopify"
WLGMI530E27BM,"Not listed on Shopify"
WLGMIG470E27BM,"Not listed on Shopify"
WLGMIS530E27BM,"Not listed on Shopify"
WLGMIZ1080E27BM,"Not listed on Shopify"
WLGMIZ1100E27BM,"Not listed on Shopify"
WLGN275E27BM,"Standalone — no extra item — not on LEDSone, LEDSone DE listing (not in pounds)"
WLGNA275E27BM,"Not listed on Shopify"
WLGR53E27BM,"Standalone — no extra item — not on LEDSone, LEDSone DE listing (not in pounds)"
WLGS110E27BM,"Standalone — no extra item — not on LEDSone, LEDSone DE listing (not in pounds)"
WLGS400A60E27BM,"Not listed on Shopify"
WLGS400E27BM,"Not listed on Shopify"
WLGV480E27BM,"Standalone — no extra item — not on LEDSone, LEDSone DE listing (not in pounds)"
WLGV800E27BM,"Standalone — no extra item — not on LEDSone, LEDSone DE listing (not in pounds)"
WLHSBMCY18,"Standalone — no extra item"
WLHSBMRE12,"Sold as 2 Pack — not on LEDSone, LEDSone DE listing (not in pounds)"
WLHSBMSQ10,"Standalone — no extra item"
WLHSBMSW10,"Standalone — no extra item"
WLHSPB12BM,"Standalone — no extra item"
WLHSRE8TWH,"Standalone — no extra item"
WLINCE7WBM,"Standalone — no extra item"
WLINCU7WBM,"Standalone — no extra item"
WLINRO7WBM,"Standalone — no extra item"
WLINSQ7WBM,"Standalone — no extra item"
WLIP65DNBM,"Not listed on Shopify"
WLIP65UPBM,"Not listed on Shopify"
WLOB200,"Standalone — no extra item"
WLPL1E27BM,"Standalone — no extra item"
WLRE2TBM,"Standalone — no extra item"
WLRE2TWH,"Not listed on Shopify"
WLRE4TBM,"Not listed on Shopify"
WLRE4TWH,"Not listed on Shopify"
WLRE6TBM,"Not listed on Shopify"
WLRE6TWH,"Not listed on Shopify"
WLRE8TBM,"Not listed on Shopify"
WLRE8TWH,"Not listed on Shopify"
WLRGB3BM3,"Not listed on Shopify"
WLRGB3BM6,"Standalone — no extra item"
WLRO1TBM,"Standalone — no extra item"
WLROBM12,"Standalone — no extra item"
WLROWH12,"Standalone — no extra item"
WLRPBMRO12,"Standalone — no extra item"
WLRPE27BM,"Standalone — no extra item — not on LEDSone, Vintagelite listing"
WLRPECROWH,"Standalone — no extra item"
WLRPECSQBM,"Standalone — no extra item"
WLSHRE2LBM,"Standalone — no extra item"
WLTPFTBM,"Standalone — no extra item"
WLWCRO7WBM,"Standalone — no extra item"
WLWLFTWO,"Not listed on Shopify"
WLWOCPBM,"Standalone — no extra item"
WLWOFTBM,"Standalone — no extra item"
WLWOFTWO,"Combined with 70mm Light Fixture Mounting Bracket (CBSF70), Black ceiling bracket accessories (CBSFBM) and E27 Edison Screw Amber Glass LED (LDSST64E274)"
WLWOHTBM,"Combined with 120x75mm Glass Lamp Cage (LSGL1275CL) — not on LEDSone, LEDSone DE listing (not in pounds)"
WLWP1S3WBM,"Standalone — no extra item"
WLWP2S6WBM,"Standalone — no extra item"
WLYIHEBM,"Standalone — no extra item"
WS1SHWHBM,"Not listed on Shopify"
WS2HTE27BMYB,"Not listed on Shopify"
WS2HTE27CH,"Not listed on Shopify"
WS2HTE27WH,"Not listed on Shopify"
WS2HTE27YB,"Not listed on Shopify"
WSAT105FG,"Standalone — no extra item"
WSAT105WH,"Standalone — no extra item — not on LEDSone, Electricalsone listing"
WSAT105YB,"Standalone — no extra item"
WSBC365BM,"Combined with Front fitting Double Layer black Gold line (CRFF14GL) and Black Black Inner 21cm Lampshade (LSDO210BM2PK) (2 combos) — not on LEDSone, Vintagelite listing"
WSBP16600BM,"Not listed on Shopify"
WSBP16600YB,"Not listed on Shopify"
WSCA2LSG,"Not listed on Shopify"
WSCAGCCH,"Standalone — no extra item"
WSCH135BI,"Not listed on Shopify"
WSDA155BM,"Not listed on Shopify"
WSDM240BS,"Sold as 2 Pack, combined with Industrial Retro barrel lampshade (WCB1BS2PK)"
WSDM240YB,"Combined with Brushed Copper Single Outlet Ceiling Rose (CRFF140BC) and Industrial Retro barrel lampshade (WCB1BC2PK)"
WSF3HT40BM,"Not listed on Shopify"
WSF3HT40WH,"Not listed on Shopify"
WSFAHQS150BG,"Not listed on Shopify"
WSFH1BMYB,"Combined with Blue 2m Round Fabric Cable 3 Pin Plug (PSDS2RBL), Metal Lamp Shade Cap Black (SCRN70BM) and Ceiling Pendant Light Shade Blue (LSFT220BL) (7 combos)"
WSFHTYB,"Not listed on Shopify"
WSFS2BMBM,"Not listed on Shopify"
WSFS2BMYB,"Combined with Metal Lamp Shade Cap Black (SCRN70BM2PK) and White Easy Fit Cone Lampshade (LSFT220WH2PK)"
WSFS2YBYB,"Not listed on Shopify"
WSFT45E27BM,"Not listed on Shopify"
WSFT45E27BS,"Not listed on Shopify"
WSHHBY,"Not listed on Shopify"
WSHHCO,"Not listed on Shopify"
WSHHYB,"Not listed on Shopify"
WSHTB3P16GD,"Not listed on Shopify"
WSIM115BM,"Combined with Black vintage industrial Ceiling Rose (CRFF115BM) and Industrial Retro barrel lampshade (WCB3BM) (3 combos)"
WSIM115CH,"Combined with Vintage Plain industrial Ceiling Rose (CRFF115CH), Chrome Industrial Metal Lampshade (WCBNCH) and T130 E27 4W Edison Vintage LED Bulb (LDMT130E274) (2 combos)"
WSIM115RO,"Combined with CRFF10020RO and Rose Gold Diamond Wire cage (WCWDRO) (5 combos)"
WSIW36BM,"Not listed on Shopify"
WSIWBC,"Standalone — no extra item — not on LEDSone, LEDSone DE listing (not in pounds)"
WSIWBM,"Standalone — no extra item — not on LEDSone, LEDSone DE listing (not in pounds)"
WSIWBS,"Standalone — no extra item"
WSIWGY,"Sold as 2 Pack"
WSLF220E27BM,"Not listed on Shopify"
WSLF220E27WH,"Not listed on Shopify"
WSLF270E27BM,"Not listed on Shopify"
WSLF270E27WH,"Not listed on Shopify"
WSLFS1002BM  ,"Not listed on Shopify"
WSLFS100BM,"Not listed on Shopify"
WSLHTE27BMYB,"Not listed on Shopify"
WSLHTFE27BMYB,"Not listed on Shopify"
WSLM150RO,"Not listed on Shopify"
WSLS100CFGD,"Not listed on Shopify"
WSLS10CFGD,"Not listed on Shopify"
WSLS170YB,"Combined with Yellow Brass Vintage Ceiling Rose (CRSF100YB) and WCBNGD (10 combos)"
WSLSH68BM,"Not listed on Shopify"
WSLSH68YBBM,"Not listed on Shopify"
WSLSH68YBCF,"Not listed on Shopify"
WSLSH68YBGD,"Not listed on Shopify"
WSMHTE27BMYB,"Not listed on Shopify"
WSNGBM,"Standalone — no extra item"
WSPLBM,"Combined with E27 ST64 Dimmable LED Bulb 4W (LDMST64E274)"
WSSH68CFYB,"Not listed on Shopify"
WSSH68YBBM,"Not listed on Shopify"
WSSH68YBGD,"Not listed on Shopify"
WSSM40SN,"Standalone — no extra item"
WSSR40BA,"Not listed on Shopify"
WSSR40BY,"Combined with Black Single Point Easy Fit Ceiling Rose (CRSF108BM) and E27 Screw 40W ST64 Filament Edison Light Bulb (ICST64E2740) (4 combos) — not on LEDSone, Vintagelite listing"
WSSR40CH,"Not listed on Shopify"
WSSR40CO,"Not listed on Shopify"
WSSR40GB,"Not listed on Shopify"
WSSR40SN,"Not listed on Shopify"
WSSR40YB,"Combined with Yellow Brass Single Point Easy Fit Ceiling Rose (CRSF108YB) and E27 Screw 40W ST64 Filament Edison Light Bulb (ICST64E2740) — not on LEDSone, Vintagelite listing"
WSSW170BA,"Not listed on Shopify"
WSSW170BM,"Combined with Black Vintage Ceiling Rose (CRSF100BM)"
WSSW170CH,"Combined with Black Vintage Ceiling Rose (CRSF100BM)"
WSSW170CO,"Combined with Black Vintage Ceiling Rose (CRSF100BM)"
WSSW170GB,"Combined with Green Brass Single Point Easy Fit Ceiling Rose (CRSF108GB) and Bulb Safety Lighting Cage (WCWYBB) (4 combos)"
WSSW170YB,"Combined with Black Vintage Ceiling Rose (CRSF100BM)"
WSTJ15CF,"Not listed on Shopify"
WSTJ15GD,"Not listed on Shopify"
WSTW103075YB,"Not listed on Shopify"
WSUH135BM,"Combined with Black Vintage Ceiling Rose (CRSF100BM) and Dome Brushed Brass 21cm Lampshade (LSDO210BB) (22 combos)"
WSUH135CH,"Combined with Chrome Vintage Ceiling Rose (CRSF100CH) and Metal Ceiling Light Chrome Shade (LSDM220CH) (8 combos)"
WSUH135SN,"Not listed on Shopify"
WSUQ135BM,"Combined with Black Vintage Ceiling Rose (CRSF100BM) and Industrial Retro barrel lampshade (WCB2BM) (6 combos) — not on LEDSone, Vintagelite listing"
WSUQ135CH,"Combined with Chrome Ceiling Rose Hook Plate (CRFF108CH), Chrome Industrial Metal Lampshade (WCBNCH) and T130 E27 4W Edison Vintage LED Bulb (LDMT130E274)"
WSUQ135FG,"Not listed on Shopify"
WSUQ135OR,"Not listed on Shopify"
WSUSHE27BM,"Not listed on Shopify"
WSUSHE27CH,"Combined with 1 Outlet Chrome Easy Fit Ceiling Rose (CRSF120CH) and 150x90mm Glass Lamp Shade (LSGL9015GY) (3 combos)"
WSUSHE27CO,"Not listed on Shopify"
WSUSHE27WH,"Not listed on Shopify"
WSWGWO,"Standalone — no extra item"
WSWTBT,"Not listed on Shopify"
WSWTCBM,"Standalone — no extra item"
WSWTGY,"Combined with T45 E27 4W Edison LED Bulb (LDMT45E274)"
CSBE4WLBM,"Not listed on Shopify"
CSBE4WLBR,"Not listed on Shopify"
CSBE4WLBY,"Not listed on Shopify"
CSBE4WMBM,"Not listed on Shopify"
CSBE4WMBR,"Not listed on Shopify"
CSBE4WMBY,"Not listed on Shopify"
CSBE4WSBM,"Not listed on Shopify"
CSBE4WSBR,"Not listed on Shopify"
CSBE4WSBY,"Not listed on Shopify"
CSBE4WXLBM,"Not listed on Shopify"
CSBE4WXLBR,"Not listed on Shopify"
CSBE4WXLBY,"Not listed on Shopify"
CSBE4WXXLBM,"Not listed on Shopify"
CSBE4WXXLBR,"Not listed on Shopify"
CSBE4WXXLBY,"Not listed on Shopify"
CSBEB13AG,"Standalone — no extra item"
CSBEB13BL,"Standalone — no extra item"
CSBEB13BM,"Standalone — no extra item"
CSBEB14AG,"Standalone — no extra item"
CSBEB14BL,"Standalone — no extra item"
CSBEB14BM,"Standalone — no extra item"
CSBEB15BL,"Not listed on Shopify"
CSBEB15BM,"Not listed on Shopify"
CSBEB1AG,"Not listed on Shopify"
CSBEB1BL,"Not listed on Shopify"
CSBEB1BM,"Not listed on Shopify"
CSBEB1BR,"Not listed on Shopify"
CSBEB1CR,"Not listed on Shopify"
CSBEB2BL,"Standalone — no extra item"
CSBEB2BM,"Standalone — no extra item"
CSBEB2BR,"Standalone — no extra item"
CSBEB2CR,"Standalone — no extra item"
CSBEB2GY,"Standalone — no extra item"
CSBEB3AG,"Standalone — no extra item"
CSBEB3BL,"Standalone — no extra item"
CSBEB3BM,"Standalone — no extra item"
CSBEB3BR,"Standalone — no extra item"
CSBEB3CR,"Standalone — no extra item"
CSBEB3GY,"Standalone — no extra item"
CSBEB4AG,"Standalone — no extra item"
CSBEB4BM,"Standalone — no extra item"
CSBEB4BR,"Standalone — no extra item"
CSBEB4CR,"Standalone — no extra item"
CSBEB4GY,"Standalone — no extra item"
CSBEB4NB,"Standalone — no extra item"
CSBEB6BL,"Standalone — no extra item — not on LEDSone, BesBet listing"
CSBEB6BM,"Standalone — no extra item — not on LEDSone, BesBet listing"
CSBEB6GY,"Standalone — no extra item — not on LEDSone, BesBet listing"
CSBEB6LG,"Standalone — no extra item — not on LEDSone, BesBet listing"
CSBEB6OR,"Standalone — no extra item — not on LEDSone, BesBet listing"
CSBEB6PI,"Standalone — no extra item — not on LEDSone, BesBet listing"
CSBEB6WH,"Standalone — no extra item — not on LEDSone, BesBet listing"
CSBEB7GC,"Not listed on Shopify"
CSBEB7JC,"Not listed on Shopify"
CSBEB8BM,"Standalone — no extra item — not on LEDSone, BesBet listing"
CSBEB8KK,"Standalone — no extra item — not on LEDSone, BesBet listing"
CSBEB9AG,"Standalone — no extra item — not on LEDSone, BesBet listing"
CSBEB9BM,"Standalone — no extra item — not on LEDSone, BesBet listing"
CSBEB9GY,"Standalone — no extra item — not on LEDSone, BesBet listing"
CSBEB9NB,"Standalone — no extra item — not on LEDSone, BesBet listing"
CSBET1LBM,"Not listed on Shopify"
CSBET1LBR,"Not listed on Shopify"
CSBET1MBM,"Not listed on Shopify"
CSBET1MBR,"Not listed on Shopify"
CSBET1SBM,"Not listed on Shopify"
CSBET1SBR,"Not listed on Shopify"
CSBET1XLBM,"Not listed on Shopify"
CSBET1XLBR,"Not listed on Shopify"
CSBET1XXLBM,"Not listed on Shopify"
CSBET1XXLBR,"Not listed on Shopify"
CSHCT10,"Not listed on Shopify"
CSHCT11,"Not listed on Shopify"
CSHCT12,"Not listed on Shopify"
CSHCT12BG,"Not listed on Shopify"
CSHCT13GD,"Not listed on Shopify"
CSHCT13SL,"Not listed on Shopify"
CSHCT14GD,"Not listed on Shopify"
CSHCT15SL,"Not listed on Shopify"
CSHCT16WP,"Not listed on Shopify"
CSHCT17WP,"Not listed on Shopify"
CSHCT18GD,"Not listed on Shopify"
CSHCT18SL,"Not listed on Shopify"
CSHCT19SL,"Not listed on Shopify"
CSHCT1SL,"Not listed on Shopify"
CSHCT20GD,"Not listed on Shopify"
CSHCT20SL,"Not listed on Shopify"
CSHCT2GD,"Not listed on Shopify"
CSHCT3BL,"Not listed on Shopify"
CSHCT3GD,"Not listed on Shopify"
CSHCT3GR,"Not listed on Shopify"
CSHCT3PI,"Not listed on Shopify"
CSHCT3PU,"Not listed on Shopify"
CSHCT3RE,"Not listed on Shopify"
CSHCT4BL,"Not listed on Shopify"
CSHCT4GR,"Not listed on Shopify"
CSHCT4PI,"Not listed on Shopify"
CSHCT4PU,"Not listed on Shopify"
CSHCT4RE,"Not listed on Shopify"
CSHCT4YE,"Not listed on Shopify"
CSHCT5BL,"Not listed on Shopify"
CSHCT5PI,"Not listed on Shopify"
CSHCT5RE,"Not listed on Shopify"
CSHCT6BM,"Not listed on Shopify"
CSHCT6S2BM,"Not listed on Shopify"
CSHCT7S1,"Not listed on Shopify"
CSHCT7S2,"Not listed on Shopify"
CSHCT8S1,"Not listed on Shopify"
CSHCT9S1,"Not listed on Shopify"
CSHCT9S2,"Not listed on Shopify"
CSHCT9S3,"Not listed on Shopify"
CSHOT1,"Not listed on Shopify"
CSHOT10,"Not listed on Shopify"
CSHOT11,"Not listed on Shopify"
CSHOT12,"Not listed on Shopify"
CSHOT2SL,"Not listed on Shopify"
CSHOT3,"Not listed on Shopify"
CSHOT4,"Not listed on Shopify"
CSHOT5,"Not listed on Shopify"
CSHOT6GD,"Not listed on Shopify"
CSHOT7,"Not listed on Shopify"
CSHOT8,"Not listed on Shopify"
CSHOT9,"Not listed on Shopify"
CSWAT1BF,"Not listed on Shopify"
CSWAT2ZE,"Not listed on Shopify"
APDPSBW,"Standalone — no extra item"
APDPSRW,"Standalone — no extra item"
APNPTBW,"Standalone — no extra item"
APSPAMC,"Standalone — no extra item — not on LEDSone, BesBet listing"
APSPBBW,"Standalone — no extra item"
APSPBRW,"Standalone — no extra item"
APSPEMC,"Standalone — no extra item — not on LEDSone, BesBet listing"
APSPLGW,"Standalone — no extra item"
APSPLRW,"Standalone — no extra item"
APSPOMC,"Standalone — no extra item"
APSPSBR,"Standalone — no extra item"
APSPSBW,"Standalone — no extra item"
CTBOP10L,"Standalone — no extra item — not on LEDSone, BesBet listing"
CTBOP10XL,"Standalone — no extra item — not on LEDSone, BesBet listing"
CTBOP10XXL,"Standalone — no extra item — not on LEDSone, BesBet listing"
CTBOP11L,"Standalone — no extra item — not on LEDSone, BesBet listing"
CTBOP11XL,"Standalone — no extra item — not on LEDSone, BesBet listing"
CTBOP11XXL,"Standalone — no extra item — not on LEDSone, BesBet listing"
CTBOP12L,"Standalone — no extra item — not on LEDSone, BesBet listing"
CTBOP12XL,"Standalone — no extra item — not on LEDSone, BesBet listing"
CTBOP12XXL,"Standalone — no extra item — not on LEDSone, BesBet listing"
CTBOP13L,"Standalone — no extra item — not on LEDSone, BesBet listing"
CTBOP13XL,"Standalone — no extra item — not on LEDSone, BesBet listing"
CTBOP13XXL,"Standalone — no extra item — not on LEDSone, BesBet listing"
CTBOP14L,"Standalone — no extra item — not on LEDSone, BesBet listing"
CTBOP14XL,"Standalone — no extra item — not on LEDSone, BesBet listing"
CTBOP14XXL,"Standalone — no extra item — not on LEDSone, BesBet listing"
CTBOP15L,"Standalone — no extra item — not on LEDSone, BesBet listing"
CTBOP15XL,"Standalone — no extra item — not on LEDSone, BesBet listing"
CTBOP15XXL,"Standalone — no extra item — not on LEDSone, BesBet listing"
CTBOP16L,"Standalone — no extra item — not on LEDSone, BesBet listing"
CTBOP16XL,"Standalone — no extra item — not on LEDSone, BesBet listing"
CTBOP16XXL,"Standalone — no extra item — not on LEDSone, BesBet listing"
CTBOP17L,"Standalone — no extra item — not on LEDSone, BesBet listing"
CTBOP17XL,"Standalone — no extra item — not on LEDSone, BesBet listing"
CTBOP17XXL,"Standalone — no extra item — not on LEDSone, BesBet listing"
CTBOP18L,"Standalone — no extra item — not on LEDSone, BesBet listing"
CTBOP18XL,"Standalone — no extra item — not on LEDSone, BesBet listing"
CTBOP18XXL,"Standalone — no extra item — not on LEDSone, BesBet listing"
CTBOP19L,"Standalone — no extra item — not on LEDSone, BesBet listing"
CTBOP19XL,"Standalone — no extra item — not on LEDSone, BesBet listing"
CTBOP19XXL,"Standalone — no extra item — not on LEDSone, BesBet listing"
CTBOP1L,"Standalone — no extra item — not on LEDSone, BesBet listing"
CTBOP1XL,"Standalone — no extra item — not on LEDSone, BesBet listing"
CTBOP1XXL,"Standalone — no extra item — not on LEDSone, BesBet listing"
CTBOP20L,"Standalone — no extra item — not on LEDSone, BesBet listing"
CTBOP20XL,"Standalone — no extra item — not on LEDSone, BesBet listing"
CTBOP20XXL,"Standalone — no extra item — not on LEDSone, BesBet listing"
CTBOP21L,"Standalone — no extra item — not on LEDSone, BesBet listing"
CTBOP21XL,"Standalone — no extra item — not on LEDSone, BesBet listing"
CTBOP21XXL,"Standalone — no extra item — not on LEDSone, BesBet listing"
CTBOP22L,"Standalone — no extra item — not on LEDSone, BesBet listing"
CTBOP22XL,"Standalone — no extra item — not on LEDSone, BesBet listing"
CTBOP22XXL,"Standalone — no extra item — not on LEDSone, BesBet listing"
CTBOP23L,"Standalone — no extra item — not on LEDSone, BesBet listing"
CTBOP23XL,"Standalone — no extra item — not on LEDSone, BesBet listing"
CTBOP23XXL,"Standalone — no extra item — not on LEDSone, BesBet listing"
CTBOP24L,"Standalone — no extra item — not on LEDSone, BesBet listing"
CTBOP24XL,"Standalone — no extra item — not on LEDSone, BesBet listing"
CTBOP24XXL,"Standalone — no extra item — not on LEDSone, BesBet listing"
CTBOP25L,"Standalone — no extra item — not on LEDSone, BesBet listing"
CTBOP25XL,"Standalone — no extra item — not on LEDSone, BesBet listing"
CTBOP25XXL,"Standalone — no extra item — not on LEDSone, BesBet listing"
CTBOP26L,"Standalone — no extra item — not on LEDSone, BesBet listing"
CTBOP26XL,"Standalone — no extra item — not on LEDSone, BesBet listing"
CTBOP26XXL,"Standalone — no extra item — not on LEDSone, BesBet listing"
CTBOP27L,"Standalone — no extra item — not on LEDSone, BesBet listing"
CTBOP27XL,"Standalone — no extra item — not on LEDSone, BesBet listing"
CTBOP27XXL,"Standalone — no extra item — not on LEDSone, BesBet listing"
CTBOP28L,"Standalone — no extra item — not on LEDSone, BesBet listing"
CTBOP28XL,"Standalone — no extra item — not on LEDSone, BesBet listing"
CTBOP28XXL,"Standalone — no extra item — not on LEDSone, BesBet listing"
CTBOP29L,"Standalone — no extra item — not on LEDSone, BesBet listing"
CTBOP29XL,"Standalone — no extra item — not on LEDSone, BesBet listing"
CTBOP29XXL,"Standalone — no extra item — not on LEDSone, BesBet listing"
CTBOP2L,"Standalone — no extra item — not on LEDSone, BesBet listing"
CTBOP2XL,"Standalone — no extra item — not on LEDSone, BesBet listing"
CTBOP2XXL,"Standalone — no extra item — not on LEDSone, BesBet listing"
CTBOP3L,"Standalone — no extra item — not on LEDSone, BesBet listing"
CTBOP3XL,"Standalone — no extra item — not on LEDSone, BesBet listing"
CTBOP3XXL,"Standalone — no extra item — not on LEDSone, BesBet listing"
CTBOP4L,"Not listed on Shopify"
CTBOP4XL,"Not listed on Shopify"
CTBOP4XXL,"Not listed on Shopify"
CTBOP5L,"Not listed on Shopify"
CTBOP5XL,"Not listed on Shopify"
CTBOP5XXL,"Not listed on Shopify"
CTBOP6L,"Standalone — no extra item — not on LEDSone, BesBet listing"
CTBOP6XL,"Standalone — no extra item — not on LEDSone, BesBet listing"
CTBOP6XXL,"Standalone — no extra item — not on LEDSone, BesBet listing"
CTBOP7L,"Not listed on Shopify"
CTBOP7XL,"Not listed on Shopify"
CTBOP7XXL,"Not listed on Shopify"
CTBOP8L,"Not listed on Shopify"
CTBOP8XL,"Not listed on Shopify"
CTBOP8XXL,"Not listed on Shopify"
CTBOP9L,"Not listed on Shopify"
CTBOP9XL,"Not listed on Shopify"
CTBOP9XXL,"Not listed on Shopify"
CTKFP1LAP,"Standalone — no extra item — not on LEDSone, BesBet listing"
CTKFP1MAP,"Standalone — no extra item — not on LEDSone, BesBet listing"
CTKFP1SAP,"Standalone — no extra item — not on LEDSone, BesBet listing"
CTKFTA1L,"Standalone — no extra item — not on LEDSone, BesBet listing"
CTKFTA1M,"Standalone — no extra item — not on LEDSone, BesBet listing"
CTKFTA1S,"Standalone — no extra item — not on LEDSone, BesBet listing"
CTKFTA1XL,"Standalone — no extra item — not on LEDSone, BesBet listing"
CTKFTA2L,"Not listed on Shopify"
CTKFTA2M,"Not listed on Shopify"
CTKFTA2S,"Not listed on Shopify"
CTKFTA2XL,"Not listed on Shopify"
CTKMPP1,"Standalone — no extra item — not on LEDSone, BesBet listing"
CTKMPP2,"Standalone — no extra item — not on LEDSone, BesBet listing"
CTKMPP3,"Standalone — no extra item — not on LEDSone, BesBet listing"
CTKMPP4,"Standalone — no extra item — not on LEDSone, BesBet listing"
CTKMT14AP,"Standalone — no extra item — not on LEDSone, BesBet listing"
CTKMT15AP,"Standalone — no extra item — not on LEDSone, BesBet listing"
CTKMT16AP,"Standalone — no extra item — not on LEDSone, BesBet listing"
CTMPP10XL,"Not listed on Shopify"
CTMPP11L,"Not listed on Shopify"
CTMPP11M,"Not listed on Shopify"
CTMPP11XL,"Not listed on Shopify"
CTMPP11XXL,"Not listed on Shopify"
CTMPP12L,"Not listed on Shopify"
CTMPP12M,"Not listed on Shopify"
CTMPP12XL,"Not listed on Shopify"
CTMPP12XXL,"Not listed on Shopify"
CTMPP13L,"Not listed on Shopify"
CTMPP14L,"Not listed on Shopify"
CTMPP15L,"Not listed on Shopify"
CTMPP15M,"Not listed on Shopify"
CTMPP16L,"Not listed on Shopify"
CTMPP1L,"Not listed on Shopify"
CTMPP1M,"Not listed on Shopify"
CTMPP1XL,"Not listed on Shopify"
CTMPP1XXL,"Not listed on Shopify"
CTMPP2L,"Not listed on Shopify"
CTMPP2M,"Not listed on Shopify"
CTMPP2XL,"Not listed on Shopify"
CTMPP2XXL,"Not listed on Shopify"
CTMPP3L,"Not listed on Shopify"
CTMPP3M,"Not listed on Shopify"
CTMPP3XL,"Not listed on Shopify"
CTMPP3XXL,"Not listed on Shopify"
CTMPP4L,"Not listed on Shopify"
CTMPP4M,"Not listed on Shopify"
CTMPP4XL,"Not listed on Shopify"
CTMPP4XXL,"Not listed on Shopify"
CTMPP5L,"Not listed on Shopify"
CTMPP5M,"Not listed on Shopify"
CTMPP5XL,"Not listed on Shopify"
CTMPP5XXL,"Not listed on Shopify"
CTMPP6L,"Not listed on Shopify"
CTMPP6M,"Not listed on Shopify"
CTMPP6XL,"Not listed on Shopify"
CTMPP6XXL,"Not listed on Shopify"
CTMPP7L,"Not listed on Shopify"
CTMPP7M,"Not listed on Shopify"
CTMPP7XL,"Not listed on Shopify"
CTMPP7XXL,"Not listed on Shopify"
CTMPP8L,"Not listed on Shopify"
CTMPP8M,"Not listed on Shopify"
CTMPP8XL,"Not listed on Shopify"
CTMPP8XXL,"Not listed on Shopify"
CTMPP9XL,"Not listed on Shopify"
CTMSAS1L,"Standalone — no extra item — not on LEDSone, BesBet listing"
CTMSAS1M,"Standalone — no extra item — not on LEDSone, BesBet listing"
CTMSAS1S,"Standalone — no extra item — not on LEDSone, BesBet listing"
CTMSAS2L,"Standalone — no extra item — not on LEDSone, BesBet listing"
CTMSAS2M,"Standalone — no extra item — not on LEDSone, BesBet listing"
CTMSAS2XL,"Standalone — no extra item — not on LEDSone, BesBet listing"
CTMSAS3L,"Standalone — no extra item — not on LEDSone, BesBet listing"
CTMSAS3M,"Standalone — no extra item — not on LEDSone, BesBet listing"
CTMSAS3XL,"Standalone — no extra item — not on LEDSone, BesBet listing"
CTMST1P1,"Standalone — no extra item — not on LEDSone, BesBet listing"
CTMST1P2,"Standalone — no extra item — not on LEDSone, BesBet listing"
CTMST2P1,"Standalone — no extra item — not on LEDSone, BesBet listing"
CTMST2P2,"Standalone — no extra item — not on LEDSone, BesBet listing"
AFWHLAPU,"Not listed on Shopify"
AFWHPBAP,"Sold as 2 Pack"
AFWHPBPUPI,"Sold as 2 Pack"
AFWHPBPUWH,"Sold as 2 Pack"
AFWHPBWHBL,"Sold as 2 Pack"
AFWHPBWHDP,"Sold as 2 Pack"
AFWHPBWHPI,"Sold as 2 Pack"
AFWHPBWHYE,"Sold as 2 Pack"
AFWHPCAP,"Sold as 2 Pack — not on LEDSone, BesBet listing"
AFWHPCBAP,"Not listed on Shopify"
AFWHPDAP,"Not listed on Shopify"
AFWHPDBR,"Sold as 2 Pack"
AFWHPDGR,"Sold as 2 Pack"
AFWHPDPI,"Sold as 2 Pack"
AFWHPDPU,"Sold as 2 Pack"
AFWHPDYE,"Sold as 2 Pack"
AFWHPEAP,"Sold as 2 Pack"
AFWHPEOL,"Sold as 2 Pack"
AFWHPEOR,"Sold as 2 Pack"
AFWHPEPE,"Sold as 2 Pack"
AFWHPEWH,"Sold as 2 Pack"
AFWHPEYE,"Sold as 2 Pack"
AFWHPIAP,"Sold as 2 Pack — not on LEDSone, BesBet listing"
AFWHPLAP,"Sold as 2 Pack"
AFWHPOAP,"Sold as 2 Pack — not on LEDSone, BesBet listing"
AFWHPRAP,"Not listed on Shopify"
AFWHPRBD,"Standalone — no extra item — not on LEDSone, Vintagelite listing"
AFWHPRBP,"Standalone — no extra item — not on LEDSone, Vintagelite listing"
AFWHPRBU,"Standalone — no extra item — not on LEDSone, Vintagelite listing"
AFWHPRRE,"Standalone — no extra item — not on LEDSone, Vintagelite listing"
AFWHPRWH,"Standalone — no extra item — not on LEDSone, Vintagelite listing"
AFWHPSAP,"Not listed on Shopify"
AFWHPSPAP,"Not listed on Shopify"
AFWHPTAP,"Not listed on Shopify"
AFWHPTBAP,"Not listed on Shopify"
AFWHTBAP,"Not listed on Shopify"
AFWHTBPU,"Sold as 2 Pack"
AFWHTBYB,"Sold as 2 Pack"
AFWHTCAP,"Not listed on Shopify"
AFWHTDAP,"Not listed on Shopify"
AFWHTLAP,"Sold as 3 Pack — not on LEDSone, BesBet listing"
BS4ST1WB,"Standalone — no extra item"
BS4ST2GY,"Standalone — no extra item"
BS4ST2OW,"Standalone — no extra item — not on LEDSone, BesBet listing"
BS4ST3WB,"Standalone — no extra item"
BS4ST4GY,"Standalone — no extra item"
BS4ST5WB,"Standalone — no extra item"
BS4ST6GY,"Standalone — no extra item"
BS4ST7WB,"Standalone — no extra item"
BS4ST8PT,"Standalone — no extra item — not on LEDSone, BesBet listing"
BS4ST9BM,"Standalone — no extra item"
BS4ST9PT,"Standalone — no extra item"
BS4ST9WH,"Standalone — no extra item"
BS4STACC,"Standalone — no extra item — not on LEDSone, Vintagelite listing"
BS4STGBM,"Standalone — no extra item"
BS4STGCC,"Standalone — no extra item — not on LEDSone, Vintagelite listing"
BS4STGPT,"Standalone — no extra item"
BS4STLCC,"Standalone — no extra item"
BS6S6609BM,"Standalone — no extra item"
BS6S6609WH,"Standalone — no extra item"
BS6S6628BM,"Standalone — no extra item"
BS6S6628WH,"Standalone — no extra item"
BS6S66609GY,"Standalone — no extra item"
BS6S8033BM,"Standalone — no extra item"
BS6S8033GY,"Not listed on Shopify"
BS6S8033ML,"Standalone — no extra item"
BS6S8033PI,"Standalone — no extra item"
BS6S8033WH,"Standalone — no extra item"
BS7S8222BM,"Not listed on Shopify"
BS7S8222GY,"Not listed on Shopify"
BS7S8222WH,"Not listed on Shopify"
BSFCDRPI,"Not listed on Shopify"
BSFCDRSIBL,"Standalone — no extra item"
BSFCDRSIPI,"Not listed on Shopify"
BSFCDRWHBL,"Standalone — no extra item"
BSFCDRWHPI,"Standalone — no extra item"
BSSCDPDP,"Standalone — no extra item — not on LEDSone, Vintagelite listing"
BSSCDPFI,"Standalone — no extra item — not on LEDSone, Vintagelite listing"
BSSCDPST,"Standalone — no extra item — not on LEDSone, Vintagelite listing"
BSSCSGRWO,"Standalone — no extra item — not on LEDSone, Vintagelite listing"
BSSE018BL,"Standalone — no extra item — not on LEDSone, BesBet listing"
BSSE018GR,"Standalone — no extra item — not on LEDSone, BesBet listing"
BSSE018PI,"Standalone — no extra item — not on LEDSone, BesBet listing"
BSSE839WH,"Standalone — no extra item — not on LEDSone, BesBet listing"
BSSE851WH,"Not listed on Shopify"
BSSE878WH,"Standalone — no extra item — not on LEDSone, BesBet listing"
BSSE897WH,"Standalone — no extra item — not on LEDSone, BesBet listing"
BSSECHOAP,"Standalone — no extra item — not on LEDSone, BesBet listing"
BSSECHOCB,"Not listed on Shopify"
BSSECHOPI,"Not listed on Shopify"
BSSECHOYE,"Not listed on Shopify"
BSSECHRAP,"Standalone — no extra item — not on LEDSone, BesBet listing"
BSSECHRCB,"Not listed on Shopify"
BSSECHRPI,"Not listed on Shopify"
BSSECHRWH,"Not listed on Shopify"
BSSECHRYE,"Not listed on Shopify"
BSSECLOWH,"Standalone — no extra item — not on LEDSone, BesBet listing"
BSSEFSBL,"Standalone — no extra item — not on LEDSone, BesBet listing"
BSSEFSPI,"Standalone — no extra item — not on LEDSone, BesBet listing"
BSTMBL,"Standalone — no extra item — not on LEDSone, BesBet listing"
BSTMGR,"Standalone — no extra item — not on LEDSone, BesBet listing"
BSTMGY,"Standalone — no extra item — not on LEDSone, BesBet listing"
BSTMPI,"Standalone — no extra item — not on LEDSone, BesBet listing"
BSTS702RE,"Standalone — no extra item"
BSTS815GY,"Standalone — no extra item"
BSTS815WH,"Not listed on Shopify"
BSTS820GY,"Standalone — no extra item"
BTRO470OB,"Standalone — no extra item — not on LEDSone, Vintagelite listing"
CK8392ADY,"Standalone — no extra item"
CK8392BLG,"Standalone — no extra item"
CK8403AB,"Standalone — no extra item"
CK8417AB,"Standalone — no extra item"
CK8417ABBM,"Not listed on Shopify"
CK8520B,"Standalone — no extra item"
CK8521A,"Standalone — no extra item"
CK8680A,"Standalone — no extra item"
CK8680B,"Standalone — no extra item"
CK8740T2BM,"Standalone — no extra item"
CKA12ATC518BM,"Not listed on Shopify"
CKA12SC343BBM,"Standalone — no extra item — not on LEDSone, BesBet listing"
CKA12SC388WWH,"Standalone — no extra item — not on LEDSone, BesBet listing"
CKA15STC425WH,"Standalone — no extra item — not on LEDSone, BesBet listing"
CKA16ATC3031BR,"Not listed on Shopify"
CKA16ATC3662RU,"Not listed on Shopify"
CKA17ATC4031BM,"Not listed on Shopify"
CKA17ATC4086BM,"Not listed on Shopify"
CKA17ATC4432BB,"Not listed on Shopify"
CKA17ATC4441BL,"Not listed on Shopify"
CKA17ATC4446BM,"Not listed on Shopify"
CKA17STC4383RE,"Not listed on Shopify"
CKA18ATC4255BM,"Standalone — no extra item — not on LEDSone, BesBet listing"
CKAL020BR,"Not listed on Shopify"
CKAL020RB,"Not listed on Shopify"
CKAL047BBM,"Standalone — no extra item — not on LEDSone, BesBet listing"
CKAN1903BM,"Standalone — no extra item — not on LEDSone, BesBet listing"
CKAN1904WH,"Standalone — no extra item — not on LEDSone, BesBet listing"
CKAN1937BM,"Not listed on Shopify"
CKAN1942BL,"Standalone — no extra item — not on LEDSone, Vintagelite listing"
CKAN1942WH,"Standalone — no extra item — not on LEDSone, Vintagelite listing"
CKAO085RE,"Not listed on Shopify"
CKAP025BM,"Not listed on Shopify"
CKAP059BM,"Standalone — no extra item — not on LEDSone, BesBet listing"
CKAP072BM,"Not listed on Shopify"
CKAP111BM,"Not listed on Shopify"
CKAP112MC,"Standalone — no extra item — not on LEDSone, BesBet listing"
CKAP113BM,"Standalone — no extra item — not on LEDSone, BesBet listing"
CKAT1214BM,"Not listed on Shopify"
CKAT1214RE,"Not listed on Shopify"
CKAT1552BM,"Not listed on Shopify"
CKB21198BM,"Standalone — no extra item"
CKB23157BR,"Standalone — no extra item"
CKB2401BM,"Standalone — no extra item"
CKB2401WH,"Standalone — no extra item"
CKB2827BR,"Standalone — no extra item"
CKB29243BM,"Standalone — no extra item"
CKB29243DG,"Standalone — no extra item"
CKB29243WH,"Standalone — no extra item"
CKB2931BT,"Standalone — no extra item"
CKB2931LG,"Standalone — no extra item"
CKB2931PI,"Standalone — no extra item"
CKB2931RE,"Standalone — no extra item"
CKB2931WH,"Standalone — no extra item"
CKB2931YE,"Standalone — no extra item"
CKB6570BBH,"Standalone — no extra item"
CKB6570CBO,"Standalone — no extra item"
CKB6683ABBM,"Standalone — no extra item"
CKB6820PCBM,"Standalone — no extra item"
CKB6820PCGR,"Standalone — no extra item"
CKB6820PCOR,"Standalone — no extra item"
CKB6820PCWH,"Standalone — no extra item"
CKB762679BL,"Standalone — no extra item"
CKB762679GR,"Standalone — no extra item"
CKB762679PI,"Standalone — no extra item"
CKB762679RE,"Standalone — no extra item"
CKB762679YE,"Standalone — no extra item"
CKB876867BR,"Standalone — no extra item"
CKB876867WH,"Standalone — no extra item"
CKB876868BR,"Standalone — no extra item"
CKB876868OW,"Standalone — no extra item"
CKB876875BM,"Standalone — no extra item"
CKB876875BR,"Standalone — no extra item"
CKB876875WH,"Standalone — no extra item"
CKB878087ZBR,"Standalone — no extra item"
CKB878087ZWG,"Standalone — no extra item"
CKB878087ZWH,"Standalone — no extra item"
CKBYBC,"Standalone — no extra item"
CKBYBY,"Standalone — no extra item"
CKBYFG,"Standalone — no extra item"
CKCP30301,"Standalone — no extra item"
CKCP30302,"Standalone — no extra item — not on LEDSone, BesBet listing"
CKCP30303,"Standalone — no extra item — not on LEDSone, BesBet listing"
CKCP30304,"Standalone — no extra item"
CKCP30305,"Standalone — no extra item"
CKCP30306,"Standalone — no extra item"
CKCP30307,"Standalone — no extra item — not on LEDSone, Vintagelite listing"
CKCP38381,"Standalone — no extra item"
CKCP38382T1,"Standalone — no extra item"
CKCP38382T2,"Standalone — no extra item"
CKCP38383,"Standalone — no extra item"
CKCP383831,"Standalone — no extra item — not on LEDSone, BesBet listing"
CKCP383832,"Standalone — no extra item"
CKCP383834,"Standalone — no extra item"
CKCP383835,"Standalone — no extra item"
CKCP383836,"Standalone — no extra item — not on LEDSone, BesBet listing"
CKCP383837,"Standalone — no extra item — not on LEDSone, BesBet listing"
CKCP38384,"Standalone — no extra item"
CKCP38385,"Standalone — no extra item"
CKCP40601,"Standalone — no extra item"
CKCP40602,"Standalone — no extra item"
CKCP40603,"Standalone — no extra item"
CKCP40604,"Standalone — no extra item"
CKCP40605,"Standalone — no extra item"
CKCSBB,"Standalone — no extra item — not on LEDSone, BesBet listing"
CKCSBY,"Standalone — no extra item — not on LEDSone, BesBet listing"
CKCSFG,"Standalone — no extra item — not on LEDSone, BesBet listing"
CKDCF331BM,"Standalone — no extra item"
CKDYZH00210LU,"Standalone — no extra item"
CKDZH01510SB,"Standalone — no extra item"
CKDZH01520SB,"Standalone — no extra item"
CKDZH01910KS,"Standalone — no extra item"
CKDZH01920GD,"Standalone — no extra item"
CKDZH01920KS,"Standalone — no extra item"
CKDZH03610SB,"Standalone — no extra item"
CKDZH03620SB,"Standalone — no extra item"
CKDZH040BM,"Standalone — no extra item"
CKDZH050BM,"Standalone — no extra item"
CKDZH174810SB,"Standalone — no extra item"
CKDZH174820SB,"Standalone — no extra item"
CKDZH181910SB,"Standalone — no extra item"
CKDZH181920SB,"Standalone — no extra item"
CKEC01BM,"Standalone — no extra item — not on LEDSone, BesBet listing"
CKEC02BM,"Standalone — no extra item"
CKEC02WH,"Standalone — no extra item"
CKEC03BM,"Standalone — no extra item"
CKEC04WH,"Standalone — no extra item — not on LEDSone, Vintagelite listing"
CKEC05BM,"Standalone — no extra item"
CKEC05WH,"Standalone — no extra item"
CKEC06GD,"Standalone — no extra item"
CKEC07GD,"Standalone — no extra item"
CKEC08MC,"Standalone — no extra item"
CKEC09BS,"Standalone — no extra item"
CKEC10BM,"Standalone — no extra item"
CKEC11AP,"Standalone — no extra item — not on LEDSone, Vintagelite listing"
CKEC11BC,"Standalone — no extra item"
CKEC12BM,"Standalone — no extra item"
CKEC14RR,"Standalone — no extra item — not on LEDSone, Vintagelite listing"
CKEC14RRAP,"Standalone — no extra item"
CKEC15BM,"Standalone — no extra item"
CKEC16BS,"Standalone — no extra item"
CKEC17BL,"Standalone — no extra item"
CKEC17GD,"Standalone — no extra item"
CKEC21MC,"Standalone — no extra item"
CKEC23WO,"Standalone — no extra item"
CKEC24MC,"Standalone — no extra item"
CKKLBY,"Standalone — no extra item — not on LEDSone, BesBet listing"
CKKLCH,"Standalone — no extra item — not on LEDSone, BesBet listing"
CKKLYB,"Standalone — no extra item — not on LEDSone, BesBet listing"
CKMCBN,"Standalone — no extra item"
CKMIBC,"Standalone — no extra item"
CKMIBY,"Standalone — no extra item"
CKMIYB,"Standalone — no extra item"
CKOVDWRE,"Not listed on Shopify"
CKRODCSN,"Standalone — no extra item"
CKRODWRE,"Standalone — no extra item"
CKSQDWBM,"Standalone — no extra item"
CKSQDWGY,"Standalone — no extra item"
CKSQDWLG,"Standalone — no extra item"
CKSQDWRE,"Standalone — no extra item"
CKSQDWYE,"Standalone — no extra item"
CKTBACBMOW,"Standalone — no extra item"
CKTBALBMOW,"Standalone — no extra item"
CKTBAMBMOW,"Standalone — no extra item"
CKTBAMBMSW,"Standalone — no extra item"
CKTBDBBM,"Standalone — no extra item"
CKTBDCBL,"Standalone — no extra item"
CKTBDCGR,"Standalone — no extra item"
CKTBDCRE,"Standalone — no extra item"
CKTBDFBK,"Standalone — no extra item — not on LEDSone, BesBet listing"
CKTBDFLG,"Standalone — no extra item — not on LEDSone, BesBet listing"
CKTBDFPI,"Standalone — no extra item — not on LEDSone, BesBet listing"
CKTBDFRE,"Standalone — no extra item — not on LEDSone, BesBet listing"
CKTBDFYE,"Standalone — no extra item — not on LEDSone, BesBet listing"
CKTBDGBL,"Standalone — no extra item"
CKTBDRLBM,"Standalone — no extra item"
CKTBDRSBM,"Standalone — no extra item"
CKTBDWBM,"Standalone — no extra item"
CKTBDWBT,"Standalone — no extra item"
CKTBDWPI,"Standalone — no extra item"
CKTBDWRE,"Standalone — no extra item"
CKTBDWWH,"Standalone — no extra item — not on LEDSone, BesBet listing"
CKTBHCRROW,"Standalone — no extra item"
CKTBLBCO,"Standalone — no extra item"
CKTBLBFG,"Standalone — no extra item"
CKTBLBGB,"Standalone — no extra item"
CKTBLBRO,"Standalone — no extra item"
CKTBLSCH,"Standalone — no extra item"
CKTCBC,"Standalone — no extra item"
CKTCBY,"Standalone — no extra item"
CKTCFG,"Standalone — no extra item"
CKTHBUBCOW,"Standalone — no extra item — not on LEDSone, BesBet listing"
CKTHETBCOW,"Standalone — no extra item — not on LEDSone, BesBet listing"
CKTHFWBCWH,"Standalone — no extra item — not on LEDSone, BesBet listing"
CKVOBC,"Standalone — no extra item"
CKVOBY,"Standalone — no extra item"
CKVOFG,"Standalone — no extra item"
CKVORC,"Standalone — no extra item"
CKVOSW,"Standalone — no extra item"
FCB209A4BL,"Not listed on Shopify"
FCB209A4GR,"Not listed on Shopify"
FCB209A4OR,"Not listed on Shopify"
FCB209A4YE,"Not listed on Shopify"
FCBDVAP,"Sold as 3 Pack"
FCBLCA4BL,"Sold as 4 Pack"
FCBLCA4GR,"Sold as 4 Pack"
FCBLCA4OR,"Sold as 4 Pack"
FCBLCA4YE,"Sold as 4 Pack"
FCBMBA4AP,"Not listed on Shopify"
FCBMBA5AP,"Not listed on Shopify"
FCBMBA6AP,"Not listed on Shopify"
FCBMBB4AP,"Not listed on Shopify"
FCBQ324AP,"Standalone — no extra item"
FCBQ324BL,"Sold as 6 Pack"
FCBQ324GR,"Sold as 6 Pack"
FCBQ324OR,"Sold as 6 Pack"
FCBQ324PI,"Sold as 6 Pack"
FCBQ324RE,"Sold as 6 Pack"
FCBQ324YE,"Sold as 6 Pack"
FCBRBA4AP,"Standalone — no extra item — not on LEDSone, BesBet listing"
FCBRBA4BL,"Not listed on Shopify"
FCBRBA4LG,"Not listed on Shopify"
FCBRBA4RE,"Not listed on Shopify"
FCBRBA4WH,"Not listed on Shopify"
FCBRBA5AP,"Standalone — no extra item — not on LEDSone, BesBet listing"
FCBRBA5BL,"Not listed on Shopify"
FCBRBA5LG,"Not listed on Shopify"
FCBRBA5RE,"Not listed on Shopify"
FCBRBA5WH,"Not listed on Shopify"
FCBRBA6AP,"Standalone — no extra item — not on LEDSone, BesBet listing"
FCBRBA6BL,"Not listed on Shopify"
FCBRBA6LG,"Not listed on Shopify"
FCBRBA6RE,"Not listed on Shopify"
FCBRBA6WH,"Not listed on Shopify"
FCBRBFCAP,"Standalone — no extra item — not on LEDSone, BesBet listing"
FCBSBA4AP,"Not listed on Shopify"
FCBSBA4BL,"Sold as 10 Pack — not on LEDSone, BesBet listing"
FCBSBA4GR,"Sold as 10 Pack — not on LEDSone, BesBet listing"
FCBSBA4PI,"Sold as 10 Pack"
FCBSBA4WH,"Sold as 10 Pack — not on LEDSone, BesBet listing"
FCBSBA4YE,"Sold as 10 Pack — not on LEDSone, BesBet listing"
FCBSBA5AP,"Standalone — no extra item — not on LEDSone, Vintagelite listing"
FCBSBA5BL,"Sold as 10 Pack — not on LEDSone, BesBet listing"
FCBSBA5GR,"Sold as 10 Pack — not on LEDSone, BesBet listing"
FCBSBA5PI,"Not listed on Shopify"
FCBSBA5PU,"Sold as 10 Pack — not on LEDSone, BesBet listing"
FCBSBA5RE,"Sold as 10 Pack — not on LEDSone, BesBet listing"
FCBSBA5WH,"Sold as 10 Pack — not on LEDSone, BesBet listing"
FCBSBA5YE,"Sold as 10 Pack — not on LEDSone, BesBet listing"
FCBSBBP,"Sold as 4 Pack"
FCBSBGR,"Sold as 4 Pack"
FCBSBLG,"Sold as 4 Pack"
FCBSBPU,"Sold as 4 Pack"
FCBSIPL,"Not listed on Shopify"
FCBSIWO,"Standalone — no extra item"
FCBSMAP,"Standalone — no extra item — not on LEDSone, BesBet listing"
FCBSMBL,"Standalone — no extra item — not on LEDSone, BesBet listing"
FCBSMGR,"Standalone — no extra item — not on LEDSone, BesBet listing"
FCBSMGY,"Standalone — no extra item — not on LEDSone, BesBet listing"
FCBSMOR,"Standalone — no extra item — not on LEDSone, BesBet listing"
FCBSMPI,"Sold as 3 Pack"
FCBSMPU,"Standalone — no extra item — not on LEDSone, BesBet listing"
FCBSSLG,"Sold as 4 Pack"
FCBSSOR,"Sold as 4 Pack"
FCBSSPU,"Sold as 4 Pack"
FCBSSRS,"Sold as 4 Pack"
FCBSTAP,"Standalone — no extra item — not on LEDSone, BesBet listing"
FCBSTBL,"Not listed on Shopify"
FCBSTGR,"Not listed on Shopify"
FCBSTPI,"Standalone — no extra item — not on LEDSone, BesBet listing"
FCBSTPU,"Not listed on Shopify"
FCBSTWH,"Not listed on Shopify"
FCBSTYE,"Not listed on Shopify"
FWS140AP,"Not listed on Shopify"
FWS140AQ,"Standalone — no extra item — not on LEDSone, BesBet listing"
FWS140CF,"Standalone — no extra item — not on LEDSone, BesBet listing"
FWS140GY,"Standalone — no extra item — not on LEDSone, BesBet listing"
FWS140RL,"Standalone — no extra item — not on LEDSone, BesBet listing"
FWS141AP,"Not listed on Shopify"
FWS141AQ,"Standalone — no extra item — not on LEDSone, BesBet listing"
FWS141CF,"Standalone — no extra item — not on LEDSone, BesBet listing"
FWS141GY,"Standalone — no extra item — not on LEDSone, BesBet listing"
FWS141RL,"Standalone — no extra item — not on LEDSone, BesBet listing"
FWS142AP,"Not listed on Shopify"
FWS142AQ,"Standalone — no extra item — not on LEDSone, BesBet listing"
FWS142CF,"Standalone — no extra item — not on LEDSone, BesBet listing"
FWS142GY,"Standalone — no extra item — not on LEDSone, BesBet listing"
FWS142RL,"Standalone — no extra item — not on LEDSone, BesBet listing"
FWS143AP,"Not listed on Shopify"
FWS143AQ,"Standalone — no extra item — not on LEDSone, BesBet listing"
FWS143CF,"Standalone — no extra item — not on LEDSone, BesBet listing"
FWS143GY,"Standalone — no extra item — not on LEDSone, BesBet listing"
FWS143RL,"Standalone — no extra item — not on LEDSone, BesBet listing"
FWS144AP,"Not listed on Shopify"
FWS144AQ,"Standalone — no extra item — not on LEDSone, BesBet listing"
FWS144CF,"Standalone — no extra item — not on LEDSone, BesBet listing"
FWS144GY,"Standalone — no extra item — not on LEDSone, BesBet listing"
FWS144RL,"Standalone — no extra item — not on LEDSone, BesBet listing"
FWS145AP,"Not listed on Shopify"
FWS145AQ,"Standalone — no extra item — not on LEDSone, BesBet listing"
FWS145CF,"Standalone — no extra item — not on LEDSone, BesBet listing"
FWS145GY,"Standalone — no extra item — not on LEDSone, BesBet listing"
FWS145RL,"Standalone — no extra item — not on LEDSone, BesBet listing"
FWS241BM,"Standalone — no extra item"
FWS242BM,"Standalone — no extra item"
FWS243BM,"Standalone — no extra item"
FWS244BM,"Standalone — no extra item"
FWS33637LG,"Standalone — no extra item — not on LEDSone, BesBet listing"
FWS33637MG,"Standalone — no extra item — not on LEDSone, BesBet listing"
FWS33637PI,"Standalone — no extra item — not on LEDSone, BesBet listing"
FWS33839BL,"Standalone — no extra item — not on LEDSone, BesBet listing"
FWS33839LG,"Standalone — no extra item — not on LEDSone, BesBet listing"
FWS33839MG,"Standalone — no extra item — not on LEDSone, BesBet listing"
FWS33839PI,"Standalone — no extra item — not on LEDSone, BesBet listing"
FWS34041BM,"Standalone — no extra item — not on LEDSone, BesBet listing"
FWS34041PI,"Standalone — no extra item — not on LEDSone, BesBet listing"
FWS34243BM,"Standalone — no extra item — not on LEDSone, BesBet listing"
FWS34445BM,"Standalone — no extra item — not on LEDSone, BesBet listing"
FWS440BL,"Standalone — no extra item"
FWS441BL,"Standalone — no extra item"
FWS442BL,"Standalone — no extra item"
FWS443BL,"Standalone — no extra item"
FWS445BL,"Standalone — no extra item"
FWS445BM,"Standalone — no extra item"
FWS445BR,"Standalone — no extra item"
FWS540LG,"Not listed on Shopify"
FWS541LG,"Not listed on Shopify"
FWS542LG,"Not listed on Shopify"
FWS543LG,"Not listed on Shopify"
FWS544LG,"Not listed on Shopify"
FWS545LG,"Not listed on Shopify"
HBGF060MAP,"Standalone — no extra item — not on LEDSone, BesBet listing"
HBGF061MAP,"Standalone — no extra item"
HBGF090MAP,"Standalone — no extra item"
HBGF187BAP,"Standalone — no extra item — not on LEDSone, BesBet listing"
HBGF632BAP,"Standalone — no extra item"
HBGF730MAP,"Standalone — no extra item"
HBGF735SAP,"Standalone — no extra item"
HBGF741MAP,"Standalone — no extra item"
HBGF745MAP,"Standalone — no extra item"
HBGF765MAP,"Standalone — no extra item"
HBGF826LAP,"Standalone — no extra item"
HBL4PLBW,"Sold as 2 Pack"
HBL4PLGY,"Sold as 2 Pack — not on LEDSone, Vintagelite listing"
HBL4PLWH,"Sold as 2 Pack"
HBL4SMGY,"Not listed on Shopify"
HBL5P2GY,"Sold as 2 Pack"
HBL5PLGY,"Sold as 2 Pack"
HBL5PLWH,"Sold as 2 Pack"
HBL5SMBM,"Sold as 2 Pack"
HBL5SMGY,"Sold as 2 Pack — not on LEDSone, BesBet listing"
HBL5ZPLGY,"Not listed on Shopify"
HLBK30GB,"Standalone — no extra item"
HLBP128BB,"Standalone — no extra item — not on LEDSone, Electricalsone listing"
HLBP160BB,"Standalone — no extra item"
HLCH128BM,"Standalone — no extra item"
HLCH96BM,"Standalone — no extra item"
HLDH140CH,"Not listed on Shopify"
HLDH170CH,"Not listed on Shopify"
HLGH140SN,"Standalone — no extra item"
HLHD108BB,"Not listed on Shopify"
HLHD108BM,"Standalone — no extra item"
HLHD80BB,"Sold as 5 Pack"
HLHD80BM,"Sold as 5 Pack"
HLHG120CH,"Standalone — no extra item — not on LEDSone, Vintagelite listing"
HLLK100BM,"Standalone — no extra item"
HLLK60BM,"Standalone — no extra item"
HLLK75BM,"Standalone — no extra item"
HLPD185CH,"Not listed on Shopify"
HLQN42BM,"Not listed on Shopify"
HLRH90BB,"Sold as 2 Pack"
HLRK35BM,"Standalone — no extra item"
HLRK45BM,"Standalone — no extra item"
HLSC128BM,"Standalone — no extra item"
HLSC96BM,"Standalone — no extra item"
HLSP170CH,"Not listed on Shopify"
HLSP200CH,"Not listed on Shopify"
HLT196BM,"Not listed on Shopify"
HLT296BM,"Not listed on Shopify"
HLT396BM,"Sold as 5 Pack — not on LEDSone, LEDSone DE listing (not in pounds)"
HLT496BM,"Not listed on Shopify"
HLT596BM,"Standalone — no extra item"
HLT696BM,"Standalone — no extra item"
LBT1DSGR,"Standalone — no extra item — not on LEDSone, Vintagelite listing"
LBT1RBYE,"Standalone — no extra item — not on LEDSone, Vintagelite listing"
LBT1ZEYE,"Standalone — no extra item — not on LEDSone, Vintagelite listing"
LBT2PTBM,"Standalone — no extra item — not on LEDSone, Vintagelite listing"
LBT2PTWH,"Standalone — no extra item — not on LEDSone, Vintagelite listing"
LBT3500BL,"Standalone — no extra item"
LBT3500GY,"Standalone — no extra item"
LBT4BUCT,"Standalone — no extra item"
LBT5350CT,"Standalone — no extra item"
LBT5400GY,"Standalone — no extra item"
LBT5400WH,"Standalone — no extra item"
LBT6400GY,"Standalone — no extra item"
MABSFHBT,"Standalone — no extra item"
MABSFHPI,"Standalone — no extra item"
MABSFHWH,"Standalone — no extra item"
MABST1BL,"Standalone — no extra item"
MABST1CF,"Standalone — no extra item"
MABST2BR,"Standalone — no extra item"
MABST2DY,"Standalone — no extra item"
MABST2GY,"Standalone — no extra item"
MABST2RE,"Standalone — no extra item"
MADOIMT1AP,"Standalone — no extra item"
MADOIMT1BM,"Standalone — no extra item — not on LEDSone, Vintagelite listing"
MADOIMT2AP,"Standalone — no extra item"
MADOIMT2BM,"Standalone — no extra item — not on LEDSone, Vintagelite listing"
MADOIMT3AP,"Standalone — no extra item"
MADOIMT3BM,"Standalone — no extra item — not on LEDSone, Vintagelite listing"
MADOIMT4BM,"Standalone — no extra item"
MADOIMT5AP,"Standalone — no extra item"
MADOIMT5BM,"Standalone — no extra item — not on LEDSone, BesBet listing"
MADOIMT5BR,"Not listed on Shopify"
MADOIMT5GR,"Standalone — no extra item — not on LEDSone, BesBet listing"
MADOIMT5RE,"Standalone — no extra item — not on LEDSone, BesBet listing"
MADOT3BM,"Standalone — no extra item"
MADOT3GY,"Standalone — no extra item"
MADOT3LB,"Standalone — no extra item"
MADOT3PI,"Standalone — no extra item"
MADOT5CR,"Standalone — no extra item"
MADOT5GY,"Standalone — no extra item"
MADOT5PI,"Standalone — no extra item"
MBCO1016CL,"Sold as 10 Pack"
MBCO1319CL,"Sold as 10 Pack"
MBCO1627CL,"Sold as 10 Pack"
MBCO2027CL,"Sold as 10 Pack"
MBCO2538CL,"Sold as 10 Pack"
MBCO3046CL,"Sold as 10 Pack"
MBEX1730BM,"Not listed on Shopify"
MBEX1730PI,"Not listed on Shopify"
MBEX1730WH,"Not listed on Shopify"
MBEX2030BM,"Not listed on Shopify"
MBEX2030CB,"Not listed on Shopify"
MBEX2030PI,"Not listed on Shopify"
MBEX2030WH,"Not listed on Shopify"
MBEX2535BM,"Not listed on Shopify"
MBEX2535PU,"Not listed on Shopify"
MBEX2535WH,"Not listed on Shopify"
MBEX2842BM,"Not listed on Shopify"
MBEX2842CB,"Not listed on Shopify"
MBEX2842LG,"Not listed on Shopify"
MBEX2842PI,"Not listed on Shopify"
MBEX2842WH,"Not listed on Shopify"
MBEX3245BM,"Not listed on Shopify"
MBEX3245CB,"Not listed on Shopify"
MBEX3245LG,"Not listed on Shopify"
MBEX3245PI,"Not listed on Shopify"
MBEX3245WH,"Not listed on Shopify"
MBEX3245YE,"Not listed on Shopify"
MBEX3545BM,"Not listed on Shopify"
MBEX3545CB,"Not listed on Shopify"
MBEX3545LG,"Not listed on Shopify"
MBEX3545PI,"Not listed on Shopify"
MBEX3545PU,"Not listed on Shopify"
MBEX3545WH,"Not listed on Shopify"
MBEX4055BM,"Not listed on Shopify"
MBEX4055CB,"Not listed on Shopify"
MBEX4055PI,"Not listed on Shopify"
MBEX4055WH,"Not listed on Shopify"
MBEX4560BM,"Not listed on Shopify"
MBEX4560WH,"Not listed on Shopify"
MBEX5570BM,"Not listed on Shopify"
MBEX6080BM,"Not listed on Shopify"
MBEX6080WH,"Not listed on Shopify"
MBEX7090BM,"Not listed on Shopify"
MBWHBLL,"Not listed on Shopify"
MBWHBMI,"Not listed on Shopify"
MBWHBSL,"Not listed on Shopify"
MBWHLO2025CL,"Not listed on Shopify"
MBWHLO4055CL,"Not listed on Shopify"
MBWHST45CL,"Not listed on Shopify"
MBZL107CL,"Not listed on Shopify"
MBZL128CL,"Not listed on Shopify"
MBZL1510CL,"Not listed on Shopify"
MBZL1712CL,"Not listed on Shopify"
MBZL64CL,"Not listed on Shopify"
MBZL86CL,"Not listed on Shopify"
PMSJ00613YE,"Standalone — no extra item"
PMSJ0063BIV,"Standalone — no extra item"
PMSJ0063BWH,"Standalone — no extra item"
PMSJ0063BYK,"Standalone — no extra item"
PMSJ00713BM,"Standalone — no extra item"
PMSJ0073BBM,"Standalone — no extra item"
PMSJ0073BPI,"Standalone — no extra item"
PMSJ00813GY,"Standalone — no extra item"
PMSJ0083BGY,"Standalone — no extra item"
PMSJ14X10BM,"Standalone — no extra item"
SBF0280IF,"Standalone — no extra item — not on LEDSone, BesBet listing"
SBF6250WH,"Standalone — no extra item — not on LEDSone, BesBet listing"
SSGLLG,"Not listed on Shopify"
SSGLRD,"Not listed on Shopify"
SSPBRB,"Standalone — no extra item"
SSPBRE,"Standalone — no extra item"
SSPGWH,"Not listed on Shopify"
SSSAGLCL,"Not listed on Shopify"
SSSFGLCL,"Sold as 3 Pack"
SUAB027JMPI,"Standalone — no extra item"
SUAB027JMWH,"Standalone — no extra item"
SUAB812P1AP,"Standalone — no extra item"
SUAB812P3AP,"Standalone — no extra item"
TC2607S1P1,"Standalone — no extra item"
TCHQ110P1,"Standalone — no extra item"
TCHQ110P2,"Standalone — no extra item"
TCHQ110P3,"Standalone — no extra item"
TCHQ110P4,"Standalone — no extra item"
TCHQ110P5,"Standalone — no extra item"
TCHQ230P1,"Standalone — no extra item — not on LEDSone, BesBet listing"
TCHQ230P2,"Standalone — no extra item — not on LEDSone, BesBet listing"
TCHQ230P3,"Standalone — no extra item — not on LEDSone, BesBet listing"
TCHQ230P4,"Standalone — no extra item — not on LEDSone, BesBet listing"
TCHQ230P5,"Standalone — no extra item — not on LEDSone, BesBet listing"
TCTE06S1P1,"Standalone — no extra item"
TCTE06S1P2,"Standalone — no extra item"
TCTE06S1P3,"Standalone — no extra item"
TCTE06S1P4,"Standalone — no extra item"
TCTE06S1P5,"Standalone — no extra item"
TCTE06S1P6,"Standalone — no extra item"
TCTE06S2P2,"Standalone — no extra item — not on LEDSone, BesBet listing"
TCTE06S2P3,"Standalone — no extra item — not on LEDSone, BesBet listing"
TCTE06S2P4,"Standalone — no extra item — not on LEDSone, BesBet listing"
TCTE06S2P5,"Standalone — no extra item — not on LEDSone, BesBet listing"
TCTE06S2P6,"Standalone — no extra item — not on LEDSone, BesBet listing"
TCTE06S3P7,"Standalone — no extra item"
TCTE06S3P8,"Standalone — no extra item"
TCTE06S3P9,"Standalone — no extra item"
TCTE06S4P10,"Standalone — no extra item — not on LEDSone, BesBet listing"
TCTE06S4P11,"Not listed on Shopify"
TCTE06S4P12,"Standalone — no extra item — not on LEDSone, BesBet listing"
TCTE06S4P3,"Standalone — no extra item — not on LEDSone, BesBet listing"
TCTE06S4P4,"Standalone — no extra item — not on LEDSone, BesBet listing"
TCTE06S4P5,"Standalone — no extra item — not on LEDSone, BesBet listing"
TCTE06S4P6,"Standalone — no extra item — not on LEDSone, BesBet listing"
TCTE06S5P1,"Standalone — no extra item — not on LEDSone, BesBet listing"
TCTE06S5P10,"Standalone — no extra item — not on LEDSone, BesBet listing"
TCTE06S5P12,"Standalone — no extra item — not on LEDSone, BesBet listing"
TCTE06S5P7,"Standalone — no extra item — not on LEDSone, BesBet listing"
TCTE06S5P8,"Standalone — no extra item — not on LEDSone, BesBet listing"
TCTE06S5P9,"Standalone — no extra item — not on LEDSone, BesBet listing"
TCTEGRS1BL,"Standalone — no extra item"
TCTEGRS1GW,"Standalone — no extra item"
TCTEGRS1PI,"Standalone — no extra item"
TCTEGRS1WH,"Standalone — no extra item"
TCTEGRS1YE,"Standalone — no extra item"
TCTEGRS2GW,"Standalone — no extra item — not on LEDSone, BesBet listing"
TCTEGRS2PI,"Standalone — no extra item — not on LEDSone, BesBet listing"
TCTEGRS2WH,"Standalone — no extra item — not on LEDSone, BesBet listing"
TCTEGRS2YE,"Standalone — no extra item — not on LEDSone, BesBet listing"
TCTEGRS3GW,"Standalone — no extra item"
TCTEGRS3RW,"Standalone — no extra item"
TCTEGRS5GW,"Standalone — no extra item — not on LEDSone, BesBet listing"
TCTEGRS5PI,"Standalone — no extra item — not on LEDSone, BesBet listing"
TCTEGRS5RW,"Standalone — no extra item — not on LEDSone, BesBet listing"
TCTEGRS5WH,"Standalone — no extra item — not on LEDSone, BesBet listing"
TCTEGRS5YE,"Standalone — no extra item — not on LEDSone, BesBet listing"
WBERT29AP,"Standalone — no extra item"
WBERT29BL,"Standalone — no extra item — not on LEDSone, BesBet listing"
WBERT29GR,"Standalone — no extra item — not on LEDSone, BesBet listing"
WBERT29RE,"Standalone — no extra item — not on LEDSone, BesBet listing"
WBERT29YE,"Standalone — no extra item — not on LEDSone, BesBet listing"
WBLP2030WH,"Standalone — no extra item — not on LEDSone, Vintagelite listing"
WBLP2535WH,"Standalone — no extra item — not on LEDSone, Vintagelite listing"
WBLP3040WH,"Standalone — no extra item — not on LEDSone, Vintagelite listing"
WBLP3550WH,"Standalone — no extra item — not on LEDSone, Vintagelite listing"
WBMC4060WH,"Standalone — no extra item"
WBMC5070WH,"Standalone — no extra item"
WBMC6090WH,"Standalone — no extra item"
WBMG2030WH,"Standalone — no extra item"
WBMG2535WH,"Standalone — no extra item"
WBMG3040WH,"Standalone — no extra item"
WBMG3545WH,"Standalone — no extra item"
WBMG3550WH,"Standalone — no extra item"
WBTW6090WH,"Standalone — no extra item"
WBTW70100WH,"Standalone — no extra item"
WKADLDBM,"Standalone — no extra item — not on LEDSone, Vintagelite listing"
WKADSTBR,"Standalone — no extra item — not on LEDSone, Vintagelite listing"
WMB2017BP2,"Standalone — no extra item"
WMBS1WO,"Standalone — no extra item"
WMS1512BFLBP,"Standalone — no extra item"
WMS1512BFTYE,"Not listed on Shopify"
WMS1512BPRLG,"Standalone — no extra item"
WMS2003A1AP,"Standalone — no extra item"
WMS2003A1LM,"Not listed on Shopify"
WMS2003A1OR,"Not listed on Shopify"
WMS2003A31,"Standalone — no extra item"
WMS2003A32,"Standalone — no extra item"
WMS2003A33,"Standalone — no extra item"
WMS2003AGL,"Standalone — no extra item"
WMS2015KBL,"Standalone — no extra item"
WMS2015KBY,"Not listed on Shopify"
WMS2015KGY,"Standalone — no extra item"
WMS2015KWH,"Standalone — no extra item"
WMS2017BBL,"Standalone — no extra item"
WMS2017BBM,"Standalone — no extra item"
WMS2017BGY,"Standalone — no extra item"
WMYX2021BW,"Standalone — no extra item — not on LEDSone, Vintagelite listing"
WMYX2021LG,"Standalone — no extra item — not on LEDSone, Vintagelite listing"
RBCL3TWH,"Not listed on Shopify"
RBCRFF500BM,"Not listed on Shopify"
RBCRFF500CH,"Not listed on Shopify"
RBCRSF100BM,"Not listed on Shopify"
RBCRSF100SN,"Not listed on Shopify"
RBCRSF2003BM,"Not listed on Shopify"
RBCRSF2003BS,"Not listed on Shopify"
RBCRSF2003CH,"Not listed on Shopify"
RBCRSF2003CO,"Not listed on Shopify"
RBCRSF2003FG,"Not listed on Shopify"
RBCRSF2003GB,"Not listed on Shopify"
RBCRSF2003RO,"Not listed on Shopify"
RBCRSF2003SN,"Not listed on Shopify"
RBCRSFR80RO,"Not listed on Shopify"
RBLHBBE27CO,"Not listed on Shopify"
RBLHBHE27BA,"Not listed on Shopify"
RBLHS9E27YB,"Not listed on Shopify"
RBLHTHE27CO,"Not listed on Shopify"
RBLSBS160BL,"Not listed on Shopify"
RBLSBS160BM,"Not listed on Shopify"
RBLSBS160BU,"Not listed on Shopify"
RBLSBS160BY,"Not listed on Shopify"
RBLSBS160CB,"Not listed on Shopify"
RBLSBS160GR,"Not listed on Shopify"
RBLSBS160GY,"Not listed on Shopify"
RBLSBS160NB,"Not listed on Shopify"
RBLSBS160OR,"Not listed on Shopify"
RBLSBS160RE,"Not listed on Shopify"
RBLSBS160WH,"Not listed on Shopify"
RBLSBS160YE,"Not listed on Shopify"
RBLSBY600BM,"Not listed on Shopify"
RBLSCG185AR,"Not listed on Shopify"
RBLSCO335DG,"Not listed on Shopify"
RBLSCO335GY,"Not listed on Shopify"
RBLSCO335WH,"Not listed on Shopify"
RBLSCP150BA,"Not listed on Shopify"
RBLSCP150BD,"Not listed on Shopify"
RBLSCP150BL,"Not listed on Shopify"
RBLSCP150GY,"Not listed on Shopify"
RBLSCP150OR,"Not listed on Shopify"
RBLSCP150PI,"Not listed on Shopify"
RBLSCP150RE,"Not listed on Shopify"
RBLSCP150YE,"Not listed on Shopify"
RBLSCY210BC,"Not listed on Shopify"
RBLSCY210BG,"Combined with Universal Reducer Plate E27 to B22 (RPR44WH)"
RBLSCY210BM,"Combined with Universal Reducer Plate E27 to B22 (RPR44WH)"
RBLSCY210BS,"Not listed on Shopify"
RBLSCY290AT,"Not listed on Shopify"
RBLSCY290BB,"Not listed on Shopify"
RBLSCY290BC,"Not listed on Shopify"
RBLSCY290BG,"Not listed on Shopify"
RBLSCY290BI,"Not listed on Shopify"
RBLSCY290BL,"Not listed on Shopify"
RBLSCY290BM,"Combined with Universal Reducer Plate E27 to B22 (RPR44WH)"
RBLSCY290BS,"Not listed on Shopify"
RBLSCY290BT,"Not listed on Shopify"
RBLSCY290BU,"Not listed on Shopify"
RBLSCY290CB,"Not listed on Shopify"
RBLSCY290CH,"Combined with Universal Reducer Plate E27 to B22 (RPR44WH)"
RBLSCY290CO,"Combined with Universal Reducer Plate E27 to B22 (RPR44WH)"
RBLSCY290CY,"Not listed on Shopify"
RBLSCY290GB,"Not listed on Shopify"
RBLSCY290GC,"Not listed on Shopify"
RBLSCY290GR,"Not listed on Shopify"
RBLSCY290GY,"Not listed on Shopify"
RBLSCY290NB,"Combined with Universal Reducer Plate E27 to B22 (RPR44WH)"
RBLSCY290OR,"Not listed on Shopify"
RBLSCY290RE,"Not listed on Shopify"
RBLSCY290RO,"Not listed on Shopify"
RBLSCY290RR,"Not listed on Shopify"
RBLSCY290SN,"Not listed on Shopify"
RBLSCY290WH,"Not listed on Shopify"
RBLSCY290YB,"Combined with Universal Reducer Plate E27 to B22 (RPR44WH)"
RBLSCY290YE,"Not listed on Shopify"
RBLSDF135BM,"Not listed on Shopify"
RBLSDG220BG,"Not listed on Shopify"
RBLSDG220WI,"Not listed on Shopify"
RBLSDM220CH,"Not listed on Shopify"
RBLSDM220CO,"Combined with Universal Reducer Plate E27 to B22 (RPR44WH)"
RBLSDM220FG,"Not listed on Shopify"
RBLSDM220GB,"Combined with Universal Reducer Plate E27 to B22 (RPR44WH)"
RBLSDM220GS,"Combined with Universal Reducer Plate E27 to B22 (RPR44WH)"
RBLSDM220RO,"Not listed on Shopify"
RBLSDM220SN,"Combined with Universal Reducer Plate E27 to B22 (RPR44WH)"
RBLSDM220YB,"Combined with Universal Reducer Plate E27 to B22 (RPR44WH)"
RBLSDM22CH,"Not listed on Shopify"
RBLSDO210BB,"Not listed on Shopify"
RBLSDO210BC,"Not listed on Shopify"
RBLSDO210BG,"Combined with Universal Reducer Plate E27 to B22 (RPR44WH)"
RBLSDO210BI,"Not listed on Shopify"
RBLSDO210BL,"Not listed on Shopify"
RBLSDO210BM,"Combined with Universal Reducer Plate E27 to B22 (RPR44WH)"
RBLSDO210BS,"Not listed on Shopify"
RBLSDO210CB,"Not listed on Shopify"
RBLSDO210CO,"Not listed on Shopify"
RBLSDO210GR,"Not listed on Shopify"
RBLSDO210GY,"Not listed on Shopify"
RBLSDO210NB,"Combined with Universal Reducer Plate E27 to B22 (RPR44WH)"
RBLSDO210OR,"Not listed on Shopify"
RBLSDO210RE,"Combined with Universal Reducer Plate E27 to B22 (RPR44WH)"
RBLSDO210RR,"Not listed on Shopify"
RBLSDO210WH,"Not listed on Shopify"
RBLSDO210YE,"Not listed on Shopify"
RBLSDO300BI  ,"Not listed on Shopify"
RBLSDO300BM,"Not listed on Shopify"
RBLSDO300BU,"Not listed on Shopify"
RBLSDO300CB,"Not listed on Shopify"
RBLSDO300CO,"Not listed on Shopify"
RBLSDO300GY,"Not listed on Shopify"
RBLSDO300NB,"Not listed on Shopify"
RBLSDO300OR,"Not listed on Shopify"
RBLSDO300RE,"Not listed on Shopify"
RBLSDO300RO,"Not listed on Shopify"
RBLSDO300SN,"Not listed on Shopify"
RBLSDO300WH,"Not listed on Shopify"
RBLSDO300YB,"Not listed on Shopify"
RBLSDO400BI,"Not listed on Shopify"
RBLSDO400BM,"Not listed on Shopify"
RBLSDO400BT,"Not listed on Shopify"
RBLSDO400BY,"Not listed on Shopify"
RBLSDO400CB,"Not listed on Shopify"
RBLSDO400GY,"Not listed on Shopify"
RBLSDO400NB,"Not listed on Shopify"
RBLSDO400OR,"Not listed on Shopify"
RBLSDO400RE,"Not listed on Shopify"
RBLSDO400WH,"Not listed on Shopify"
RBLSDO400YE,"Not listed on Shopify"
RBLSDT130BM,"Not listed on Shopify"
RBLSEL400BM,"Not listed on Shopify"
RBLSEL400GR,"Not listed on Shopify"
RBLSEL400GY,"Not listed on Shopify"
RBLSEL400YE,"Not listed on Shopify"
RBLSFT220BB,"Not listed on Shopify"
RBLSFT220BC,"Not listed on Shopify"
RBLSFT220BG,"Combined with Universal Reducer Plate E27 to B22 (RPR44WH)"
RBLSFT220BI,"Not listed on Shopify"
RBLSFT220BL,"Not listed on Shopify"
RBLSFT220BM,"Combined with Universal Reducer Plate E27 to B22 (RPR44WH)"
RBLSFT220BR,"Not listed on Shopify"
RBLSFT220BS,"Not listed on Shopify"
RBLSFT220BU,"Not listed on Shopify"
RBLSFT220BY,"Not listed on Shopify"
RBLSFT220CH,"Not listed on Shopify"
RBLSFT220CO,"Combined with Copper Vintage Ceiling Rose (CRSF100CO) and E27 Retro Industrial Pendant Fitting (PHRI1PBRCO)"
RBLSFT220FG,"Not listed on Shopify"
RBLSFT220GB,"Not listed on Shopify"
RBLSFT220GR,"Not listed on Shopify"
RBLSFT220GS,"Combined with Universal Reducer Plate E27 to B22 (RPR44WH)"
RBLSFT220GY,"Not listed on Shopify"
RBLSFT220NB,"Not listed on Shopify"
RBLSFT220OR,"Not listed on Shopify"
RBLSFT220PI,"Not listed on Shopify"
RBLSFT220RE,"Combined with Universal Reducer Plate E27 to B22 (RPR44WH)"
RBLSFT220RO,"Combined with Black Vintage Ceiling Rose (CRSF100BM) and E27 Retro Industrial Pendant Fitting (PHRI1PBRRO)"
RBLSFT220RR,"Not listed on Shopify"
RBLSFT220SN,"Combined with Satin Nickel Vintage Ceiling Rose (CRSF100SN) and E27 Retro Industrial Pendant Fitting (PHRI1PCRSN)"
RBLSFT220WH,"Not listed on Shopify"
RBLSFT220YB,"Combined with Universal Reducer Plate E27 to B22 (RPR44WH)"
RBLSFT220YE,"Not listed on Shopify"
RBLSFT320BM,"Not listed on Shopify"
RBLSFT320WH,"Not listed on Shopify"
RBLSGP350WI,"Not listed on Shopify"
RBLSHH240BB,"Not listed on Shopify"
RBLSHH240BC,"Not listed on Shopify"
RBLSHH240BM,"Not listed on Shopify"
RBLSHM400HE,"Not listed on Shopify"
RBLSHQ150BM,"Not listed on Shopify"
RBLSHQ150CB,"Not listed on Shopify"
RBLSHQ150GR,"Not listed on Shopify"
RBLSHQ150GY,"Not listed on Shopify"
RBLSHQ150PI,"Not listed on Shopify"
RBLSHQ150RE,"Not listed on Shopify"
RBLSHQ150YE,"Not listed on Shopify"
RBLSHQ180BG,"Not listed on Shopify"
RBLSHQ180BM,"Not listed on Shopify"
RBLSLC180BM,"Not listed on Shopify"
RBLSLC180BS,"Not listed on Shopify"
RBLSLG190BG,"Not listed on Shopify"
RBLSLT360BI,"Not listed on Shopify"
RBLSLT360BM,"Not listed on Shopify"
RBLSLT360BT,"Not listed on Shopify"
RBLSLT360BU,"Not listed on Shopify"
RBLSLT360CB,"Not listed on Shopify"
RBLSLT360GR,"Not listed on Shopify"
RBLSLT360GY,"Not listed on Shopify"
RBLSLT360OR,"Not listed on Shopify"
RBLSLT360RE,"Not listed on Shopify"
RBLSLT360WH,"Not listed on Shopify"
RBLSLT360YE,"Not listed on Shopify"
RBLSMS320BI,"Not listed on Shopify"
RBLSMS320BM,"Not listed on Shopify"
RBLSMS320BT,"Not listed on Shopify"
RBLSMS320BU,"Not listed on Shopify"
RBLSMS320CB,"Not listed on Shopify"
RBLSMS320GR,"Not listed on Shopify"
RBLSMS320GY,"Not listed on Shopify"
RBLSMS320NB,"Not listed on Shopify"
RBLSMS320OR,"Not listed on Shopify"
RBLSMS320RE,"Not listed on Shopify"
RBLSMS320WH,"Not listed on Shopify"
RBLSMS320YE,"Not listed on Shopify"
RBLSOL180BG,"Not listed on Shopify"
RBLSOL180BM,"Not listed on Shopify"
RBLSOL220CH,"Not listed on Shopify"
RBLSOL220CO,"Not listed on Shopify"
RBLSOL220GB,"Not listed on Shopify"
RBLSOL220RO,"Not listed on Shopify"
RBLSOL220SN,"Not listed on Shopify"
RBLSOL220YB,"Not listed on Shopify"
RBLSRP260CH,"Not listed on Shopify"
RBLSRP260CO,"Not listed on Shopify"
RBLSRP260GB,"Not listed on Shopify"
RBLSRP260SN,"Not listed on Shopify"
RBLSRP260YB,"Not listed on Shopify"
RBLSSS300BC,"Not listed on Shopify"
RBLSSS300BG,"Not listed on Shopify"
RBLSSS300BI,"Not listed on Shopify"
RBLSSS300BL,"Not listed on Shopify"
RBLSSS300BM,"Not listed on Shopify"
RBLSSS300BS,"Not listed on Shopify"
RBLSSS300BU,"Not listed on Shopify"
RBLSSS300CH,"Not listed on Shopify"
RBLSSS300CO,"Not listed on Shopify"
RBLSSS300GB,"Not listed on Shopify"
RBLSSS300GR,"Not listed on Shopify"
RBLSSS300GY,"Not listed on Shopify"
RBLSSS300NB,"Not listed on Shopify"
RBLSSS300OR,"Not listed on Shopify"
RBLSSS300PI,"Not listed on Shopify"
RBLSSS300RE,"Not listed on Shopify"
RBLSSS300RO,"Not listed on Shopify"
RBLSSS300RR,"Not listed on Shopify"
RBLSSS300SN,"Not listed on Shopify"
RBLSSS300WH,"Not listed on Shopify"
RBLSSS300YB,"Not listed on Shopify"
RBLSSS300YE,"Not listed on Shopify"
RBLSTF400BM,"Not listed on Shopify"
RBLSTF400YE,"Not listed on Shopify"
RBLSTF40BG,"Not listed on Shopify"
RBLSTF40BM,"Standalone — no extra item"
RBLSTF40CO,"Not listed on Shopify"
RBLSTF40GB,"Standalone — no extra item"
RBLSTF40SN,"Standalone — no extra item"
RBLSTF40YB,"Standalone — no extra item"
RBLSUL220BB,"Not listed on Shopify"
RBLSUL220BC,"Not listed on Shopify"
RBLSUL220BM,"Not listed on Shopify"
RBLSUL220BS,"Not listed on Shopify"
RBLSWD360BC,"Not listed on Shopify"
RBLSWD360BM,"Not listed on Shopify"
RBLSWD360BS,"Not listed on Shopify"
RBLSWE315BL,"Not listed on Shopify"
RBLSWE315BM,"Standalone — no extra item"
RBLSWE315BU,"Not listed on Shopify"
RBLSWE315BY,"Not listed on Shopify"
RBLSWE315CB,"Not listed on Shopify"
RBLSWE315DG,"Not listed on Shopify"
RBLSWE315GR,"Not listed on Shopify"
RBLSWE315GY,"Standalone — no extra item"
RBLSWE315OR,"Not listed on Shopify"
RBLSWE315RE,"Not listed on Shopify"
RBLSWE315WH,"Not listed on Shopify"
RBLSWE315YE,"Not listed on Shopify"
RBLSWG135SN,"Not listed on Shopify"
RBLSWG135YB ,"Not listed on Shopify"
RBLSYG410BI,"Not listed on Shopify"
RBLSYG410BM,"Not listed on Shopify"
RBLSYG410GY,"Not listed on Shopify"
RBLSYG410YE,"Not listed on Shopify"
RBPHBA1BMRBM,"Not listed on Shopify"
RBPHGP1PBRBM,"Not listed on Shopify"
RBPHHT1PBRRO,"Not listed on Shopify"
RBPHLSDG220BG,"Not listed on Shopify"
RBPHLSDG22WI,"Not listed on Shopify"
RBPHLSGP350WI,"Not listed on Shopify"
RBPHSF1BMRBM,"Not listed on Shopify"
RBPHSF1BRTCO,"Not listed on Shopify"
RBPHSF1PWR20WH,"Not listed on Shopify"
RBPHSF2BMTYB,"Not listed on Shopify"
RBPHSH1PBRYB,"Not listed on Shopify"
RBPLTFBC,"Not listed on Shopify"
RBSCRN70BM,"Not listed on Shopify"
RBSPWRBM,"Not listed on Shopify"
RBWCB1BM,"Not listed on Shopify"
RBWCB1BS,"Not listed on Shopify"
RBWCB1WH,"Not listed on Shopify"
RBWCB2BM,"Not listed on Shopify"
RBWCB3WH,"Not listed on Shopify"
RBWCB4BC,"Not listed on Shopify"
RBWCB4BM,"Not listed on Shopify"
RBWCB4BS,"Not listed on Shopify"
RBWCB4WH,"Not listed on Shopify"
RBWCB5BM,"Not listed on Shopify"
RBWCB5BS,"Not listed on Shopify"
RBWCB5RR,"Not listed on Shopify"
RBWCB6BB,"Not listed on Shopify"
RBWCB6BC,"Not listed on Shopify"
RBWCB6BM,"Not listed on Shopify"
RBWCB6BS,"Not listed on Shopify"
RBWCB6RR,"Not listed on Shopify"
RBWCB6WH,"Not listed on Shopify"
RBWCB7BB,"Not listed on Shopify"
RBWCB7BC,"Not listed on Shopify"
RBWCB7BM,"Not listed on Shopify"
RBWCB7BS,"Not listed on Shopify"
RBWCB7WH,"Not listed on Shopify"
RBWCBCBC,"Not listed on Shopify"
RBWCBCBM,"Standalone — no extra item"
RBWCBLBM,"Not listed on Shopify"
RBWCBNBC,"Not listed on Shopify"
RBWCBNBM,"Not listed on Shopify"
RBWCBNCH,"Not listed on Shopify"
RBWCBNFG,"Not listed on Shopify"
RBWCBNGD,"Standalone — no extra item"
RBWCBNRR,"Not listed on Shopify"
RBWCBNYB,"Not listed on Shopify"
RBWCCYROBM,"Not listed on Shopify"
RBWCDC10RO,"Not listed on Shopify"
RBWCDCBM,"Not listed on Shopify"
RBWCDSBM,"Not listed on Shopify"
RBWCDTGD,"Not listed on Shopify"
RBWCDTGR,"Not listed on Shopify"
RBWCDTRO,"Standalone — no extra item"
RBWCDTWH,"Not listed on Shopify"
RBWCDTYE,"Standalone — no extra item"
RBWCFSDCBM,"Not listed on Shopify"
RBWCGSGD,"Not listed on Shopify"
RBWCGSRE,"Not listed on Shopify"
RBWCHEBM,"Not listed on Shopify"
RBWCLNBM,"Not listed on Shopify"
RBWCLRBM,"Not listed on Shopify"
RBWCLSBM,"Not listed on Shopify"
RBWCLTBM,"Not listed on Shopify"
RBWCNCYE,"Not listed on Shopify"
RBWCSCBM,"Standalone — no extra item"
RBWCSDBM,"Not listed on Shopify"
RBWCSEBM,"Not listed on Shopify"
RBWCSLRO,"Not listed on Shopify"
RBWCSRBM,"Not listed on Shopify"
RBWCSTBM,"Not listed on Shopify"
RBWCTCBM,"Not listed on Shopify"
RBWCVCBC,"Not listed on Shopify"
RBWCVCWH,"Not listed on Shopify"
RBWCWBBM,"Standalone — no extra item"
RBWCWDBM,"Not listed on Shopify"
RBWLHSBMCY18,"Not listed on Shopify"
RBWSCH135GR,"Not listed on Shopify"
RBWSCH135PI,"Not listed on Shopify"
RBWSFS1BMYB,"Not listed on Shopify"
RBWSNW170CO,"Not listed on Shopify"
RBWSST70BM,"Not listed on Shopify"
RBWSWMWH,"Not listed on Shopify"
